lance,seed,minuto,tipo,formacoes,estilos,classificacao_automatica,sinal,status_final,sistema,funcao,causa_raiz,etapa,evidencia
1,15001,3.0,tactical_snapshot,4-3-1-2 x 4-3-3,counter x balanced,P0_SUSPEITA,velocidade,CONFIRMADO_P1,movimento,commitMovement + guarda global (29-r12:85 e :90),"A guarda de frame permite `maxSpd*dt*1.28 + 0.20` por passo. A 7 m/s e dt=1/30 isso autoriza 0,499 m/passo = 14,9 m/s = 2,14× maxSpd. O teto efetivo do motor é o dobro do atributo do jogador, então `maxSpd` não é limite de velocidade — é sugestão.",§32 física,max_speed_ratio = 1.480× maxSpd (reconferido no estado bruto)
1,15001,3.0,tactical_snapshot,4-3-1-2 x 4-3-3,counter x balanced,P0_SUSPEITA,invasao_lateral,FALSO_POSITIVO,—,—,"Defeito de MEDIÇÃO do coletor, não do motor. A régua usa `y` absoluto igual para os dois times (script:141-142), mas os lados são espelhados por equipe — medido no estado bruto: LB do time 0 tem hy=0,110 e LB do time 1 tem hy=0,785. Todo ala de um dos times é marcado NA PRÓPRIA POSIÇÃO-BASE. Sobre os 120 lances a régua do coletor marca 48,95% das amostras (≈ um time inteiro de alas); a régua relativa à base mede 96,31% de respeito ao lado.",§26 respeito aos lados,lado respeitado neste lance = 1.0000 (coletor dizia invasão em 100% dos quadros)
2,15001,16.0,tackle_missed,4-3-1-2 x 4-3-3,counter x balanced,P1_SUSPEITA,invasao_lateral,FALSO_POSITIVO,—,—,"Defeito de MEDIÇÃO do coletor, não do motor. A régua usa `y` absoluto igual para os dois times (script:141-142), mas os lados são espelhados por equipe — medido no estado bruto: LB do time 0 tem hy=0,110 e LB do time 1 tem hy=0,785. Todo ala de um dos times é marcado NA PRÓPRIA POSIÇÃO-BASE. Sobre os 120 lances a régua do coletor marca 48,95% das amostras (≈ um time inteiro de alas); a régua relativa à base mede 96,31% de respeito ao lado.",§26 respeito aos lados,lado respeitado neste lance = 1.0000 (coletor dizia invasão em 100% dos quadros)
2,15001,16.0,tackle_missed,4-3-1-2 x 4-3-3,counter x balanced,P1_SUSPEITA,ameaca_sem_marcador,CONFIRMADO_P0,defesa,_defendTarget ramo _markRef (30-r13-football-observer.js:561),"Cobertura de ameaça medida em 0,618 sobre 294 partidas (limite 0,65). As cinco tentativas de parâmetro registradas no handoff não moveram a métrica (travada em 0,68–0,71): o gargalo é o CÁLCULO da posição de marcação, não o ajuste. `_defendTarget` decide 27,4% das posições defensivas pelo ramo `_markRef`.",§30 defesa coletiva,persistent_uncovered = 0.92
3,15001,31.0,tactical_snapshot,4-3-1-2 x 4-3-3,counter x balanced,P0_SUSPEITA,velocidade,CONFIRMADO_P1,movimento,commitMovement + guarda global (29-r12:85 e :90),"A guarda de frame permite `maxSpd*dt*1.28 + 0.20` por passo. A 7 m/s e dt=1/30 isso autoriza 0,499 m/passo = 14,9 m/s = 2,14× maxSpd. O teto efetivo do motor é o dobro do atributo do jogador, então `maxSpd` não é limite de velocidade — é sugestão.",§32 física,max_speed_ratio = 1.264× maxSpd (reconferido no estado bruto)
3,15001,31.0,tactical_snapshot,4-3-1-2 x 4-3-3,counter x balanced,P0_SUSPEITA,invasao_lateral,FALSO_POSITIVO,—,—,"Defeito de MEDIÇÃO do coletor, não do motor. A régua usa `y` absoluto igual para os dois times (script:141-142), mas os lados são espelhados por equipe — medido no estado bruto: LB do time 0 tem hy=0,110 e LB do time 1 tem hy=0,785. Todo ala de um dos times é marcado NA PRÓPRIA POSIÇÃO-BASE. Sobre os 120 lances a régua do coletor marca 48,95% das amostras (≈ um time inteiro de alas); a régua relativa à base mede 96,31% de respeito ao lado.",§26 respeito aos lados,lado respeitado neste lance = 1.0000 (coletor dizia invasão em 100% dos quadros)
4,15001,45.0,dribble,4-3-1-2 x 4-3-3,counter x balanced,P0_SUSPEITA,teleporte,FALSO_POSITIVO,—,—,Troca de lado na virada do intervalo — deslocamento legítimo.,—,"16 saltos, todos com mudança de tempo ou em 44–47,5'"
4,15001,45.0,dribble,4-3-1-2 x 4-3-3,counter x balanced,P0_SUSPEITA,invasao_lateral,FALSO_POSITIVO,—,—,"Defeito de MEDIÇÃO do coletor, não do motor. A régua usa `y` absoluto igual para os dois times (script:141-142), mas os lados são espelhados por equipe — medido no estado bruto: LB do time 0 tem hy=0,110 e LB do time 1 tem hy=0,785. Todo ala de um dos times é marcado NA PRÓPRIA POSIÇÃO-BASE. Sobre os 120 lances a régua do coletor marca 48,95% das amostras (≈ um time inteiro de alas); a régua relativa à base mede 96,31% de respeito ao lado.",§26 respeito aos lados,lado respeitado neste lance = 1.0000 (coletor dizia invasão em 100% dos quadros)
4,15001,45.0,dribble,4-3-1-2 x 4-3-3,counter x balanced,P0_SUSPEITA,ameaca_sem_marcador,CONFIRMADO_P0,defesa,_defendTarget ramo _markRef (30-r13-football-observer.js:561),"Cobertura de ameaça medida em 0,618 sobre 294 partidas (limite 0,65). As cinco tentativas de parâmetro registradas no handoff não moveram a métrica (travada em 0,68–0,71): o gargalo é o CÁLCULO da posição de marcação, não o ajuste. `_defendTarget` decide 27,4% das posições defensivas pelo ramo `_markRef`.",§30 defesa coletiva,persistent_uncovered = 1.00
5,15001,63.0,tactical_snapshot,4-3-1-2 x 4-3-3,counter x balanced,P0_SUSPEITA,velocidade,CONFIRMADO_P1,movimento,commitMovement + guarda global (29-r12:85 e :90),"A guarda de frame permite `maxSpd*dt*1.28 + 0.20` por passo. A 7 m/s e dt=1/30 isso autoriza 0,499 m/passo = 14,9 m/s = 2,14× maxSpd. O teto efetivo do motor é o dobro do atributo do jogador, então `maxSpd` não é limite de velocidade — é sugestão.",§32 física,max_speed_ratio = 1.249× maxSpd (reconferido no estado bruto)
5,15001,63.0,tactical_snapshot,4-3-1-2 x 4-3-3,counter x balanced,P0_SUSPEITA,invasao_lateral,FALSO_POSITIVO,—,—,"Defeito de MEDIÇÃO do coletor, não do motor. A régua usa `y` absoluto igual para os dois times (script:141-142), mas os lados são espelhados por equipe — medido no estado bruto: LB do time 0 tem hy=0,110 e LB do time 1 tem hy=0,785. Todo ala de um dos times é marcado NA PRÓPRIA POSIÇÃO-BASE. Sobre os 120 lances a régua do coletor marca 48,95% das amostras (≈ um time inteiro de alas); a régua relativa à base mede 96,31% de respeito ao lado.",§26 respeito aos lados,lado respeitado neste lance = 1.0000 (coletor dizia invasão em 100% dos quadros)
5,15001,63.0,tactical_snapshot,4-3-1-2 x 4-3-3,counter x balanced,P0_SUSPEITA,ameaca_sem_marcador,CONFIRMADO_P0,defesa,_defendTarget ramo _markRef (30-r13-football-observer.js:561),"Cobertura de ameaça medida em 0,618 sobre 294 partidas (limite 0,65). As cinco tentativas de parâmetro registradas no handoff não moveram a métrica (travada em 0,68–0,71): o gargalo é o CÁLCULO da posição de marcação, não o ajuste. `_defendTarget` decide 27,4% das posições defensivas pelo ramo `_markRef`.",§30 defesa coletiva,persistent_uncovered = 1.00
6,15001,75.0,tactical_snapshot,4-3-1-2 x 4-3-3,counter x balanced,P1_SUSPEITA,invasao_lateral,FALSO_POSITIVO,—,—,"Defeito de MEDIÇÃO do coletor, não do motor. A régua usa `y` absoluto igual para os dois times (script:141-142), mas os lados são espelhados por equipe — medido no estado bruto: LB do time 0 tem hy=0,110 e LB do time 1 tem hy=0,785. Todo ala de um dos times é marcado NA PRÓPRIA POSIÇÃO-BASE. Sobre os 120 lances a régua do coletor marca 48,95% das amostras (≈ um time inteiro de alas); a régua relativa à base mede 96,31% de respeito ao lado.",§26 respeito aos lados,lado respeitado neste lance = 1.0000 (coletor dizia invasão em 100% dos quadros)
6,15001,75.0,tactical_snapshot,4-3-1-2 x 4-3-3,counter x balanced,P1_SUSPEITA,ameaca_sem_marcador,CONFIRMADO_P0,defesa,_defendTarget ramo _markRef (30-r13-football-observer.js:561),"Cobertura de ameaça medida em 0,618 sobre 294 partidas (limite 0,65). As cinco tentativas de parâmetro registradas no handoff não moveram a métrica (travada em 0,68–0,71): o gargalo é o CÁLCULO da posição de marcação, não o ajuste. `_defendTarget` decide 27,4% das posições defensivas pelo ramo `_markRef`.",§30 defesa coletiva,persistent_uncovered = 1.00
7,15002,3.0,tactical_snapshot,4-2-4 x 3-4-3,wings x press,P0_SUSPEITA,velocidade,CONFIRMADO_P1,movimento,commitMovement + guarda global (29-r12:85 e :90),"A guarda de frame permite `maxSpd*dt*1.28 + 0.20` por passo. A 7 m/s e dt=1/30 isso autoriza 0,499 m/passo = 14,9 m/s = 2,14× maxSpd. O teto efetivo do motor é o dobro do atributo do jogador, então `maxSpd` não é limite de velocidade — é sugestão.",§32 física,max_speed_ratio = 1.560× maxSpd (reconferido no estado bruto)
7,15002,3.0,tactical_snapshot,4-2-4 x 3-4-3,wings x press,P0_SUSPEITA,invasao_lateral,FALSO_POSITIVO,—,—,"Defeito de MEDIÇÃO do coletor, não do motor. A régua usa `y` absoluto igual para os dois times (script:141-142), mas os lados são espelhados por equipe — medido no estado bruto: LB do time 0 tem hy=0,110 e LB do time 1 tem hy=0,785. Todo ala de um dos times é marcado NA PRÓPRIA POSIÇÃO-BASE. Sobre os 120 lances a régua do coletor marca 48,95% das amostras (≈ um time inteiro de alas); a régua relativa à base mede 96,31% de respeito ao lado.",§26 respeito aos lados,lado respeitado neste lance = 1.0000 (coletor dizia invasão em 100% dos quadros)
7,15002,3.0,tactical_snapshot,4-2-4 x 3-4-3,wings x press,P0_SUSPEITA,ameaca_sem_marcador,CONFIRMADO_P0,defesa,_defendTarget ramo _markRef (30-r13-football-observer.js:561),"Cobertura de ameaça medida em 0,618 sobre 294 partidas (limite 0,65). As cinco tentativas de parâmetro registradas no handoff não moveram a métrica (travada em 0,68–0,71): o gargalo é o CÁLCULO da posição de marcação, não o ajuste. `_defendTarget` decide 27,4% das posições defensivas pelo ramo `_markRef`.",§30 defesa coletiva,persistent_uncovered = 0.92
8,15002,17.0,run_burst,4-2-4 x 3-4-3,wings x press,P0_SUSPEITA,velocidade,CONFIRMADO_P1,movimento,commitMovement + guarda global (29-r12:85 e :90),"A guarda de frame permite `maxSpd*dt*1.28 + 0.20` por passo. A 7 m/s e dt=1/30 isso autoriza 0,499 m/passo = 14,9 m/s = 2,14× maxSpd. O teto efetivo do motor é o dobro do atributo do jogador, então `maxSpd` não é limite de velocidade — é sugestão.",§32 física,max_speed_ratio = 1.356× maxSpd (reconferido no estado bruto)
8,15002,17.0,run_burst,4-2-4 x 3-4-3,wings x press,P0_SUSPEITA,invasao_lateral,FALSO_POSITIVO,—,—,"Defeito de MEDIÇÃO do coletor, não do motor. A régua usa `y` absoluto igual para os dois times (script:141-142), mas os lados são espelhados por equipe — medido no estado bruto: LB do time 0 tem hy=0,110 e LB do time 1 tem hy=0,785. Todo ala de um dos times é marcado NA PRÓPRIA POSIÇÃO-BASE. Sobre os 120 lances a régua do coletor marca 48,95% das amostras (≈ um time inteiro de alas); a régua relativa à base mede 96,31% de respeito ao lado.",§26 respeito aos lados,lado respeitado neste lance = 1.0000 (coletor dizia invasão em 100% dos quadros)
9,15002,30.0,bad_pass,4-2-4 x 3-4-3,wings x press,P1_SUSPEITA,invasao_lateral,FALSO_POSITIVO,—,—,"Defeito de MEDIÇÃO do coletor, não do motor. A régua usa `y` absoluto igual para os dois times (script:141-142), mas os lados são espelhados por equipe — medido no estado bruto: LB do time 0 tem hy=0,110 e LB do time 1 tem hy=0,785. Todo ala de um dos times é marcado NA PRÓPRIA POSIÇÃO-BASE. Sobre os 120 lances a régua do coletor marca 48,95% das amostras (≈ um time inteiro de alas); a régua relativa à base mede 96,31% de respeito ao lado.",§26 respeito aos lados,lado respeitado neste lance = 0.8750 (coletor dizia invasão em 100% dos quadros)
10,15002,47.0,tactical_snapshot,4-2-4 x 3-4-3,wings x press,P1_SUSPEITA,invasao_lateral,FALSO_POSITIVO,—,—,"Defeito de MEDIÇÃO do coletor, não do motor. A régua usa `y` absoluto igual para os dois times (script:141-142), mas os lados são espelhados por equipe — medido no estado bruto: LB do time 0 tem hy=0,110 e LB do time 1 tem hy=0,785. Todo ala de um dos times é marcado NA PRÓPRIA POSIÇÃO-BASE. Sobre os 120 lances a régua do coletor marca 48,95% das amostras (≈ um time inteiro de alas); a régua relativa à base mede 96,31% de respeito ao lado.",§26 respeito aos lados,lado respeitado neste lance = 1.0000 (coletor dizia invasão em 100% dos quadros)
10,15002,47.0,tactical_snapshot,4-2-4 x 3-4-3,wings x press,P1_SUSPEITA,ameaca_sem_marcador,CONFIRMADO_P0,defesa,_defendTarget ramo _markRef (30-r13-football-observer.js:561),"Cobertura de ameaça medida em 0,618 sobre 294 partidas (limite 0,65). As cinco tentativas de parâmetro registradas no handoff não moveram a métrica (travada em 0,68–0,71): o gargalo é o CÁLCULO da posição de marcação, não o ajuste. `_defendTarget` decide 27,4% das posições defensivas pelo ramo `_markRef`.",§30 defesa coletiva,persistent_uncovered = 1.00
11,15002,63.0,tactical_snapshot,4-2-4 x 3-4-3,wings x press,P0_SUSPEITA,velocidade,CONFIRMADO_P1,movimento,commitMovement + guarda global (29-r12:85 e :90),"A guarda de frame permite `maxSpd*dt*1.28 + 0.20` por passo. A 7 m/s e dt=1/30 isso autoriza 0,499 m/passo = 14,9 m/s = 2,14× maxSpd. O teto efetivo do motor é o dobro do atributo do jogador, então `maxSpd` não é limite de velocidade — é sugestão.",§32 física,max_speed_ratio = 1.519× maxSpd (reconferido no estado bruto)
11,15002,63.0,tactical_snapshot,4-2-4 x 3-4-3,wings x press,P0_SUSPEITA,invasao_lateral,FALSO_POSITIVO,—,—,"Defeito de MEDIÇÃO do coletor, não do motor. A régua usa `y` absoluto igual para os dois times (script:141-142), mas os lados são espelhados por equipe — medido no estado bruto: LB do time 0 tem hy=0,110 e LB do time 1 tem hy=0,785. Todo ala de um dos times é marcado NA PRÓPRIA POSIÇÃO-BASE. Sobre os 120 lances a régua do coletor marca 48,95% das amostras (≈ um time inteiro de alas); a régua relativa à base mede 96,31% de respeito ao lado.",§26 respeito aos lados,lado respeitado neste lance = 1.0000 (coletor dizia invasão em 100% dos quadros)
11,15002,63.0,tactical_snapshot,4-2-4 x 3-4-3,wings x press,P0_SUSPEITA,ameaca_sem_marcador,CONFIRMADO_P0,defesa,_defendTarget ramo _markRef (30-r13-football-observer.js:561),"Cobertura de ameaça medida em 0,618 sobre 294 partidas (limite 0,65). As cinco tentativas de parâmetro registradas no handoff não moveram a métrica (travada em 0,68–0,71): o gargalo é o CÁLCULO da posição de marcação, não o ajuste. `_defendTarget` decide 27,4% das posições defensivas pelo ramo `_markRef`.",§30 defesa coletiva,persistent_uncovered = 1.00
12,15002,75.0,intercept,4-2-4 x 3-4-3,wings x press,P0_SUSPEITA,velocidade,CONFIRMADO_P1,movimento,commitMovement + guarda global (29-r12:85 e :90),"A guarda de frame permite `maxSpd*dt*1.28 + 0.20` por passo. A 7 m/s e dt=1/30 isso autoriza 0,499 m/passo = 14,9 m/s = 2,14× maxSpd. O teto efetivo do motor é o dobro do atributo do jogador, então `maxSpd` não é limite de velocidade — é sugestão.",§32 física,max_speed_ratio = 1.793× maxSpd (reconferido no estado bruto)
12,15002,75.0,intercept,4-2-4 x 3-4-3,wings x press,P0_SUSPEITA,invasao_lateral,FALSO_POSITIVO,—,—,"Defeito de MEDIÇÃO do coletor, não do motor. A régua usa `y` absoluto igual para os dois times (script:141-142), mas os lados são espelhados por equipe — medido no estado bruto: LB do time 0 tem hy=0,110 e LB do time 1 tem hy=0,785. Todo ala de um dos times é marcado NA PRÓPRIA POSIÇÃO-BASE. Sobre os 120 lances a régua do coletor marca 48,95% das amostras (≈ um time inteiro de alas); a régua relativa à base mede 96,31% de respeito ao lado.",§26 respeito aos lados,lado respeitado neste lance = 0.8750 (coletor dizia invasão em 100% dos quadros)
13,15003,1.0,through,4-3-3 x 4-2-3-1,tiki x press,P1_SUSPEITA,invasao_lateral,FALSO_POSITIVO,—,—,"Defeito de MEDIÇÃO do coletor, não do motor. A régua usa `y` absoluto igual para os dois times (script:141-142), mas os lados são espelhados por equipe — medido no estado bruto: LB do time 0 tem hy=0,110 e LB do time 1 tem hy=0,785. Todo ala de um dos times é marcado NA PRÓPRIA POSIÇÃO-BASE. Sobre os 120 lances a régua do coletor marca 48,95% das amostras (≈ um time inteiro de alas); a régua relativa à base mede 96,31% de respeito ao lado.",§26 respeito aos lados,lado respeitado neste lance = 1.0000 (coletor dizia invasão em 100% dos quadros)
14,15003,15.0,tackle,4-3-3 x 4-2-3-1,tiki x press,P1_SUSPEITA,invasao_lateral,FALSO_POSITIVO,—,—,"Defeito de MEDIÇÃO do coletor, não do motor. A régua usa `y` absoluto igual para os dois times (script:141-142), mas os lados são espelhados por equipe — medido no estado bruto: LB do time 0 tem hy=0,110 e LB do time 1 tem hy=0,785. Todo ala de um dos times é marcado NA PRÓPRIA POSIÇÃO-BASE. Sobre os 120 lances a régua do coletor marca 48,95% das amostras (≈ um time inteiro de alas); a régua relativa à base mede 96,31% de respeito ao lado.",§26 respeito aos lados,lado respeitado neste lance = 1.0000 (coletor dizia invasão em 100% dos quadros)
15,15003,31.0,tactical_snapshot,4-3-3 x 4-2-3-1,tiki x press,P0_SUSPEITA,velocidade,CONFIRMADO_P1,movimento,commitMovement + guarda global (29-r12:85 e :90),"A guarda de frame permite `maxSpd*dt*1.28 + 0.20` por passo. A 7 m/s e dt=1/30 isso autoriza 0,499 m/passo = 14,9 m/s = 2,14× maxSpd. O teto efetivo do motor é o dobro do atributo do jogador, então `maxSpd` não é limite de velocidade — é sugestão.",§32 física,max_speed_ratio = 1.585× maxSpd (reconferido no estado bruto)
15,15003,31.0,tactical_snapshot,4-3-3 x 4-2-3-1,tiki x press,P0_SUSPEITA,invasao_lateral,FALSO_POSITIVO,—,—,"Defeito de MEDIÇÃO do coletor, não do motor. A régua usa `y` absoluto igual para os dois times (script:141-142), mas os lados são espelhados por equipe — medido no estado bruto: LB do time 0 tem hy=0,110 e LB do time 1 tem hy=0,785. Todo ala de um dos times é marcado NA PRÓPRIA POSIÇÃO-BASE. Sobre os 120 lances a régua do coletor marca 48,95% das amostras (≈ um time inteiro de alas); a régua relativa à base mede 96,31% de respeito ao lado.",§26 respeito aos lados,lado respeitado neste lance = 1.0000 (coletor dizia invasão em 100% dos quadros)
16,15003,47.0,tactical_snapshot,4-3-3 x 4-2-3-1,tiki x press,P0_SUSPEITA,teleporte,FALSO_POSITIVO,—,—,Troca de lado na virada do intervalo — deslocamento legítimo.,—,"13 saltos, todos com mudança de tempo ou em 44–47,5'"
16,15003,47.0,tactical_snapshot,4-3-3 x 4-2-3-1,tiki x press,P0_SUSPEITA,velocidade,CONFIRMADO_P1,movimento,commitMovement + guarda global (29-r12:85 e :90),"A guarda de frame permite `maxSpd*dt*1.28 + 0.20` por passo. A 7 m/s e dt=1/30 isso autoriza 0,499 m/passo = 14,9 m/s = 2,14× maxSpd. O teto efetivo do motor é o dobro do atributo do jogador, então `maxSpd` não é limite de velocidade — é sugestão.",§32 física,max_speed_ratio = 1.273× maxSpd (reconferido no estado bruto)
16,15003,47.0,tactical_snapshot,4-3-3 x 4-2-3-1,tiki x press,P0_SUSPEITA,invasao_lateral,FALSO_POSITIVO,—,—,"Defeito de MEDIÇÃO do coletor, não do motor. A régua usa `y` absoluto igual para os dois times (script:141-142), mas os lados são espelhados por equipe — medido no estado bruto: LB do time 0 tem hy=0,110 e LB do time 1 tem hy=0,785. Todo ala de um dos times é marcado NA PRÓPRIA POSIÇÃO-BASE. Sobre os 120 lances a régua do coletor marca 48,95% das amostras (≈ um time inteiro de alas); a régua relativa à base mede 96,31% de respeito ao lado.",§26 respeito aos lados,lado respeitado neste lance = 0.9688 (coletor dizia invasão em 100% dos quadros)
16,15003,47.0,tactical_snapshot,4-3-3 x 4-2-3-1,tiki x press,P0_SUSPEITA,ameaca_sem_marcador,CONFIRMADO_P0,defesa,_defendTarget ramo _markRef (30-r13-football-observer.js:561),"Cobertura de ameaça medida em 0,618 sobre 294 partidas (limite 0,65). As cinco tentativas de parâmetro registradas no handoff não moveram a métrica (travada em 0,68–0,71): o gargalo é o CÁLCULO da posição de marcação, não o ajuste. `_defendTarget` decide 27,4% das posições defensivas pelo ramo `_markRef`.",§30 defesa coletiva,persistent_uncovered = 1.00
17,15003,60.0,cross,4-3-3 x 4-2-3-1,tiki x press,P1_SUSPEITA,invasao_lateral,FALSO_POSITIVO,—,—,"Defeito de MEDIÇÃO do coletor, não do motor. A régua usa `y` absoluto igual para os dois times (script:141-142), mas os lados são espelhados por equipe — medido no estado bruto: LB do time 0 tem hy=0,110 e LB do time 1 tem hy=0,785. Todo ala de um dos times é marcado NA PRÓPRIA POSIÇÃO-BASE. Sobre os 120 lances a régua do coletor marca 48,95% das amostras (≈ um time inteiro de alas); a régua relativa à base mede 96,31% de respeito ao lado.",§26 respeito aos lados,lado respeitado neste lance = 1.0000 (coletor dizia invasão em 100% dos quadros)
17,15003,60.0,cross,4-3-3 x 4-2-3-1,tiki x press,P1_SUSPEITA,ameaca_sem_marcador,CONFIRMADO_P0,defesa,_defendTarget ramo _markRef (30-r13-football-observer.js:561),"Cobertura de ameaça medida em 0,618 sobre 294 partidas (limite 0,65). As cinco tentativas de parâmetro registradas no handoff não moveram a métrica (travada em 0,68–0,71): o gargalo é o CÁLCULO da posição de marcação, não o ajuste. `_defendTarget` decide 27,4% das posições defensivas pelo ramo `_markRef`.",§30 defesa coletiva,persistent_uncovered = 1.00
18,15003,75.0,tactical_snapshot,4-3-3 x 4-2-3-1,tiki x press,P1_SUSPEITA,invasao_lateral,FALSO_POSITIVO,—,—,"Defeito de MEDIÇÃO do coletor, não do motor. A régua usa `y` absoluto igual para os dois times (script:141-142), mas os lados são espelhados por equipe — medido no estado bruto: LB do time 0 tem hy=0,110 e LB do time 1 tem hy=0,785. Todo ala de um dos times é marcado NA PRÓPRIA POSIÇÃO-BASE. Sobre os 120 lances a régua do coletor marca 48,95% das amostras (≈ um time inteiro de alas); a régua relativa à base mede 96,31% de respeito ao lado.",§26 respeito aos lados,lado respeitado neste lance = 1.0000 (coletor dizia invasão em 100% dos quadros)
18,15003,75.0,tactical_snapshot,4-3-3 x 4-2-3-1,tiki x press,P1_SUSPEITA,ameaca_sem_marcador,CONFIRMADO_P0,defesa,_defendTarget ramo _markRef (30-r13-football-observer.js:561),"Cobertura de ameaça medida em 0,618 sobre 294 partidas (limite 0,65). As cinco tentativas de parâmetro registradas no handoff não moveram a métrica (travada em 0,68–0,71): o gargalo é o CÁLCULO da posição de marcação, não o ajuste. `_defendTarget` decide 27,4% das posições defensivas pelo ramo `_markRef`.",§30 defesa coletiva,persistent_uncovered = 1.00
19,15004,3.0,tactical_snapshot,4-3-3 x 4-2-3-1,counter x direct,P1_SUSPEITA,invasao_lateral,FALSO_POSITIVO,—,—,"Defeito de MEDIÇÃO do coletor, não do motor. A régua usa `y` absoluto igual para os dois times (script:141-142), mas os lados são espelhados por equipe — medido no estado bruto: LB do time 0 tem hy=0,110 e LB do time 1 tem hy=0,785. Todo ala de um dos times é marcado NA PRÓPRIA POSIÇÃO-BASE. Sobre os 120 lances a régua do coletor marca 48,95% das amostras (≈ um time inteiro de alas); a régua relativa à base mede 96,31% de respeito ao lado.",§26 respeito aos lados,lado respeitado neste lance = 1.0000 (coletor dizia invasão em 100% dos quadros)
19,15004,3.0,tactical_snapshot,4-3-3 x 4-2-3-1,counter x direct,P1_SUSPEITA,ameaca_sem_marcador,CONFIRMADO_P0,defesa,_defendTarget ramo _markRef (30-r13-football-observer.js:561),"Cobertura de ameaça medida em 0,618 sobre 294 partidas (limite 0,65). As cinco tentativas de parâmetro registradas no handoff não moveram a métrica (travada em 0,68–0,71): o gargalo é o CÁLCULO da posição de marcação, não o ajuste. `_defendTarget` decide 27,4% das posições defensivas pelo ramo `_markRef`.",§30 defesa coletiva,persistent_uncovered = 0.92
20,15004,15.0,tactical_snapshot,4-3-3 x 4-2-3-1,counter x direct,P1_SUSPEITA,invasao_lateral,FALSO_POSITIVO,—,—,"Defeito de MEDIÇÃO do coletor, não do motor. A régua usa `y` absoluto igual para os dois times (script:141-142), mas os lados são espelhados por equipe — medido no estado bruto: LB do time 0 tem hy=0,110 e LB do time 1 tem hy=0,785. Todo ala de um dos times é marcado NA PRÓPRIA POSIÇÃO-BASE. Sobre os 120 lances a régua do coletor marca 48,95% das amostras (≈ um time inteiro de alas); a régua relativa à base mede 96,31% de respeito ao lado.",§26 respeito aos lados,lado respeitado neste lance = 1.0000 (coletor dizia invasão em 100% dos quadros)
21,15004,31.0,tactical_snapshot,4-3-3 x 4-2-3-1,counter x direct,P1_SUSPEITA,invasao_lateral,CONFIRMADO_P1,posicionamento,_attackTarget / _defendTarget,"Invasão de lado sobrevive à régua corrigida (relativa à posição-base). §26 admite invasão por rotação, cobertura, transição ou perseguição — mas exige motivo, duração, compensação e retorno, e o motor não registra nenhum dos quatro (§18 não implementado).",§18 contrato de função (não iniciada),lado respeitado neste lance = 0.7708
22,15004,47.0,tactical_snapshot,4-3-3 x 4-2-3-1,counter x direct,P0_SUSPEITA,teleporte,FALSO_POSITIVO,—,—,Troca de lado na virada do intervalo — deslocamento legítimo.,—,"8 saltos, todos com mudança de tempo ou em 44–47,5'"
22,15004,47.0,tactical_snapshot,4-3-3 x 4-2-3-1,counter x direct,P0_SUSPEITA,velocidade,CONFIRMADO_P1,movimento,commitMovement + guarda global (29-r12:85 e :90),"A guarda de frame permite `maxSpd*dt*1.28 + 0.20` por passo. A 7 m/s e dt=1/30 isso autoriza 0,499 m/passo = 14,9 m/s = 2,14× maxSpd. O teto efetivo do motor é o dobro do atributo do jogador, então `maxSpd` não é limite de velocidade — é sugestão.",§32 física,max_speed_ratio = 1.291× maxSpd (reconferido no estado bruto)
22,15004,47.0,tactical_snapshot,4-3-3 x 4-2-3-1,counter x direct,P0_SUSPEITA,invasao_lateral,FALSO_POSITIVO,—,—,"Defeito de MEDIÇÃO do coletor, não do motor. A régua usa `y` absoluto igual para os dois times (script:141-142), mas os lados são espelhados por equipe — medido no estado bruto: LB do time 0 tem hy=0,110 e LB do time 1 tem hy=0,785. Todo ala de um dos times é marcado NA PRÓPRIA POSIÇÃO-BASE. Sobre os 120 lances a régua do coletor marca 48,95% das amostras (≈ um time inteiro de alas); a régua relativa à base mede 96,31% de respeito ao lado.",§26 respeito aos lados,lado respeitado neste lance = 1.0000 (coletor dizia invasão em 100% dos quadros)
22,15004,47.0,tactical_snapshot,4-3-3 x 4-2-3-1,counter x direct,P0_SUSPEITA,ameaca_sem_marcador,CONFIRMADO_P0,defesa,_defendTarget ramo _markRef (30-r13-football-observer.js:561),"Cobertura de ameaça medida em 0,618 sobre 294 partidas (limite 0,65). As cinco tentativas de parâmetro registradas no handoff não moveram a métrica (travada em 0,68–0,71): o gargalo é o CÁLCULO da posição de marcação, não o ajuste. `_defendTarget` decide 27,4% das posições defensivas pelo ramo `_markRef`.",§30 defesa coletiva,persistent_uncovered = 1.00
23,15004,63.0,tactical_snapshot,4-3-3 x 4-2-3-1,counter x direct,P1_SUSPEITA,invasao_lateral,FALSO_POSITIVO,—,—,"Defeito de MEDIÇÃO do coletor, não do motor. A régua usa `y` absoluto igual para os dois times (script:141-142), mas os lados são espelhados por equipe — medido no estado bruto: LB do time 0 tem hy=0,110 e LB do time 1 tem hy=0,785. Todo ala de um dos times é marcado NA PRÓPRIA POSIÇÃO-BASE. Sobre os 120 lances a régua do coletor marca 48,95% das amostras (≈ um time inteiro de alas); a régua relativa à base mede 96,31% de respeito ao lado.",§26 respeito aos lados,lado respeitado neste lance = 1.0000 (coletor dizia invasão em 100% dos quadros)
23,15004,63.0,tactical_snapshot,4-3-3 x 4-2-3-1,counter x direct,P1_SUSPEITA,ameaca_sem_marcador,CONFIRMADO_P0,defesa,_defendTarget ramo _markRef (30-r13-football-observer.js:561),"Cobertura de ameaça medida em 0,618 sobre 294 partidas (limite 0,65). As cinco tentativas de parâmetro registradas no handoff não moveram a métrica (travada em 0,68–0,71): o gargalo é o CÁLCULO da posição de marcação, não o ajuste. `_defendTarget` decide 27,4% das posições defensivas pelo ramo `_markRef`.",§30 defesa coletiva,persistent_uncovered = 1.00
24,15004,75.0,tactical_snapshot,4-3-3 x 4-2-3-1,counter x direct,P0_SUSPEITA,velocidade,CONFIRMADO_P1,movimento,commitMovement + guarda global (29-r12:85 e :90),"A guarda de frame permite `maxSpd*dt*1.28 + 0.20` por passo. A 7 m/s e dt=1/30 isso autoriza 0,499 m/passo = 14,9 m/s = 2,14× maxSpd. O teto efetivo do motor é o dobro do atributo do jogador, então `maxSpd` não é limite de velocidade — é sugestão.",§32 física,max_speed_ratio = 1.542× maxSpd (reconferido no estado bruto)
24,15004,75.0,tactical_snapshot,4-3-3 x 4-2-3-1,counter x direct,P0_SUSPEITA,invasao_lateral,CONFIRMADO_P1,posicionamento,_attackTarget / _defendTarget,"Invasão de lado sobrevive à régua corrigida (relativa à posição-base). §26 admite invasão por rotação, cobertura, transição ou perseguição — mas exige motivo, duração, compensação e retorno, e o motor não registra nenhum dos quatro (§18 não implementado).",§18 contrato de função (não iniciada),lado respeitado neste lance = 0.7812
24,15004,75.0,tactical_snapshot,4-3-3 x 4-2-3-1,counter x direct,P0_SUSPEITA,ameaca_sem_marcador,CONFIRMADO_P0,defesa,_defendTarget ramo _markRef (30-r13-football-observer.js:561),"Cobertura de ameaça medida em 0,618 sobre 294 partidas (limite 0,65). As cinco tentativas de parâmetro registradas no handoff não moveram a métrica (travada em 0,68–0,71): o gargalo é o CÁLCULO da posição de marcação, não o ajuste. `_defendTarget` decide 27,4% das posições defensivas pelo ramo `_markRef`.",§30 defesa coletiva,persistent_uncovered = 1.00
25,15005,1.0,run_break,4-2-4 x 4-3-3,direct x balanced,P0_SUSPEITA,velocidade,CONFIRMADO_P1,movimento,commitMovement + guarda global (29-r12:85 e :90),"A guarda de frame permite `maxSpd*dt*1.28 + 0.20` por passo. A 7 m/s e dt=1/30 isso autoriza 0,499 m/passo = 14,9 m/s = 2,14× maxSpd. O teto efetivo do motor é o dobro do atributo do jogador, então `maxSpd` não é limite de velocidade — é sugestão.",§32 física,max_speed_ratio = 1.385× maxSpd (reconferido no estado bruto)
25,15005,1.0,run_break,4-2-4 x 4-3-3,direct x balanced,P0_SUSPEITA,invasao_lateral,FALSO_POSITIVO,—,—,"Defeito de MEDIÇÃO do coletor, não do motor. A régua usa `y` absoluto igual para os dois times (script:141-142), mas os lados são espelhados por equipe — medido no estado bruto: LB do time 0 tem hy=0,110 e LB do time 1 tem hy=0,785. Todo ala de um dos times é marcado NA PRÓPRIA POSIÇÃO-BASE. Sobre os 120 lances a régua do coletor marca 48,95% das amostras (≈ um time inteiro de alas); a régua relativa à base mede 96,31% de respeito ao lado.",§26 respeito aos lados,lado respeitado neste lance = 1.0000 (coletor dizia invasão em 100% dos quadros)
26,15005,15.0,tactical_snapshot,4-2-4 x 4-3-3,direct x balanced,P1_SUSPEITA,invasao_lateral,FALSO_POSITIVO,—,—,"Defeito de MEDIÇÃO do coletor, não do motor. A régua usa `y` absoluto igual para os dois times (script:141-142), mas os lados são espelhados por equipe — medido no estado bruto: LB do time 0 tem hy=0,110 e LB do time 1 tem hy=0,785. Todo ala de um dos times é marcado NA PRÓPRIA POSIÇÃO-BASE. Sobre os 120 lances a régua do coletor marca 48,95% das amostras (≈ um time inteiro de alas); a régua relativa à base mede 96,31% de respeito ao lado.",§26 respeito aos lados,lado respeitado neste lance = 1.0000 (coletor dizia invasão em 100% dos quadros)
26,15005,15.0,tactical_snapshot,4-2-4 x 4-3-3,direct x balanced,P1_SUSPEITA,ameaca_sem_marcador,CONFIRMADO_P0,defesa,_defendTarget ramo _markRef (30-r13-football-observer.js:561),"Cobertura de ameaça medida em 0,618 sobre 294 partidas (limite 0,65). As cinco tentativas de parâmetro registradas no handoff não moveram a métrica (travada em 0,68–0,71): o gargalo é o CÁLCULO da posição de marcação, não o ajuste. `_defendTarget` decide 27,4% das posições defensivas pelo ramo `_markRef`.",§30 defesa coletiva,persistent_uncovered = 0.92
27,15005,30.0,looseControl,4-2-4 x 4-3-3,direct x balanced,P1_SUSPEITA,invasao_lateral,FALSO_POSITIVO,—,—,"Defeito de MEDIÇÃO do coletor, não do motor. A régua usa `y` absoluto igual para os dois times (script:141-142), mas os lados são espelhados por equipe — medido no estado bruto: LB do time 0 tem hy=0,110 e LB do time 1 tem hy=0,785. Todo ala de um dos times é marcado NA PRÓPRIA POSIÇÃO-BASE. Sobre os 120 lances a régua do coletor marca 48,95% das amostras (≈ um time inteiro de alas); a régua relativa à base mede 96,31% de respeito ao lado.",§26 respeito aos lados,lado respeitado neste lance = 1.0000 (coletor dizia invasão em 100% dos quadros)
27,15005,30.0,looseControl,4-2-4 x 4-3-3,direct x balanced,P1_SUSPEITA,ameaca_sem_marcador,CONFIRMADO_P0,defesa,_defendTarget ramo _markRef (30-r13-football-observer.js:561),"Cobertura de ameaça medida em 0,618 sobre 294 partidas (limite 0,65). As cinco tentativas de parâmetro registradas no handoff não moveram a métrica (travada em 0,68–0,71): o gargalo é o CÁLCULO da posição de marcação, não o ajuste. `_defendTarget` decide 27,4% das posições defensivas pelo ramo `_markRef`.",§30 defesa coletiva,persistent_uncovered = 1.00
28,15005,47.0,tactical_snapshot,4-2-4 x 4-3-3,direct x balanced,P1_SUSPEITA,invasao_lateral,CONFIRMADO_P1,posicionamento,_attackTarget / _defendTarget,"Invasão de lado sobrevive à régua corrigida (relativa à posição-base). §26 admite invasão por rotação, cobertura, transição ou perseguição — mas exige motivo, duração, compensação e retorno, e o motor não registra nenhum dos quatro (§18 não implementado).",§18 contrato de função (não iniciada),lado respeitado neste lance = 0.6250
28,15005,47.0,tactical_snapshot,4-2-4 x 4-3-3,direct x balanced,P1_SUSPEITA,ameaca_sem_marcador,CONFIRMADO_P0,defesa,_defendTarget ramo _markRef (30-r13-football-observer.js:561),"Cobertura de ameaça medida em 0,618 sobre 294 partidas (limite 0,65). As cinco tentativas de parâmetro registradas no handoff não moveram a métrica (travada em 0,68–0,71): o gargalo é o CÁLCULO da posição de marcação, não o ajuste. `_defendTarget` decide 27,4% das posições defensivas pelo ramo `_markRef`.",§30 defesa coletiva,persistent_uncovered = 1.00
29,15005,60.0,gk_bad_distribution,4-2-4 x 4-3-3,direct x balanced,P0_SUSPEITA,velocidade,CONFIRMADO_P1,movimento,commitMovement + guarda global (29-r12:85 e :90),"A guarda de frame permite `maxSpd*dt*1.28 + 0.20` por passo. A 7 m/s e dt=1/30 isso autoriza 0,499 m/passo = 14,9 m/s = 2,14× maxSpd. O teto efetivo do motor é o dobro do atributo do jogador, então `maxSpd` não é limite de velocidade — é sugestão.",§32 física,max_speed_ratio = 1.549× maxSpd (reconferido no estado bruto)
29,15005,60.0,gk_bad_distribution,4-2-4 x 4-3-3,direct x balanced,P0_SUSPEITA,invasao_lateral,FALSO_POSITIVO,—,—,"Defeito de MEDIÇÃO do coletor, não do motor. A régua usa `y` absoluto igual para os dois times (script:141-142), mas os lados são espelhados por equipe — medido no estado bruto: LB do time 0 tem hy=0,110 e LB do time 1 tem hy=0,785. Todo ala de um dos times é marcado NA PRÓPRIA POSIÇÃO-BASE. Sobre os 120 lances a régua do coletor marca 48,95% das amostras (≈ um time inteiro de alas); a régua relativa à base mede 96,31% de respeito ao lado.",§26 respeito aos lados,lado respeitado neste lance = 0.8750 (coletor dizia invasão em 100% dos quadros)
29,15005,60.0,gk_bad_distribution,4-2-4 x 4-3-3,direct x balanced,P0_SUSPEITA,ameaca_sem_marcador,CONFIRMADO_P0,defesa,_defendTarget ramo _markRef (30-r13-football-observer.js:561),"Cobertura de ameaça medida em 0,618 sobre 294 partidas (limite 0,65). As cinco tentativas de parâmetro registradas no handoff não moveram a métrica (travada em 0,68–0,71): o gargalo é o CÁLCULO da posição de marcação, não o ajuste. `_defendTarget` decide 27,4% das posições defensivas pelo ramo `_markRef`.",§30 defesa coletiva,persistent_uncovered = 0.92
30,15005,75.0,tactical_snapshot,4-2-4 x 4-3-3,direct x balanced,P1_SUSPEITA,invasao_lateral,FALSO_POSITIVO,—,—,"Defeito de MEDIÇÃO do coletor, não do motor. A régua usa `y` absoluto igual para os dois times (script:141-142), mas os lados são espelhados por equipe — medido no estado bruto: LB do time 0 tem hy=0,110 e LB do time 1 tem hy=0,785. Todo ala de um dos times é marcado NA PRÓPRIA POSIÇÃO-BASE. Sobre os 120 lances a régua do coletor marca 48,95% das amostras (≈ um time inteiro de alas); a régua relativa à base mede 96,31% de respeito ao lado.",§26 respeito aos lados,lado respeitado neste lance = 0.8750 (coletor dizia invasão em 100% dos quadros)
30,15005,75.0,tactical_snapshot,4-2-4 x 4-3-3,direct x balanced,P1_SUSPEITA,ameaca_sem_marcador,CONFIRMADO_P0,defesa,_defendTarget ramo _markRef (30-r13-football-observer.js:561),"Cobertura de ameaça medida em 0,618 sobre 294 partidas (limite 0,65). As cinco tentativas de parâmetro registradas no handoff não moveram a métrica (travada em 0,68–0,71): o gargalo é o CÁLCULO da posição de marcação, não o ajuste. `_defendTarget` decide 27,4% das posições defensivas pelo ramo `_markRef`.",§30 defesa coletiva,persistent_uncovered = 1.00
31,15006,3.0,looseControl,4-4-2 x 4-2-3-1,balanced x counter,P1_SUSPEITA,invasao_lateral,FALSO_POSITIVO,—,—,"Defeito de MEDIÇÃO do coletor, não do motor. A régua usa `y` absoluto igual para os dois times (script:141-142), mas os lados são espelhados por equipe — medido no estado bruto: LB do time 0 tem hy=0,110 e LB do time 1 tem hy=0,785. Todo ala de um dos times é marcado NA PRÓPRIA POSIÇÃO-BASE. Sobre os 120 lances a régua do coletor marca 48,95% das amostras (≈ um time inteiro de alas); a régua relativa à base mede 96,31% de respeito ao lado.",§26 respeito aos lados,lado respeitado neste lance = 1.0000 (coletor dizia invasão em 100% dos quadros)
31,15006,3.0,looseControl,4-4-2 x 4-2-3-1,balanced x counter,P1_SUSPEITA,ameaca_sem_marcador,CONFIRMADO_P0,defesa,_defendTarget ramo _markRef (30-r13-football-observer.js:561),"Cobertura de ameaça medida em 0,618 sobre 294 partidas (limite 0,65). As cinco tentativas de parâmetro registradas no handoff não moveram a métrica (travada em 0,68–0,71): o gargalo é o CÁLCULO da posição de marcação, não o ajuste. `_defendTarget` decide 27,4% das posições defensivas pelo ramo `_markRef`.",§30 defesa coletiva,persistent_uncovered = 1.00
32,15006,15.0,throw_in,4-4-2 x 4-2-3-1,balanced x counter,P1_SUSPEITA,invasao_lateral,FALSO_POSITIVO,—,—,"Defeito de MEDIÇÃO do coletor, não do motor. A régua usa `y` absoluto igual para os dois times (script:141-142), mas os lados são espelhados por equipe — medido no estado bruto: LB do time 0 tem hy=0,110 e LB do time 1 tem hy=0,785. Todo ala de um dos times é marcado NA PRÓPRIA POSIÇÃO-BASE. Sobre os 120 lances a régua do coletor marca 48,95% das amostras (≈ um time inteiro de alas); a régua relativa à base mede 96,31% de respeito ao lado.",§26 respeito aos lados,lado respeitado neste lance = 1.0000 (coletor dizia invasão em 100% dos quadros)
33,15006,32.0,manager_change,4-4-2 x 4-2-3-1,balanced x counter,P1_SUSPEITA,invasao_lateral,FALSO_POSITIVO,—,—,"Defeito de MEDIÇÃO do coletor, não do motor. A régua usa `y` absoluto igual para os dois times (script:141-142), mas os lados são espelhados por equipe — medido no estado bruto: LB do time 0 tem hy=0,110 e LB do time 1 tem hy=0,785. Todo ala de um dos times é marcado NA PRÓPRIA POSIÇÃO-BASE. Sobre os 120 lances a régua do coletor marca 48,95% das amostras (≈ um time inteiro de alas); a régua relativa à base mede 96,31% de respeito ao lado.",§26 respeito aos lados,lado respeitado neste lance = 0.9756 (coletor dizia invasão em 100% dos quadros)
34,15006,45.0,foul,4-4-2 x 4-2-3-1,balanced x counter,P1_SUSPEITA,invasao_lateral,FALSO_POSITIVO,—,—,"Defeito de MEDIÇÃO do coletor, não do motor. A régua usa `y` absoluto igual para os dois times (script:141-142), mas os lados são espelhados por equipe — medido no estado bruto: LB do time 0 tem hy=0,110 e LB do time 1 tem hy=0,785. Todo ala de um dos times é marcado NA PRÓPRIA POSIÇÃO-BASE. Sobre os 120 lances a régua do coletor marca 48,95% das amostras (≈ um time inteiro de alas); a régua relativa à base mede 96,31% de respeito ao lado.",§26 respeito aos lados,lado respeitado neste lance = 0.8750 (coletor dizia invasão em 100% dos quadros)
34,15006,45.0,foul,4-4-2 x 4-2-3-1,balanced x counter,P1_SUSPEITA,ameaca_sem_marcador,CONFIRMADO_P0,defesa,_defendTarget ramo _markRef (30-r13-football-observer.js:561),"Cobertura de ameaça medida em 0,618 sobre 294 partidas (limite 0,65). As cinco tentativas de parâmetro registradas no handoff não moveram a métrica (travada em 0,68–0,71): o gargalo é o CÁLCULO da posição de marcação, não o ajuste. `_defendTarget` decide 27,4% das posições defensivas pelo ramo `_markRef`.",§30 defesa coletiva,persistent_uncovered = 1.00
35,15006,60.0,run_break,4-4-2 x 4-2-3-1,balanced x counter,P1_SUSPEITA,invasao_lateral,FALSO_POSITIVO,—,—,"Defeito de MEDIÇÃO do coletor, não do motor. A régua usa `y` absoluto igual para os dois times (script:141-142), mas os lados são espelhados por equipe — medido no estado bruto: LB do time 0 tem hy=0,110 e LB do time 1 tem hy=0,785. Todo ala de um dos times é marcado NA PRÓPRIA POSIÇÃO-BASE. Sobre os 120 lances a régua do coletor marca 48,95% das amostras (≈ um time inteiro de alas); a régua relativa à base mede 96,31% de respeito ao lado.",§26 respeito aos lados,lado respeitado neste lance = 0.9479 (coletor dizia invasão em 100% dos quadros)
35,15006,60.0,run_break,4-4-2 x 4-2-3-1,balanced x counter,P1_SUSPEITA,ameaca_sem_marcador,CONFIRMADO_P0,defesa,_defendTarget ramo _markRef (30-r13-football-observer.js:561),"Cobertura de ameaça medida em 0,618 sobre 294 partidas (limite 0,65). As cinco tentativas de parâmetro registradas no handoff não moveram a métrica (travada em 0,68–0,71): o gargalo é o CÁLCULO da posição de marcação, não o ajuste. `_defendTarget` decide 27,4% das posições defensivas pelo ramo `_markRef`.",§30 defesa coletiva,persistent_uncovered = 1.00
36,15006,75.0,tactical_snapshot,4-4-2 x 4-2-3-1,balanced x counter,P1_SUSPEITA,invasao_lateral,CONFIRMADO_P1,posicionamento,_attackTarget / _defendTarget,"Invasão de lado sobrevive à régua corrigida (relativa à posição-base). §26 admite invasão por rotação, cobertura, transição ou perseguição — mas exige motivo, duração, compensação e retorno, e o motor não registra nenhum dos quatro (§18 não implementado).",§18 contrato de função (não iniciada),lado respeitado neste lance = 0.8125
36,15006,75.0,tactical_snapshot,4-4-2 x 4-2-3-1,balanced x counter,P1_SUSPEITA,ameaca_sem_marcador,CONFIRMADO_P0,defesa,_defendTarget ramo _markRef (30-r13-football-observer.js:561),"Cobertura de ameaça medida em 0,618 sobre 294 partidas (limite 0,65). As cinco tentativas de parâmetro registradas no handoff não moveram a métrica (travada em 0,68–0,71): o gargalo é o CÁLCULO da posição de marcação, não o ajuste. `_defendTarget` decide 27,4% das posições defensivas pelo ramo `_markRef`.",§30 defesa coletiva,persistent_uncovered = 1.00
37,15007,1.0,through,4-4-2 x 3-5-2,balanced x direct,P1_SUSPEITA,invasao_lateral,FALSO_POSITIVO,—,—,"Defeito de MEDIÇÃO do coletor, não do motor. A régua usa `y` absoluto igual para os dois times (script:141-142), mas os lados são espelhados por equipe — medido no estado bruto: LB do time 0 tem hy=0,110 e LB do time 1 tem hy=0,785. Todo ala de um dos times é marcado NA PRÓPRIA POSIÇÃO-BASE. Sobre os 120 lances a régua do coletor marca 48,95% das amostras (≈ um time inteiro de alas); a régua relativa à base mede 96,31% de respeito ao lado.",§26 respeito aos lados,lado respeitado neste lance = 1.0000 (coletor dizia invasão em 100% dos quadros)
38,15007,15.0,tactical_snapshot,4-4-2 x 3-5-2,balanced x direct,P0_SUSPEITA,velocidade,CONFIRMADO_P1,movimento,commitMovement + guarda global (29-r12:85 e :90),"A guarda de frame permite `maxSpd*dt*1.28 + 0.20` por passo. A 7 m/s e dt=1/30 isso autoriza 0,499 m/passo = 14,9 m/s = 2,14× maxSpd. O teto efetivo do motor é o dobro do atributo do jogador, então `maxSpd` não é limite de velocidade — é sugestão.",§32 física,max_speed_ratio = 1.654× maxSpd (reconferido no estado bruto)
38,15007,15.0,tactical_snapshot,4-4-2 x 3-5-2,balanced x direct,P0_SUSPEITA,invasao_lateral,FALSO_POSITIVO,—,—,"Defeito de MEDIÇÃO do coletor, não do motor. A régua usa `y` absoluto igual para os dois times (script:141-142), mas os lados são espelhados por equipe — medido no estado bruto: LB do time 0 tem hy=0,110 e LB do time 1 tem hy=0,785. Todo ala de um dos times é marcado NA PRÓPRIA POSIÇÃO-BASE. Sobre os 120 lances a régua do coletor marca 48,95% das amostras (≈ um time inteiro de alas); a régua relativa à base mede 96,31% de respeito ao lado.",§26 respeito aos lados,lado respeitado neste lance = 1.0000 (coletor dizia invasão em 100% dos quadros)
39,15007,31.0,tactical_snapshot,4-4-2 x 3-5-2,balanced x direct,P1_SUSPEITA,invasao_lateral,FALSO_POSITIVO,—,—,"Defeito de MEDIÇÃO do coletor, não do motor. A régua usa `y` absoluto igual para os dois times (script:141-142), mas os lados são espelhados por equipe — medido no estado bruto: LB do time 0 tem hy=0,110 e LB do time 1 tem hy=0,785. Todo ala de um dos times é marcado NA PRÓPRIA POSIÇÃO-BASE. Sobre os 120 lances a régua do coletor marca 48,95% das amostras (≈ um time inteiro de alas); a régua relativa à base mede 96,31% de respeito ao lado.",§26 respeito aos lados,lado respeitado neste lance = 0.9861 (coletor dizia invasão em 100% dos quadros)
40,15007,47.0,tactical_snapshot,4-4-2 x 3-5-2,balanced x direct,P1_SUSPEITA,invasao_lateral,FALSO_POSITIVO,—,—,"Defeito de MEDIÇÃO do coletor, não do motor. A régua usa `y` absoluto igual para os dois times (script:141-142), mas os lados são espelhados por equipe — medido no estado bruto: LB do time 0 tem hy=0,110 e LB do time 1 tem hy=0,785. Todo ala de um dos times é marcado NA PRÓPRIA POSIÇÃO-BASE. Sobre os 120 lances a régua do coletor marca 48,95% das amostras (≈ um time inteiro de alas); a régua relativa à base mede 96,31% de respeito ao lado.",§26 respeito aos lados,lado respeitado neste lance = 1.0000 (coletor dizia invasão em 100% dos quadros)
40,15007,47.0,tactical_snapshot,4-4-2 x 3-5-2,balanced x direct,P1_SUSPEITA,ameaca_sem_marcador,CONFIRMADO_P0,defesa,_defendTarget ramo _markRef (30-r13-football-observer.js:561),"Cobertura de ameaça medida em 0,618 sobre 294 partidas (limite 0,65). As cinco tentativas de parâmetro registradas no handoff não moveram a métrica (travada em 0,68–0,71): o gargalo é o CÁLCULO da posição de marcação, não o ajuste. `_defendTarget` decide 27,4% das posições defensivas pelo ramo `_markRef`.",§30 defesa coletiva,persistent_uncovered = 1.00
41,15007,60.0,gk_claim,4-4-2 x 3-5-2,balanced x direct,P0_SUSPEITA,velocidade,CONFIRMADO_P1,movimento,commitMovement + guarda global (29-r12:85 e :90),"A guarda de frame permite `maxSpd*dt*1.28 + 0.20` por passo. A 7 m/s e dt=1/30 isso autoriza 0,499 m/passo = 14,9 m/s = 2,14× maxSpd. O teto efetivo do motor é o dobro do atributo do jogador, então `maxSpd` não é limite de velocidade — é sugestão.",§32 física,max_speed_ratio = 1.422× maxSpd (reconferido no estado bruto)
41,15007,60.0,gk_claim,4-4-2 x 3-5-2,balanced x direct,P0_SUSPEITA,invasao_lateral,FALSO_POSITIVO,—,—,"Defeito de MEDIÇÃO do coletor, não do motor. A régua usa `y` absoluto igual para os dois times (script:141-142), mas os lados são espelhados por equipe — medido no estado bruto: LB do time 0 tem hy=0,110 e LB do time 1 tem hy=0,785. Todo ala de um dos times é marcado NA PRÓPRIA POSIÇÃO-BASE. Sobre os 120 lances a régua do coletor marca 48,95% das amostras (≈ um time inteiro de alas); a régua relativa à base mede 96,31% de respeito ao lado.",§26 respeito aos lados,lado respeitado neste lance = 0.8750 (coletor dizia invasão em 100% dos quadros)
41,15007,60.0,gk_claim,4-4-2 x 3-5-2,balanced x direct,P0_SUSPEITA,ameaca_sem_marcador,CONFIRMADO_P0,defesa,_defendTarget ramo _markRef (30-r13-football-observer.js:561),"Cobertura de ameaça medida em 0,618 sobre 294 partidas (limite 0,65). As cinco tentativas de parâmetro registradas no handoff não moveram a métrica (travada em 0,68–0,71): o gargalo é o CÁLCULO da posição de marcação, não o ajuste. `_defendTarget` decide 27,4% das posições defensivas pelo ramo `_markRef`.",§30 defesa coletiva,persistent_uncovered = 1.00
42,15007,75.0,through,4-4-2 x 3-5-2,balanced x direct,P1_SUSPEITA,invasao_lateral,CONFIRMADO_P1,posicionamento,_attackTarget / _defendTarget,"Invasão de lado sobrevive à régua corrigida (relativa à posição-base). §26 admite invasão por rotação, cobertura, transição ou perseguição — mas exige motivo, duração, compensação e retorno, e o motor não registra nenhum dos quatro (§18 não implementado).",§18 contrato de função (não iniciada),lado respeitado neste lance = 0.8021
43,15008,1.0,through,4-2-2-2 x 4-3-2-1,tiki x balanced,P1_SUSPEITA,invasao_lateral,FALSO_POSITIVO,—,—,"Defeito de MEDIÇÃO do coletor, não do motor. A régua usa `y` absoluto igual para os dois times (script:141-142), mas os lados são espelhados por equipe — medido no estado bruto: LB do time 0 tem hy=0,110 e LB do time 1 tem hy=0,785. Todo ala de um dos times é marcado NA PRÓPRIA POSIÇÃO-BASE. Sobre os 120 lances a régua do coletor marca 48,95% das amostras (≈ um time inteiro de alas); a régua relativa à base mede 96,31% de respeito ao lado.",§26 respeito aos lados,lado respeitado neste lance = 1.0000 (coletor dizia invasão em 100% dos quadros)
44,15008,15.0,through,4-2-2-2 x 4-3-2-1,tiki x balanced,P1_SUSPEITA,invasao_lateral,FALSO_POSITIVO,—,—,"Defeito de MEDIÇÃO do coletor, não do motor. A régua usa `y` absoluto igual para os dois times (script:141-142), mas os lados são espelhados por equipe — medido no estado bruto: LB do time 0 tem hy=0,110 e LB do time 1 tem hy=0,785. Todo ala de um dos times é marcado NA PRÓPRIA POSIÇÃO-BASE. Sobre os 120 lances a régua do coletor marca 48,95% das amostras (≈ um time inteiro de alas); a régua relativa à base mede 96,31% de respeito ao lado.",§26 respeito aos lados,lado respeitado neste lance = 1.0000 (coletor dizia invasão em 100% dos quadros)
45,15008,30.0,bad_pass,4-2-2-2 x 4-3-2-1,tiki x balanced,P0_SUSPEITA,velocidade,CONFIRMADO_P1,movimento,commitMovement + guarda global (29-r12:85 e :90),"A guarda de frame permite `maxSpd*dt*1.28 + 0.20` por passo. A 7 m/s e dt=1/30 isso autoriza 0,499 m/passo = 14,9 m/s = 2,14× maxSpd. O teto efetivo do motor é o dobro do atributo do jogador, então `maxSpd` não é limite de velocidade — é sugestão.",§32 física,max_speed_ratio = 1.690× maxSpd (reconferido no estado bruto)
45,15008,30.0,bad_pass,4-2-2-2 x 4-3-2-1,tiki x balanced,P0_SUSPEITA,invasao_lateral,FALSO_POSITIVO,—,—,"Defeito de MEDIÇÃO do coletor, não do motor. A régua usa `y` absoluto igual para os dois times (script:141-142), mas os lados são espelhados por equipe — medido no estado bruto: LB do time 0 tem hy=0,110 e LB do time 1 tem hy=0,785. Todo ala de um dos times é marcado NA PRÓPRIA POSIÇÃO-BASE. Sobre os 120 lances a régua do coletor marca 48,95% das amostras (≈ um time inteiro de alas); a régua relativa à base mede 96,31% de respeito ao lado.",§26 respeito aos lados,lado respeitado neste lance = 1.0000 (coletor dizia invasão em 100% dos quadros)
46,15008,45.0,tackle,4-2-2-2 x 4-3-2-1,tiki x balanced,P0_SUSPEITA,velocidade,CONFIRMADO_P1,movimento,commitMovement + guarda global (29-r12:85 e :90),"A guarda de frame permite `maxSpd*dt*1.28 + 0.20` por passo. A 7 m/s e dt=1/30 isso autoriza 0,499 m/passo = 14,9 m/s = 2,14× maxSpd. O teto efetivo do motor é o dobro do atributo do jogador, então `maxSpd` não é limite de velocidade — é sugestão.",§32 física,max_speed_ratio = 1.292× maxSpd (reconferido no estado bruto)
46,15008,45.0,tackle,4-2-2-2 x 4-3-2-1,tiki x balanced,P0_SUSPEITA,invasao_lateral,FALSO_POSITIVO,—,—,"Defeito de MEDIÇÃO do coletor, não do motor. A régua usa `y` absoluto igual para os dois times (script:141-142), mas os lados são espelhados por equipe — medido no estado bruto: LB do time 0 tem hy=0,110 e LB do time 1 tem hy=0,785. Todo ala de um dos times é marcado NA PRÓPRIA POSIÇÃO-BASE. Sobre os 120 lances a régua do coletor marca 48,95% das amostras (≈ um time inteiro de alas); a régua relativa à base mede 96,31% de respeito ao lado.",§26 respeito aos lados,lado respeitado neste lance = 0.8750 (coletor dizia invasão em 100% dos quadros)
46,15008,45.0,tackle,4-2-2-2 x 4-3-2-1,tiki x balanced,P0_SUSPEITA,ameaca_sem_marcador,CONFIRMADO_P0,defesa,_defendTarget ramo _markRef (30-r13-football-observer.js:561),"Cobertura de ameaça medida em 0,618 sobre 294 partidas (limite 0,65). As cinco tentativas de parâmetro registradas no handoff não moveram a métrica (travada em 0,68–0,71): o gargalo é o CÁLCULO da posição de marcação, não o ajuste. `_defendTarget` decide 27,4% das posições defensivas pelo ramo `_markRef`.",§30 defesa coletiva,persistent_uncovered = 1.00
47,15008,63.0,tactical_snapshot,4-2-2-2 x 4-3-2-1,tiki x balanced,P1_SUSPEITA,invasao_lateral,FALSO_POSITIVO,—,—,"Defeito de MEDIÇÃO do coletor, não do motor. A régua usa `y` absoluto igual para os dois times (script:141-142), mas os lados são espelhados por equipe — medido no estado bruto: LB do time 0 tem hy=0,110 e LB do time 1 tem hy=0,785. Todo ala de um dos times é marcado NA PRÓPRIA POSIÇÃO-BASE. Sobre os 120 lances a régua do coletor marca 48,95% das amostras (≈ um time inteiro de alas); a régua relativa à base mede 96,31% de respeito ao lado.",§26 respeito aos lados,lado respeitado neste lance = 1.0000 (coletor dizia invasão em 100% dos quadros)
48,15008,75.0,bad_pass,4-2-2-2 x 4-3-2-1,tiki x balanced,P1_SUSPEITA,invasao_lateral,FALSO_POSITIVO,—,—,"Defeito de MEDIÇÃO do coletor, não do motor. A régua usa `y` absoluto igual para os dois times (script:141-142), mas os lados são espelhados por equipe — medido no estado bruto: LB do time 0 tem hy=0,110 e LB do time 1 tem hy=0,785. Todo ala de um dos times é marcado NA PRÓPRIA POSIÇÃO-BASE. Sobre os 120 lances a régua do coletor marca 48,95% das amostras (≈ um time inteiro de alas); a régua relativa à base mede 96,31% de respeito ao lado.",§26 respeito aos lados,lado respeitado neste lance = 0.9167 (coletor dizia invasão em 100% dos quadros)
48,15008,75.0,bad_pass,4-2-2-2 x 4-3-2-1,tiki x balanced,P1_SUSPEITA,ameaca_sem_marcador,CONFIRMADO_P0,defesa,_defendTarget ramo _markRef (30-r13-football-observer.js:561),"Cobertura de ameaça medida em 0,618 sobre 294 partidas (limite 0,65). As cinco tentativas de parâmetro registradas no handoff não moveram a métrica (travada em 0,68–0,71): o gargalo é o CÁLCULO da posição de marcação, não o ajuste. `_defendTarget` decide 27,4% das posições defensivas pelo ramo `_markRef`.",§30 defesa coletiva,persistent_uncovered = 1.00
49,15009,3.0,tactical_snapshot,3-4-3 x 5-3-2,press x counter,P1_SUSPEITA,invasao_lateral,FALSO_POSITIVO,—,—,"Defeito de MEDIÇÃO do coletor, não do motor. A régua usa `y` absoluto igual para os dois times (script:141-142), mas os lados são espelhados por equipe — medido no estado bruto: LB do time 0 tem hy=0,110 e LB do time 1 tem hy=0,785. Todo ala de um dos times é marcado NA PRÓPRIA POSIÇÃO-BASE. Sobre os 120 lances a régua do coletor marca 48,95% das amostras (≈ um time inteiro de alas); a régua relativa à base mede 96,31% de respeito ao lado.",§26 respeito aos lados,lado respeitado neste lance = 1.0000 (coletor dizia invasão em 100% dos quadros)
50,15009,16.0,through,3-4-3 x 5-3-2,press x counter,P1_SUSPEITA,invasao_lateral,FALSO_POSITIVO,—,—,"Defeito de MEDIÇÃO do coletor, não do motor. A régua usa `y` absoluto igual para os dois times (script:141-142), mas os lados são espelhados por equipe — medido no estado bruto: LB do time 0 tem hy=0,110 e LB do time 1 tem hy=0,785. Todo ala de um dos times é marcado NA PRÓPRIA POSIÇÃO-BASE. Sobre os 120 lances a régua do coletor marca 48,95% das amostras (≈ um time inteiro de alas); a régua relativa à base mede 96,31% de respeito ao lado.",§26 respeito aos lados,lado respeitado neste lance = 1.0000 (coletor dizia invasão em 100% dos quadros)
51,15009,30.0,offside,3-4-3 x 5-3-2,press x counter,P1_SUSPEITA,invasao_lateral,FALSO_POSITIVO,—,—,"Defeito de MEDIÇÃO do coletor, não do motor. A régua usa `y` absoluto igual para os dois times (script:141-142), mas os lados são espelhados por equipe — medido no estado bruto: LB do time 0 tem hy=0,110 e LB do time 1 tem hy=0,785. Todo ala de um dos times é marcado NA PRÓPRIA POSIÇÃO-BASE. Sobre os 120 lances a régua do coletor marca 48,95% das amostras (≈ um time inteiro de alas); a régua relativa à base mede 96,31% de respeito ao lado.",§26 respeito aos lados,lado respeitado neste lance = 1.0000 (coletor dizia invasão em 100% dos quadros)
52,15009,47.0,tactical_snapshot,3-4-3 x 5-3-2,press x counter,P1_SUSPEITA,invasao_lateral,FALSO_POSITIVO,—,—,"Defeito de MEDIÇÃO do coletor, não do motor. A régua usa `y` absoluto igual para os dois times (script:141-142), mas os lados são espelhados por equipe — medido no estado bruto: LB do time 0 tem hy=0,110 e LB do time 1 tem hy=0,785. Todo ala de um dos times é marcado NA PRÓPRIA POSIÇÃO-BASE. Sobre os 120 lances a régua do coletor marca 48,95% das amostras (≈ um time inteiro de alas); a régua relativa à base mede 96,31% de respeito ao lado.",§26 respeito aos lados,lado respeitado neste lance = 1.0000 (coletor dizia invasão em 100% dos quadros)
52,15009,47.0,tactical_snapshot,3-4-3 x 5-3-2,press x counter,P1_SUSPEITA,ameaca_sem_marcador,CONFIRMADO_P0,defesa,_defendTarget ramo _markRef (30-r13-football-observer.js:561),"Cobertura de ameaça medida em 0,618 sobre 294 partidas (limite 0,65). As cinco tentativas de parâmetro registradas no handoff não moveram a métrica (travada em 0,68–0,71): o gargalo é o CÁLCULO da posição de marcação, não o ajuste. `_defendTarget` decide 27,4% das posições defensivas pelo ramo `_markRef`.",§30 defesa coletiva,persistent_uncovered = 1.00
53,15009,63.0,tactical_snapshot,3-4-3 x 5-3-2,press x counter,P1_SUSPEITA,invasao_lateral,FALSO_POSITIVO,—,—,"Defeito de MEDIÇÃO do coletor, não do motor. A régua usa `y` absoluto igual para os dois times (script:141-142), mas os lados são espelhados por equipe — medido no estado bruto: LB do time 0 tem hy=0,110 e LB do time 1 tem hy=0,785. Todo ala de um dos times é marcado NA PRÓPRIA POSIÇÃO-BASE. Sobre os 120 lances a régua do coletor marca 48,95% das amostras (≈ um time inteiro de alas); a régua relativa à base mede 96,31% de respeito ao lado.",§26 respeito aos lados,lado respeitado neste lance = 0.9722 (coletor dizia invasão em 100% dos quadros)
54,15009,75.0,blocked,3-4-3 x 5-3-2,press x counter,P1_SUSPEITA,invasao_lateral,FALSO_POSITIVO,—,—,"Defeito de MEDIÇÃO do coletor, não do motor. A régua usa `y` absoluto igual para os dois times (script:141-142), mas os lados são espelhados por equipe — medido no estado bruto: LB do time 0 tem hy=0,110 e LB do time 1 tem hy=0,785. Todo ala de um dos times é marcado NA PRÓPRIA POSIÇÃO-BASE. Sobre os 120 lances a régua do coletor marca 48,95% das amostras (≈ um time inteiro de alas); a régua relativa à base mede 96,31% de respeito ao lado.",§26 respeito aos lados,lado respeitado neste lance = 1.0000 (coletor dizia invasão em 100% dos quadros)
55,15010,2.0,dribble,4-3-1-2 x 4-2-4,direct x wings,P1_SUSPEITA,invasao_lateral,FALSO_POSITIVO,—,—,"Defeito de MEDIÇÃO do coletor, não do motor. A régua usa `y` absoluto igual para os dois times (script:141-142), mas os lados são espelhados por equipe — medido no estado bruto: LB do time 0 tem hy=0,110 e LB do time 1 tem hy=0,785. Todo ala de um dos times é marcado NA PRÓPRIA POSIÇÃO-BASE. Sobre os 120 lances a régua do coletor marca 48,95% das amostras (≈ um time inteiro de alas); a régua relativa à base mede 96,31% de respeito ao lado.",§26 respeito aos lados,lado respeitado neste lance = 1.0000 (coletor dizia invasão em 100% dos quadros)
56,15010,15.0,tactical_snapshot,4-3-1-2 x 4-2-4,direct x wings,P0_SUSPEITA,velocidade,CONFIRMADO_P1,movimento,commitMovement + guarda global (29-r12:85 e :90),"A guarda de frame permite `maxSpd*dt*1.28 + 0.20` por passo. A 7 m/s e dt=1/30 isso autoriza 0,499 m/passo = 14,9 m/s = 2,14× maxSpd. O teto efetivo do motor é o dobro do atributo do jogador, então `maxSpd` não é limite de velocidade — é sugestão.",§32 física,max_speed_ratio = 1.244× maxSpd (reconferido no estado bruto)
56,15010,15.0,tactical_snapshot,4-3-1-2 x 4-2-4,direct x wings,P0_SUSPEITA,invasao_lateral,FALSO_POSITIVO,—,—,"Defeito de MEDIÇÃO do coletor, não do motor. A régua usa `y` absoluto igual para os dois times (script:141-142), mas os lados são espelhados por equipe — medido no estado bruto: LB do time 0 tem hy=0,110 e LB do time 1 tem hy=0,785. Todo ala de um dos times é marcado NA PRÓPRIA POSIÇÃO-BASE. Sobre os 120 lances a régua do coletor marca 48,95% das amostras (≈ um time inteiro de alas); a régua relativa à base mede 96,31% de respeito ao lado.",§26 respeito aos lados,lado respeitado neste lance = 0.9861 (coletor dizia invasão em 100% dos quadros)
57,15010,31.0,tactical_snapshot,4-3-1-2 x 4-2-4,direct x wings,P0_SUSPEITA,velocidade,CONFIRMADO_P1,movimento,commitMovement + guarda global (29-r12:85 e :90),"A guarda de frame permite `maxSpd*dt*1.28 + 0.20` por passo. A 7 m/s e dt=1/30 isso autoriza 0,499 m/passo = 14,9 m/s = 2,14× maxSpd. O teto efetivo do motor é o dobro do atributo do jogador, então `maxSpd` não é limite de velocidade — é sugestão.",§32 física,max_speed_ratio = 1.292× maxSpd (reconferido no estado bruto)
57,15010,31.0,tactical_snapshot,4-3-1-2 x 4-2-4,direct x wings,P0_SUSPEITA,invasao_lateral,FALSO_POSITIVO,—,—,"Defeito de MEDIÇÃO do coletor, não do motor. A régua usa `y` absoluto igual para os dois times (script:141-142), mas os lados são espelhados por equipe — medido no estado bruto: LB do time 0 tem hy=0,110 e LB do time 1 tem hy=0,785. Todo ala de um dos times é marcado NA PRÓPRIA POSIÇÃO-BASE. Sobre os 120 lances a régua do coletor marca 48,95% das amostras (≈ um time inteiro de alas); a régua relativa à base mede 96,31% de respeito ao lado.",§26 respeito aos lados,lado respeitado neste lance = 1.0000 (coletor dizia invasão em 100% dos quadros)
58,15010,45.0,intercept,4-3-1-2 x 4-2-4,direct x wings,P0_SUSPEITA,teleporte,FALSO_POSITIVO,—,—,Troca de lado na virada do intervalo — deslocamento legítimo.,—,"19 saltos, todos com mudança de tempo ou em 44–47,5'"
58,15010,45.0,intercept,4-3-1-2 x 4-2-4,direct x wings,P0_SUSPEITA,invasao_lateral,FALSO_POSITIVO,—,—,"Defeito de MEDIÇÃO do coletor, não do motor. A régua usa `y` absoluto igual para os dois times (script:141-142), mas os lados são espelhados por equipe — medido no estado bruto: LB do time 0 tem hy=0,110 e LB do time 1 tem hy=0,785. Todo ala de um dos times é marcado NA PRÓPRIA POSIÇÃO-BASE. Sobre os 120 lances a régua do coletor marca 48,95% das amostras (≈ um time inteiro de alas); a régua relativa à base mede 96,31% de respeito ao lado.",§26 respeito aos lados,lado respeitado neste lance = 1.0000 (coletor dizia invasão em 100% dos quadros)
58,15010,45.0,intercept,4-3-1-2 x 4-2-4,direct x wings,P0_SUSPEITA,ameaca_sem_marcador,CONFIRMADO_P0,defesa,_defendTarget ramo _markRef (30-r13-football-observer.js:561),"Cobertura de ameaça medida em 0,618 sobre 294 partidas (limite 0,65). As cinco tentativas de parâmetro registradas no handoff não moveram a métrica (travada em 0,68–0,71): o gargalo é o CÁLCULO da posição de marcação, não o ajuste. `_defendTarget` decide 27,4% das posições defensivas pelo ramo `_markRef`.",§30 defesa coletiva,persistent_uncovered = 1.00
59,15010,60.0,offside_trap,4-3-1-2 x 4-2-4,direct x wings,P1_SUSPEITA,invasao_lateral,FALSO_POSITIVO,—,—,"Defeito de MEDIÇÃO do coletor, não do motor. A régua usa `y` absoluto igual para os dois times (script:141-142), mas os lados são espelhados por equipe — medido no estado bruto: LB do time 0 tem hy=0,110 e LB do time 1 tem hy=0,785. Todo ala de um dos times é marcado NA PRÓPRIA POSIÇÃO-BASE. Sobre os 120 lances a régua do coletor marca 48,95% das amostras (≈ um time inteiro de alas); a régua relativa à base mede 96,31% de respeito ao lado.",§26 respeito aos lados,lado respeitado neste lance = 1.0000 (coletor dizia invasão em 100% dos quadros)
59,15010,60.0,offside_trap,4-3-1-2 x 4-2-4,direct x wings,P1_SUSPEITA,ameaca_sem_marcador,CONFIRMADO_P0,defesa,_defendTarget ramo _markRef (30-r13-football-observer.js:561),"Cobertura de ameaça medida em 0,618 sobre 294 partidas (limite 0,65). As cinco tentativas de parâmetro registradas no handoff não moveram a métrica (travada em 0,68–0,71): o gargalo é o CÁLCULO da posição de marcação, não o ajuste. `_defendTarget` decide 27,4% das posições defensivas pelo ramo `_markRef`.",§30 defesa coletiva,persistent_uncovered = 1.00
60,15010,76.0,intercept,4-3-1-2 x 4-2-4,direct x wings,P0_SUSPEITA,velocidade,CONFIRMADO_P1,movimento,commitMovement + guarda global (29-r12:85 e :90),"A guarda de frame permite `maxSpd*dt*1.28 + 0.20` por passo. A 7 m/s e dt=1/30 isso autoriza 0,499 m/passo = 14,9 m/s = 2,14× maxSpd. O teto efetivo do motor é o dobro do atributo do jogador, então `maxSpd` não é limite de velocidade — é sugestão.",§32 física,max_speed_ratio = 1.491× maxSpd (reconferido no estado bruto)
60,15010,76.0,intercept,4-3-1-2 x 4-2-4,direct x wings,P0_SUSPEITA,invasao_lateral,FALSO_POSITIVO,—,—,"Defeito de MEDIÇÃO do coletor, não do motor. A régua usa `y` absoluto igual para os dois times (script:141-142), mas os lados são espelhados por equipe — medido no estado bruto: LB do time 0 tem hy=0,110 e LB do time 1 tem hy=0,785. Todo ala de um dos times é marcado NA PRÓPRIA POSIÇÃO-BASE. Sobre os 120 lances a régua do coletor marca 48,95% das amostras (≈ um time inteiro de alas); a régua relativa à base mede 96,31% de respeito ao lado.",§26 respeito aos lados,lado respeitado neste lance = 1.0000 (coletor dizia invasão em 100% dos quadros)
60,15010,76.0,intercept,4-3-1-2 x 4-2-4,direct x wings,P0_SUSPEITA,ameaca_sem_marcador,CONFIRMADO_P0,defesa,_defendTarget ramo _markRef (30-r13-football-observer.js:561),"Cobertura de ameaça medida em 0,618 sobre 294 partidas (limite 0,65). As cinco tentativas de parâmetro registradas no handoff não moveram a métrica (travada em 0,68–0,71): o gargalo é o CÁLCULO da posição de marcação, não o ajuste. `_defendTarget` decide 27,4% das posições defensivas pelo ramo `_markRef`.",§30 defesa coletiva,persistent_uncovered = 1.00
61,15011,0.0,bad_pass,4-3-3 x 4-4-2,direct x balanced,P0_SUSPEITA,teleporte,CONFIRMADO_P0,movimento / reinício,P.step (guarda administrativa) + reposicionamento de bola parada,"A guarda global de movimento em P.step (29-r12-transactional-core.js:89) é DESLIGADA quando `dead>0 || waiting || pendingRestart`. Durante reinícios e mudanças administrativas a posição é escrita direto, sem passar por _integrate nem pelo clamp de passo. §17 exige que a forma surja da movimentação física, nunca de teletransporte.",§32/§36 física e regras,8.1 m em 0.267 s de física (30 m/s) · Torres aos 0'
61,15011,0.0,bad_pass,4-3-3 x 4-4-2,direct x balanced,P0_SUSPEITA,invasao_lateral,FALSO_POSITIVO,—,—,"Defeito de MEDIÇÃO do coletor, não do motor. A régua usa `y` absoluto igual para os dois times (script:141-142), mas os lados são espelhados por equipe — medido no estado bruto: LB do time 0 tem hy=0,110 e LB do time 1 tem hy=0,785. Todo ala de um dos times é marcado NA PRÓPRIA POSIÇÃO-BASE. Sobre os 120 lances a régua do coletor marca 48,95% das amostras (≈ um time inteiro de alas); a régua relativa à base mede 96,31% de respeito ao lado.",§26 respeito aos lados,lado respeitado neste lance = 1.0000 (coletor dizia invasão em 100% dos quadros)
62,15011,16.0,through,4-3-3 x 4-4-2,direct x balanced,P1_SUSPEITA,invasao_lateral,FALSO_POSITIVO,—,—,"Defeito de MEDIÇÃO do coletor, não do motor. A régua usa `y` absoluto igual para os dois times (script:141-142), mas os lados são espelhados por equipe — medido no estado bruto: LB do time 0 tem hy=0,110 e LB do time 1 tem hy=0,785. Todo ala de um dos times é marcado NA PRÓPRIA POSIÇÃO-BASE. Sobre os 120 lances a régua do coletor marca 48,95% das amostras (≈ um time inteiro de alas); a régua relativa à base mede 96,31% de respeito ao lado.",§26 respeito aos lados,lado respeitado neste lance = 1.0000 (coletor dizia invasão em 100% dos quadros)
63,15011,31.0,tactical_snapshot,4-3-3 x 4-4-2,direct x balanced,P0_SUSPEITA,velocidade,CONFIRMADO_P1,movimento,commitMovement + guarda global (29-r12:85 e :90),"A guarda de frame permite `maxSpd*dt*1.28 + 0.20` por passo. A 7 m/s e dt=1/30 isso autoriza 0,499 m/passo = 14,9 m/s = 2,14× maxSpd. O teto efetivo do motor é o dobro do atributo do jogador, então `maxSpd` não é limite de velocidade — é sugestão.",§32 física,max_speed_ratio = 1.706× maxSpd (reconferido no estado bruto)
63,15011,31.0,tactical_snapshot,4-3-3 x 4-4-2,direct x balanced,P0_SUSPEITA,invasao_lateral,FALSO_POSITIVO,—,—,"Defeito de MEDIÇÃO do coletor, não do motor. A régua usa `y` absoluto igual para os dois times (script:141-142), mas os lados são espelhados por equipe — medido no estado bruto: LB do time 0 tem hy=0,110 e LB do time 1 tem hy=0,785. Todo ala de um dos times é marcado NA PRÓPRIA POSIÇÃO-BASE. Sobre os 120 lances a régua do coletor marca 48,95% das amostras (≈ um time inteiro de alas); a régua relativa à base mede 96,31% de respeito ao lado.",§26 respeito aos lados,lado respeitado neste lance = 1.0000 (coletor dizia invasão em 100% dos quadros)
64,15011,47.0,tactical_snapshot,4-3-3 x 4-4-2,direct x balanced,P0_SUSPEITA,velocidade,CONFIRMADO_P1,movimento,commitMovement + guarda global (29-r12:85 e :90),"A guarda de frame permite `maxSpd*dt*1.28 + 0.20` por passo. A 7 m/s e dt=1/30 isso autoriza 0,499 m/passo = 14,9 m/s = 2,14× maxSpd. O teto efetivo do motor é o dobro do atributo do jogador, então `maxSpd` não é limite de velocidade — é sugestão.",§32 física,max_speed_ratio = 1.397× maxSpd (reconferido no estado bruto)
64,15011,47.0,tactical_snapshot,4-3-3 x 4-4-2,direct x balanced,P0_SUSPEITA,invasao_lateral,FALSO_POSITIVO,—,—,"Defeito de MEDIÇÃO do coletor, não do motor. A régua usa `y` absoluto igual para os dois times (script:141-142), mas os lados são espelhados por equipe — medido no estado bruto: LB do time 0 tem hy=0,110 e LB do time 1 tem hy=0,785. Todo ala de um dos times é marcado NA PRÓPRIA POSIÇÃO-BASE. Sobre os 120 lances a régua do coletor marca 48,95% das amostras (≈ um time inteiro de alas); a régua relativa à base mede 96,31% de respeito ao lado.",§26 respeito aos lados,lado respeitado neste lance = 1.0000 (coletor dizia invasão em 100% dos quadros)
64,15011,47.0,tactical_snapshot,4-3-3 x 4-4-2,direct x balanced,P0_SUSPEITA,ameaca_sem_marcador,CONFIRMADO_P0,defesa,_defendTarget ramo _markRef (30-r13-football-observer.js:561),"Cobertura de ameaça medida em 0,618 sobre 294 partidas (limite 0,65). As cinco tentativas de parâmetro registradas no handoff não moveram a métrica (travada em 0,68–0,71): o gargalo é o CÁLCULO da posição de marcação, não o ajuste. `_defendTarget` decide 27,4% das posições defensivas pelo ramo `_markRef`.",§30 defesa coletiva,persistent_uncovered = 1.00
65,15011,63.0,tactical_snapshot,4-3-3 x 4-4-2,direct x balanced,P1_SUSPEITA,invasao_lateral,FALSO_POSITIVO,—,—,"Defeito de MEDIÇÃO do coletor, não do motor. A régua usa `y` absoluto igual para os dois times (script:141-142), mas os lados são espelhados por equipe — medido no estado bruto: LB do time 0 tem hy=0,110 e LB do time 1 tem hy=0,785. Todo ala de um dos times é marcado NA PRÓPRIA POSIÇÃO-BASE. Sobre os 120 lances a régua do coletor marca 48,95% das amostras (≈ um time inteiro de alas); a régua relativa à base mede 96,31% de respeito ao lado.",§26 respeito aos lados,lado respeitado neste lance = 0.8611 (coletor dizia invasão em 100% dos quadros)
65,15011,63.0,tactical_snapshot,4-3-3 x 4-4-2,direct x balanced,P1_SUSPEITA,ameaca_sem_marcador,CONFIRMADO_P0,defesa,_defendTarget ramo _markRef (30-r13-football-observer.js:561),"Cobertura de ameaça medida em 0,618 sobre 294 partidas (limite 0,65). As cinco tentativas de parâmetro registradas no handoff não moveram a métrica (travada em 0,68–0,71): o gargalo é o CÁLCULO da posição de marcação, não o ajuste. `_defendTarget` decide 27,4% das posições defensivas pelo ramo `_markRef`.",§30 defesa coletiva,persistent_uncovered = 1.00
66,15011,75.0,tactical_snapshot,4-3-3 x 4-4-2,direct x balanced,P1_SUSPEITA,invasao_lateral,FALSO_POSITIVO,—,—,"Defeito de MEDIÇÃO do coletor, não do motor. A régua usa `y` absoluto igual para os dois times (script:141-142), mas os lados são espelhados por equipe — medido no estado bruto: LB do time 0 tem hy=0,110 e LB do time 1 tem hy=0,785. Todo ala de um dos times é marcado NA PRÓPRIA POSIÇÃO-BASE. Sobre os 120 lances a régua do coletor marca 48,95% das amostras (≈ um time inteiro de alas); a régua relativa à base mede 96,31% de respeito ao lado.",§26 respeito aos lados,lado respeitado neste lance = 1.0000 (coletor dizia invasão em 100% dos quadros)
66,15011,75.0,tactical_snapshot,4-3-3 x 4-4-2,direct x balanced,P1_SUSPEITA,ameaca_sem_marcador,CONFIRMADO_P0,defesa,_defendTarget ramo _markRef (30-r13-football-observer.js:561),"Cobertura de ameaça medida em 0,618 sobre 294 partidas (limite 0,65). As cinco tentativas de parâmetro registradas no handoff não moveram a métrica (travada em 0,68–0,71): o gargalo é o CÁLCULO da posição de marcação, não o ajuste. `_defendTarget` decide 27,4% das posições defensivas pelo ramo `_markRef`.",§30 defesa coletiva,persistent_uncovered = 1.00
67,15012,1.0,through,4-3-3 x 4-2-3-1,counter x press,P1_SUSPEITA,invasao_lateral,FALSO_POSITIVO,—,—,"Defeito de MEDIÇÃO do coletor, não do motor. A régua usa `y` absoluto igual para os dois times (script:141-142), mas os lados são espelhados por equipe — medido no estado bruto: LB do time 0 tem hy=0,110 e LB do time 1 tem hy=0,785. Todo ala de um dos times é marcado NA PRÓPRIA POSIÇÃO-BASE. Sobre os 120 lances a régua do coletor marca 48,95% das amostras (≈ um time inteiro de alas); a régua relativa à base mede 96,31% de respeito ao lado.",§26 respeito aos lados,lado respeitado neste lance = 1.0000 (coletor dizia invasão em 100% dos quadros)
68,15012,15.0,run_break,4-3-3 x 4-2-3-1,counter x press,P0_SUSPEITA,velocidade,CONFIRMADO_P1,movimento,commitMovement + guarda global (29-r12:85 e :90),"A guarda de frame permite `maxSpd*dt*1.28 + 0.20` por passo. A 7 m/s e dt=1/30 isso autoriza 0,499 m/passo = 14,9 m/s = 2,14× maxSpd. O teto efetivo do motor é o dobro do atributo do jogador, então `maxSpd` não é limite de velocidade — é sugestão.",§32 física,max_speed_ratio = 1.230× maxSpd (reconferido no estado bruto)
68,15012,15.0,run_break,4-3-3 x 4-2-3-1,counter x press,P0_SUSPEITA,invasao_lateral,FALSO_POSITIVO,—,—,"Defeito de MEDIÇÃO do coletor, não do motor. A régua usa `y` absoluto igual para os dois times (script:141-142), mas os lados são espelhados por equipe — medido no estado bruto: LB do time 0 tem hy=0,110 e LB do time 1 tem hy=0,785. Todo ala de um dos times é marcado NA PRÓPRIA POSIÇÃO-BASE. Sobre os 120 lances a régua do coletor marca 48,95% das amostras (≈ um time inteiro de alas); a régua relativa à base mede 96,31% de respeito ao lado.",§26 respeito aos lados,lado respeitado neste lance = 1.0000 (coletor dizia invasão em 100% dos quadros)
69,15012,31.0,through,4-3-3 x 4-2-3-1,counter x press,P0_SUSPEITA,velocidade,CONFIRMADO_P1,movimento,commitMovement + guarda global (29-r12:85 e :90),"A guarda de frame permite `maxSpd*dt*1.28 + 0.20` por passo. A 7 m/s e dt=1/30 isso autoriza 0,499 m/passo = 14,9 m/s = 2,14× maxSpd. O teto efetivo do motor é o dobro do atributo do jogador, então `maxSpd` não é limite de velocidade — é sugestão.",§32 física,max_speed_ratio = 1.638× maxSpd (reconferido no estado bruto)
69,15012,31.0,through,4-3-3 x 4-2-3-1,counter x press,P0_SUSPEITA,invasao_lateral,FALSO_POSITIVO,—,—,"Defeito de MEDIÇÃO do coletor, não do motor. A régua usa `y` absoluto igual para os dois times (script:141-142), mas os lados são espelhados por equipe — medido no estado bruto: LB do time 0 tem hy=0,110 e LB do time 1 tem hy=0,785. Todo ala de um dos times é marcado NA PRÓPRIA POSIÇÃO-BASE. Sobre os 120 lances a régua do coletor marca 48,95% das amostras (≈ um time inteiro de alas); a régua relativa à base mede 96,31% de respeito ao lado.",§26 respeito aos lados,lado respeitado neste lance = 1.0000 (coletor dizia invasão em 100% dos quadros)
70,15012,47.0,tactical_snapshot,4-3-3 x 4-2-3-1,counter x press,P1_SUSPEITA,invasao_lateral,FALSO_POSITIVO,—,—,"Defeito de MEDIÇÃO do coletor, não do motor. A régua usa `y` absoluto igual para os dois times (script:141-142), mas os lados são espelhados por equipe — medido no estado bruto: LB do time 0 tem hy=0,110 e LB do time 1 tem hy=0,785. Todo ala de um dos times é marcado NA PRÓPRIA POSIÇÃO-BASE. Sobre os 120 lances a régua do coletor marca 48,95% das amostras (≈ um time inteiro de alas); a régua relativa à base mede 96,31% de respeito ao lado.",§26 respeito aos lados,lado respeitado neste lance = 0.9792 (coletor dizia invasão em 100% dos quadros)
70,15012,47.0,tactical_snapshot,4-3-3 x 4-2-3-1,counter x press,P1_SUSPEITA,ameaca_sem_marcador,CONFIRMADO_P0,defesa,_defendTarget ramo _markRef (30-r13-football-observer.js:561),"Cobertura de ameaça medida em 0,618 sobre 294 partidas (limite 0,65). As cinco tentativas de parâmetro registradas no handoff não moveram a métrica (travada em 0,68–0,71): o gargalo é o CÁLCULO da posição de marcação, não o ajuste. `_defendTarget` decide 27,4% das posições defensivas pelo ramo `_markRef`.",§30 defesa coletiva,persistent_uncovered = 1.00
71,15012,63.0,tactical_snapshot,4-3-3 x 4-2-3-1,counter x press,P1_SUSPEITA,invasao_lateral,FALSO_POSITIVO,—,—,"Defeito de MEDIÇÃO do coletor, não do motor. A régua usa `y` absoluto igual para os dois times (script:141-142), mas os lados são espelhados por equipe — medido no estado bruto: LB do time 0 tem hy=0,110 e LB do time 1 tem hy=0,785. Todo ala de um dos times é marcado NA PRÓPRIA POSIÇÃO-BASE. Sobre os 120 lances a régua do coletor marca 48,95% das amostras (≈ um time inteiro de alas); a régua relativa à base mede 96,31% de respeito ao lado.",§26 respeito aos lados,lado respeitado neste lance = 1.0000 (coletor dizia invasão em 100% dos quadros)
71,15012,63.0,tactical_snapshot,4-3-3 x 4-2-3-1,counter x press,P1_SUSPEITA,ameaca_sem_marcador,CONFIRMADO_P0,defesa,_defendTarget ramo _markRef (30-r13-football-observer.js:561),"Cobertura de ameaça medida em 0,618 sobre 294 partidas (limite 0,65). As cinco tentativas de parâmetro registradas no handoff não moveram a métrica (travada em 0,68–0,71): o gargalo é o CÁLCULO da posição de marcação, não o ajuste. `_defendTarget` decide 27,4% das posições defensivas pelo ramo `_markRef`.",§30 defesa coletiva,persistent_uncovered = 1.00
72,15012,75.0,tactical_snapshot,4-3-3 x 4-2-3-1,counter x press,P0_SUSPEITA,velocidade,CONFIRMADO_P1,movimento,commitMovement + guarda global (29-r12:85 e :90),"A guarda de frame permite `maxSpd*dt*1.28 + 0.20` por passo. A 7 m/s e dt=1/30 isso autoriza 0,499 m/passo = 14,9 m/s = 2,14× maxSpd. O teto efetivo do motor é o dobro do atributo do jogador, então `maxSpd` não é limite de velocidade — é sugestão.",§32 física,max_speed_ratio = 1.231× maxSpd (reconferido no estado bruto)
72,15012,75.0,tactical_snapshot,4-3-3 x 4-2-3-1,counter x press,P0_SUSPEITA,invasao_lateral,FALSO_POSITIVO,—,—,"Defeito de MEDIÇÃO do coletor, não do motor. A régua usa `y` absoluto igual para os dois times (script:141-142), mas os lados são espelhados por equipe — medido no estado bruto: LB do time 0 tem hy=0,110 e LB do time 1 tem hy=0,785. Todo ala de um dos times é marcado NA PRÓPRIA POSIÇÃO-BASE. Sobre os 120 lances a régua do coletor marca 48,95% das amostras (≈ um time inteiro de alas); a régua relativa à base mede 96,31% de respeito ao lado.",§26 respeito aos lados,lado respeitado neste lance = 0.9688 (coletor dizia invasão em 100% dos quadros)
72,15012,75.0,tactical_snapshot,4-3-3 x 4-2-3-1,counter x press,P0_SUSPEITA,ameaca_sem_marcador,CONFIRMADO_P0,defesa,_defendTarget ramo _markRef (30-r13-football-observer.js:561),"Cobertura de ameaça medida em 0,618 sobre 294 partidas (limite 0,65). As cinco tentativas de parâmetro registradas no handoff não moveram a métrica (travada em 0,68–0,71): o gargalo é o CÁLCULO da posição de marcação, não o ajuste. `_defendTarget` decide 27,4% das posições defensivas pelo ramo `_markRef`.",§30 defesa coletiva,persistent_uncovered = 1.00
73,15013,0.0,looseControl,3-4-2-1 x 4-2-3-1,press x counter,P1_SUSPEITA,invasao_lateral,FALSO_POSITIVO,—,—,"Defeito de MEDIÇÃO do coletor, não do motor. A régua usa `y` absoluto igual para os dois times (script:141-142), mas os lados são espelhados por equipe — medido no estado bruto: LB do time 0 tem hy=0,110 e LB do time 1 tem hy=0,785. Todo ala de um dos times é marcado NA PRÓPRIA POSIÇÃO-BASE. Sobre os 120 lances a régua do coletor marca 48,95% das amostras (≈ um time inteiro de alas); a régua relativa à base mede 96,31% de respeito ao lado.",§26 respeito aos lados,lado respeitado neste lance = 1.0000 (coletor dizia invasão em 100% dos quadros)
74,15013,15.0,tactical_snapshot,3-4-2-1 x 4-2-3-1,press x counter,P0_SUSPEITA,velocidade,CONFIRMADO_P1,movimento,commitMovement + guarda global (29-r12:85 e :90),"A guarda de frame permite `maxSpd*dt*1.28 + 0.20` por passo. A 7 m/s e dt=1/30 isso autoriza 0,499 m/passo = 14,9 m/s = 2,14× maxSpd. O teto efetivo do motor é o dobro do atributo do jogador, então `maxSpd` não é limite de velocidade — é sugestão.",§32 física,max_speed_ratio = 1.443× maxSpd (reconferido no estado bruto)
74,15013,15.0,tactical_snapshot,3-4-2-1 x 4-2-3-1,press x counter,P0_SUSPEITA,invasao_lateral,FALSO_POSITIVO,—,—,"Defeito de MEDIÇÃO do coletor, não do motor. A régua usa `y` absoluto igual para os dois times (script:141-142), mas os lados são espelhados por equipe — medido no estado bruto: LB do time 0 tem hy=0,110 e LB do time 1 tem hy=0,785. Todo ala de um dos times é marcado NA PRÓPRIA POSIÇÃO-BASE. Sobre os 120 lances a régua do coletor marca 48,95% das amostras (≈ um time inteiro de alas); a régua relativa à base mede 96,31% de respeito ao lado.",§26 respeito aos lados,lado respeitado neste lance = 1.0000 (coletor dizia invasão em 100% dos quadros)
75,15013,30.0,tactical_shift,3-4-2-1 x 4-2-3-1,press x counter,P0_SUSPEITA,velocidade,CONFIRMADO_P1,movimento,commitMovement + guarda global (29-r12:85 e :90),"A guarda de frame permite `maxSpd*dt*1.28 + 0.20` por passo. A 7 m/s e dt=1/30 isso autoriza 0,499 m/passo = 14,9 m/s = 2,14× maxSpd. O teto efetivo do motor é o dobro do atributo do jogador, então `maxSpd` não é limite de velocidade — é sugestão.",§32 física,max_speed_ratio = 1.805× maxSpd (reconferido no estado bruto)
75,15013,30.0,tactical_shift,3-4-2-1 x 4-2-3-1,press x counter,P0_SUSPEITA,invasao_lateral,FALSO_POSITIVO,—,—,"Defeito de MEDIÇÃO do coletor, não do motor. A régua usa `y` absoluto igual para os dois times (script:141-142), mas os lados são espelhados por equipe — medido no estado bruto: LB do time 0 tem hy=0,110 e LB do time 1 tem hy=0,785. Todo ala de um dos times é marcado NA PRÓPRIA POSIÇÃO-BASE. Sobre os 120 lances a régua do coletor marca 48,95% das amostras (≈ um time inteiro de alas); a régua relativa à base mede 96,31% de respeito ao lado.",§26 respeito aos lados,lado respeitado neste lance = 1.0000 (coletor dizia invasão em 100% dos quadros)
76,15013,47.0,tactical_snapshot,3-4-2-1 x 4-2-3-1,press x counter,P1_SUSPEITA,invasao_lateral,FALSO_POSITIVO,—,—,"Defeito de MEDIÇÃO do coletor, não do motor. A régua usa `y` absoluto igual para os dois times (script:141-142), mas os lados são espelhados por equipe — medido no estado bruto: LB do time 0 tem hy=0,110 e LB do time 1 tem hy=0,785. Todo ala de um dos times é marcado NA PRÓPRIA POSIÇÃO-BASE. Sobre os 120 lances a régua do coletor marca 48,95% das amostras (≈ um time inteiro de alas); a régua relativa à base mede 96,31% de respeito ao lado.",§26 respeito aos lados,lado respeitado neste lance = 1.0000 (coletor dizia invasão em 100% dos quadros)
76,15013,47.0,tactical_snapshot,3-4-2-1 x 4-2-3-1,press x counter,P1_SUSPEITA,ameaca_sem_marcador,CONFIRMADO_P0,defesa,_defendTarget ramo _markRef (30-r13-football-observer.js:561),"Cobertura de ameaça medida em 0,618 sobre 294 partidas (limite 0,65). As cinco tentativas de parâmetro registradas no handoff não moveram a métrica (travada em 0,68–0,71): o gargalo é o CÁLCULO da posição de marcação, não o ajuste. `_defendTarget` decide 27,4% das posições defensivas pelo ramo `_markRef`.",§30 defesa coletiva,persistent_uncovered = 1.00
77,15013,63.0,tactical_snapshot,3-4-2-1 x 4-2-3-1,press x counter,P1_SUSPEITA,invasao_lateral,FALSO_POSITIVO,—,—,"Defeito de MEDIÇÃO do coletor, não do motor. A régua usa `y` absoluto igual para os dois times (script:141-142), mas os lados são espelhados por equipe — medido no estado bruto: LB do time 0 tem hy=0,110 e LB do time 1 tem hy=0,785. Todo ala de um dos times é marcado NA PRÓPRIA POSIÇÃO-BASE. Sobre os 120 lances a régua do coletor marca 48,95% das amostras (≈ um time inteiro de alas); a régua relativa à base mede 96,31% de respeito ao lado.",§26 respeito aos lados,lado respeitado neste lance = 1.0000 (coletor dizia invasão em 100% dos quadros)
77,15013,63.0,tactical_snapshot,3-4-2-1 x 4-2-3-1,press x counter,P1_SUSPEITA,ameaca_sem_marcador,CONFIRMADO_P0,defesa,_defendTarget ramo _markRef (30-r13-football-observer.js:561),"Cobertura de ameaça medida em 0,618 sobre 294 partidas (limite 0,65). As cinco tentativas de parâmetro registradas no handoff não moveram a métrica (travada em 0,68–0,71): o gargalo é o CÁLCULO da posição de marcação, não o ajuste. `_defendTarget` decide 27,4% das posições defensivas pelo ramo `_markRef`.",§30 defesa coletiva,persistent_uncovered = 1.00
78,15013,75.0,save,3-4-2-1 x 4-2-3-1,press x counter,P0_SUSPEITA,invasao_lateral,FALSO_POSITIVO,—,—,"Defeito de MEDIÇÃO do coletor, não do motor. A régua usa `y` absoluto igual para os dois times (script:141-142), mas os lados são espelhados por equipe — medido no estado bruto: LB do time 0 tem hy=0,110 e LB do time 1 tem hy=0,785. Todo ala de um dos times é marcado NA PRÓPRIA POSIÇÃO-BASE. Sobre os 120 lances a régua do coletor marca 48,95% das amostras (≈ um time inteiro de alas); a régua relativa à base mede 96,31% de respeito ao lado.",§26 respeito aos lados,lado respeitado neste lance = 1.0000 (coletor dizia invasão em 83% dos quadros)
78,15013,75.0,save,3-4-2-1 x 4-2-3-1,press x counter,P0_SUSPEITA,ameaca_sem_marcador,CONFIRMADO_P0,defesa,_defendTarget ramo _markRef (30-r13-football-observer.js:561),"Cobertura de ameaça medida em 0,618 sobre 294 partidas (limite 0,65). As cinco tentativas de parâmetro registradas no handoff não moveram a métrica (travada em 0,68–0,71): o gargalo é o CÁLCULO da posição de marcação, não o ajuste. `_defendTarget` decide 27,4% das posições defensivas pelo ramo `_markRef`.",§30 defesa coletiva,persistent_uncovered = 0.92
79,15014,2.0,bad_pass,4-4-2 x 4-2-4,direct x wings,P1_SUSPEITA,invasao_lateral,FALSO_POSITIVO,—,—,"Defeito de MEDIÇÃO do coletor, não do motor. A régua usa `y` absoluto igual para os dois times (script:141-142), mas os lados são espelhados por equipe — medido no estado bruto: LB do time 0 tem hy=0,110 e LB do time 1 tem hy=0,785. Todo ala de um dos times é marcado NA PRÓPRIA POSIÇÃO-BASE. Sobre os 120 lances a régua do coletor marca 48,95% das amostras (≈ um time inteiro de alas); a régua relativa à base mede 96,31% de respeito ao lado.",§26 respeito aos lados,lado respeitado neste lance = 1.0000 (coletor dizia invasão em 100% dos quadros)
80,15014,15.0,looseControl,4-4-2 x 4-2-4,direct x wings,P1_SUSPEITA,invasao_lateral,FALSO_POSITIVO,—,—,"Defeito de MEDIÇÃO do coletor, não do motor. A régua usa `y` absoluto igual para os dois times (script:141-142), mas os lados são espelhados por equipe — medido no estado bruto: LB do time 0 tem hy=0,110 e LB do time 1 tem hy=0,785. Todo ala de um dos times é marcado NA PRÓPRIA POSIÇÃO-BASE. Sobre os 120 lances a régua do coletor marca 48,95% das amostras (≈ um time inteiro de alas); a régua relativa à base mede 96,31% de respeito ao lado.",§26 respeito aos lados,lado respeitado neste lance = 1.0000 (coletor dizia invasão em 100% dos quadros)
81,15014,30.0,foul,4-4-2 x 4-2-4,direct x wings,P1_SUSPEITA,invasao_lateral,FALSO_POSITIVO,—,—,"Defeito de MEDIÇÃO do coletor, não do motor. A régua usa `y` absoluto igual para os dois times (script:141-142), mas os lados são espelhados por equipe — medido no estado bruto: LB do time 0 tem hy=0,110 e LB do time 1 tem hy=0,785. Todo ala de um dos times é marcado NA PRÓPRIA POSIÇÃO-BASE. Sobre os 120 lances a régua do coletor marca 48,95% das amostras (≈ um time inteiro de alas); a régua relativa à base mede 96,31% de respeito ao lado.",§26 respeito aos lados,lado respeitado neste lance = 1.0000 (coletor dizia invasão em 100% dos quadros)
81,15014,30.0,foul,4-4-2 x 4-2-4,direct x wings,P1_SUSPEITA,ameaca_sem_marcador,CONFIRMADO_P0,defesa,_defendTarget ramo _markRef (30-r13-football-observer.js:561),"Cobertura de ameaça medida em 0,618 sobre 294 partidas (limite 0,65). As cinco tentativas de parâmetro registradas no handoff não moveram a métrica (travada em 0,68–0,71): o gargalo é o CÁLCULO da posição de marcação, não o ajuste. `_defendTarget` decide 27,4% das posições defensivas pelo ramo `_markRef`.",§30 defesa coletiva,persistent_uncovered = 1.00
82,15014,47.0,tactical_snapshot,4-4-2 x 4-2-4,direct x wings,P1_SUSPEITA,invasao_lateral,FALSO_POSITIVO,—,—,"Defeito de MEDIÇÃO do coletor, não do motor. A régua usa `y` absoluto igual para os dois times (script:141-142), mas os lados são espelhados por equipe — medido no estado bruto: LB do time 0 tem hy=0,110 e LB do time 1 tem hy=0,785. Todo ala de um dos times é marcado NA PRÓPRIA POSIÇÃO-BASE. Sobre os 120 lances a régua do coletor marca 48,95% das amostras (≈ um time inteiro de alas); a régua relativa à base mede 96,31% de respeito ao lado.",§26 respeito aos lados,lado respeitado neste lance = 1.0000 (coletor dizia invasão em 100% dos quadros)
82,15014,47.0,tactical_snapshot,4-4-2 x 4-2-4,direct x wings,P1_SUSPEITA,ameaca_sem_marcador,CONFIRMADO_P0,defesa,_defendTarget ramo _markRef (30-r13-football-observer.js:561),"Cobertura de ameaça medida em 0,618 sobre 294 partidas (limite 0,65). As cinco tentativas de parâmetro registradas no handoff não moveram a métrica (travada em 0,68–0,71): o gargalo é o CÁLCULO da posição de marcação, não o ajuste. `_defendTarget` decide 27,4% das posições defensivas pelo ramo `_markRef`.",§30 defesa coletiva,persistent_uncovered = 1.00
83,15014,63.0,tactical_snapshot,4-4-2 x 4-2-4,direct x wings,P1_SUSPEITA,invasao_lateral,FALSO_POSITIVO,—,—,"Defeito de MEDIÇÃO do coletor, não do motor. A régua usa `y` absoluto igual para os dois times (script:141-142), mas os lados são espelhados por equipe — medido no estado bruto: LB do time 0 tem hy=0,110 e LB do time 1 tem hy=0,785. Todo ala de um dos times é marcado NA PRÓPRIA POSIÇÃO-BASE. Sobre os 120 lances a régua do coletor marca 48,95% das amostras (≈ um time inteiro de alas); a régua relativa à base mede 96,31% de respeito ao lado.",§26 respeito aos lados,lado respeitado neste lance = 1.0000 (coletor dizia invasão em 100% dos quadros)
83,15014,63.0,tactical_snapshot,4-4-2 x 4-2-4,direct x wings,P1_SUSPEITA,ameaca_sem_marcador,CONFIRMADO_P0,defesa,_defendTarget ramo _markRef (30-r13-football-observer.js:561),"Cobertura de ameaça medida em 0,618 sobre 294 partidas (limite 0,65). As cinco tentativas de parâmetro registradas no handoff não moveram a métrica (travada em 0,68–0,71): o gargalo é o CÁLCULO da posição de marcação, não o ajuste. `_defendTarget` decide 27,4% das posições defensivas pelo ramo `_markRef`.",§30 defesa coletiva,persistent_uncovered = 1.00
84,15014,75.0,tactical_snapshot,4-4-2 x 4-2-4,direct x wings,P1_SUSPEITA,invasao_lateral,FALSO_POSITIVO,—,—,"Defeito de MEDIÇÃO do coletor, não do motor. A régua usa `y` absoluto igual para os dois times (script:141-142), mas os lados são espelhados por equipe — medido no estado bruto: LB do time 0 tem hy=0,110 e LB do time 1 tem hy=0,785. Todo ala de um dos times é marcado NA PRÓPRIA POSIÇÃO-BASE. Sobre os 120 lances a régua do coletor marca 48,95% das amostras (≈ um time inteiro de alas); a régua relativa à base mede 96,31% de respeito ao lado.",§26 respeito aos lados,lado respeitado neste lance = 1.0000 (coletor dizia invasão em 100% dos quadros)
84,15014,75.0,tactical_snapshot,4-4-2 x 4-2-4,direct x wings,P1_SUSPEITA,ameaca_sem_marcador,CONFIRMADO_P0,defesa,_defendTarget ramo _markRef (30-r13-football-observer.js:561),"Cobertura de ameaça medida em 0,618 sobre 294 partidas (limite 0,65). As cinco tentativas de parâmetro registradas no handoff não moveram a métrica (travada em 0,68–0,71): o gargalo é o CÁLCULO da posição de marcação, não o ajuste. `_defendTarget` decide 27,4% das posições defensivas pelo ramo `_markRef`.",§30 defesa coletiva,persistent_uncovered = 1.00
85,15015,1.0,tackle_missed,5-4-1 x 5-3-2,park x counter,P1_SUSPEITA,invasao_lateral,FALSO_POSITIVO,—,—,"Defeito de MEDIÇÃO do coletor, não do motor. A régua usa `y` absoluto igual para os dois times (script:141-142), mas os lados são espelhados por equipe — medido no estado bruto: LB do time 0 tem hy=0,110 e LB do time 1 tem hy=0,785. Todo ala de um dos times é marcado NA PRÓPRIA POSIÇÃO-BASE. Sobre os 120 lances a régua do coletor marca 48,95% das amostras (≈ um time inteiro de alas); a régua relativa à base mede 96,31% de respeito ao lado.",§26 respeito aos lados,lado respeitado neste lance = 1.0000 (coletor dizia invasão em 100% dos quadros)
86,15015,15.0,tactical_snapshot,5-4-1 x 5-3-2,park x counter,P0_SUSPEITA,velocidade,CONFIRMADO_P1,movimento,commitMovement + guarda global (29-r12:85 e :90),"A guarda de frame permite `maxSpd*dt*1.28 + 0.20` por passo. A 7 m/s e dt=1/30 isso autoriza 0,499 m/passo = 14,9 m/s = 2,14× maxSpd. O teto efetivo do motor é o dobro do atributo do jogador, então `maxSpd` não é limite de velocidade — é sugestão.",§32 física,max_speed_ratio = 1.550× maxSpd (reconferido no estado bruto)
86,15015,15.0,tactical_snapshot,5-4-1 x 5-3-2,park x counter,P0_SUSPEITA,invasao_lateral,FALSO_POSITIVO,—,—,"Defeito de MEDIÇÃO do coletor, não do motor. A régua usa `y` absoluto igual para os dois times (script:141-142), mas os lados são espelhados por equipe — medido no estado bruto: LB do time 0 tem hy=0,110 e LB do time 1 tem hy=0,785. Todo ala de um dos times é marcado NA PRÓPRIA POSIÇÃO-BASE. Sobre os 120 lances a régua do coletor marca 48,95% das amostras (≈ um time inteiro de alas); a régua relativa à base mede 96,31% de respeito ao lado.",§26 respeito aos lados,lado respeitado neste lance = 0.9722 (coletor dizia invasão em 100% dos quadros)
87,15015,30.0,goal,5-4-1 x 5-3-2,park x counter,P0_SUSPEITA,invasao_lateral,FALSO_POSITIVO,—,—,"Defeito de MEDIÇÃO do coletor, não do motor. A régua usa `y` absoluto igual para os dois times (script:141-142), mas os lados são espelhados por equipe — medido no estado bruto: LB do time 0 tem hy=0,110 e LB do time 1 tem hy=0,785. Todo ala de um dos times é marcado NA PRÓPRIA POSIÇÃO-BASE. Sobre os 120 lances a régua do coletor marca 48,95% das amostras (≈ um time inteiro de alas); a régua relativa à base mede 96,31% de respeito ao lado.",§26 respeito aos lados,lado respeitado neste lance = 1.0000 (coletor dizia invasão em 100% dos quadros)
88,15015,47.0,tactical_snapshot,5-4-1 x 5-3-2,park x counter,P1_SUSPEITA,invasao_lateral,FALSO_POSITIVO,—,—,"Defeito de MEDIÇÃO do coletor, não do motor. A régua usa `y` absoluto igual para os dois times (script:141-142), mas os lados são espelhados por equipe — medido no estado bruto: LB do time 0 tem hy=0,110 e LB do time 1 tem hy=0,785. Todo ala de um dos times é marcado NA PRÓPRIA POSIÇÃO-BASE. Sobre os 120 lances a régua do coletor marca 48,95% das amostras (≈ um time inteiro de alas); a régua relativa à base mede 96,31% de respeito ao lado.",§26 respeito aos lados,lado respeitado neste lance = 0.9896 (coletor dizia invasão em 100% dos quadros)
88,15015,47.0,tactical_snapshot,5-4-1 x 5-3-2,park x counter,P1_SUSPEITA,ameaca_sem_marcador,CONFIRMADO_P0,defesa,_defendTarget ramo _markRef (30-r13-football-observer.js:561),"Cobertura de ameaça medida em 0,618 sobre 294 partidas (limite 0,65). As cinco tentativas de parâmetro registradas no handoff não moveram a métrica (travada em 0,68–0,71): o gargalo é o CÁLCULO da posição de marcação, não o ajuste. `_defendTarget` decide 27,4% das posições defensivas pelo ramo `_markRef`.",§30 defesa coletiva,persistent_uncovered = 1.00
89,15015,63.0,tactical_snapshot,5-4-1 x 5-3-2,park x counter,P1_SUSPEITA,invasao_lateral,FALSO_POSITIVO,—,—,"Defeito de MEDIÇÃO do coletor, não do motor. A régua usa `y` absoluto igual para os dois times (script:141-142), mas os lados são espelhados por equipe — medido no estado bruto: LB do time 0 tem hy=0,110 e LB do time 1 tem hy=0,785. Todo ala de um dos times é marcado NA PRÓPRIA POSIÇÃO-BASE. Sobre os 120 lances a régua do coletor marca 48,95% das amostras (≈ um time inteiro de alas); a régua relativa à base mede 96,31% de respeito ao lado.",§26 respeito aos lados,lado respeitado neste lance = 0.8646 (coletor dizia invasão em 100% dos quadros)
89,15015,63.0,tactical_snapshot,5-4-1 x 5-3-2,park x counter,P1_SUSPEITA,ameaca_sem_marcador,CONFIRMADO_P0,defesa,_defendTarget ramo _markRef (30-r13-football-observer.js:561),"Cobertura de ameaça medida em 0,618 sobre 294 partidas (limite 0,65). As cinco tentativas de parâmetro registradas no handoff não moveram a métrica (travada em 0,68–0,71): o gargalo é o CÁLCULO da posição de marcação, não o ajuste. `_defendTarget` decide 27,4% das posições defensivas pelo ramo `_markRef`.",§30 defesa coletiva,persistent_uncovered = 1.00
90,15015,75.0,tactical_snapshot,5-4-1 x 5-3-2,park x counter,P0_SUSPEITA,velocidade,CONFIRMADO_P1,movimento,commitMovement + guarda global (29-r12:85 e :90),"A guarda de frame permite `maxSpd*dt*1.28 + 0.20` por passo. A 7 m/s e dt=1/30 isso autoriza 0,499 m/passo = 14,9 m/s = 2,14× maxSpd. O teto efetivo do motor é o dobro do atributo do jogador, então `maxSpd` não é limite de velocidade — é sugestão.",§32 física,max_speed_ratio = 1.615× maxSpd (reconferido no estado bruto)
90,15015,75.0,tactical_snapshot,5-4-1 x 5-3-2,park x counter,P0_SUSPEITA,invasao_lateral,FALSO_POSITIVO,—,—,"Defeito de MEDIÇÃO do coletor, não do motor. A régua usa `y` absoluto igual para os dois times (script:141-142), mas os lados são espelhados por equipe — medido no estado bruto: LB do time 0 tem hy=0,110 e LB do time 1 tem hy=0,785. Todo ala de um dos times é marcado NA PRÓPRIA POSIÇÃO-BASE. Sobre os 120 lances a régua do coletor marca 48,95% das amostras (≈ um time inteiro de alas); a régua relativa à base mede 96,31% de respeito ao lado.",§26 respeito aos lados,lado respeitado neste lance = 0.9861 (coletor dizia invasão em 100% dos quadros)
90,15015,75.0,tactical_snapshot,5-4-1 x 5-3-2,park x counter,P0_SUSPEITA,ameaca_sem_marcador,CONFIRMADO_P0,defesa,_defendTarget ramo _markRef (30-r13-football-observer.js:561),"Cobertura de ameaça medida em 0,618 sobre 294 partidas (limite 0,65). As cinco tentativas de parâmetro registradas no handoff não moveram a métrica (travada em 0,68–0,71): o gargalo é o CÁLCULO da posição de marcação, não o ajuste. `_defendTarget` decide 27,4% das posições defensivas pelo ramo `_markRef`.",§30 defesa coletiva,persistent_uncovered = 1.00
91,15016,3.0,tactical_snapshot,3-1-4-2 x 5-2-3,press x balanced,P1_SUSPEITA,invasao_lateral,FALSO_POSITIVO,—,—,"Defeito de MEDIÇÃO do coletor, não do motor. A régua usa `y` absoluto igual para os dois times (script:141-142), mas os lados são espelhados por equipe — medido no estado bruto: LB do time 0 tem hy=0,110 e LB do time 1 tem hy=0,785. Todo ala de um dos times é marcado NA PRÓPRIA POSIÇÃO-BASE. Sobre os 120 lances a régua do coletor marca 48,95% das amostras (≈ um time inteiro de alas); a régua relativa à base mede 96,31% de respeito ao lado.",§26 respeito aos lados,lado respeitado neste lance = 1.0000 (coletor dizia invasão em 100% dos quadros)
92,15016,15.0,through,3-1-4-2 x 5-2-3,press x balanced,P1_SUSPEITA,invasao_lateral,FALSO_POSITIVO,—,—,"Defeito de MEDIÇÃO do coletor, não do motor. A régua usa `y` absoluto igual para os dois times (script:141-142), mas os lados são espelhados por equipe — medido no estado bruto: LB do time 0 tem hy=0,110 e LB do time 1 tem hy=0,785. Todo ala de um dos times é marcado NA PRÓPRIA POSIÇÃO-BASE. Sobre os 120 lances a régua do coletor marca 48,95% das amostras (≈ um time inteiro de alas); a régua relativa à base mede 96,31% de respeito ao lado.",§26 respeito aos lados,lado respeitado neste lance = 1.0000 (coletor dizia invasão em 100% dos quadros)
93,15016,31.0,tactical_snapshot,3-1-4-2 x 5-2-3,press x balanced,P0_SUSPEITA,velocidade,CONFIRMADO_P1,movimento,commitMovement + guarda global (29-r12:85 e :90),"A guarda de frame permite `maxSpd*dt*1.28 + 0.20` por passo. A 7 m/s e dt=1/30 isso autoriza 0,499 m/passo = 14,9 m/s = 2,14× maxSpd. O teto efetivo do motor é o dobro do atributo do jogador, então `maxSpd` não é limite de velocidade — é sugestão.",§32 física,max_speed_ratio = 1.380× maxSpd (reconferido no estado bruto)
93,15016,31.0,tactical_snapshot,3-1-4-2 x 5-2-3,press x balanced,P0_SUSPEITA,invasao_lateral,CONFIRMADO_P1,posicionamento,_attackTarget / _defendTarget,"Invasão de lado sobrevive à régua corrigida (relativa à posição-base). §26 admite invasão por rotação, cobertura, transição ou perseguição — mas exige motivo, duração, compensação e retorno, e o motor não registra nenhum dos quatro (§18 não implementado).",§18 contrato de função (não iniciada),lado respeitado neste lance = 0.7917
94,15016,47.0,tactical_snapshot,3-1-4-2 x 5-2-3,press x balanced,P1_SUSPEITA,invasao_lateral,FALSO_POSITIVO,—,—,"Defeito de MEDIÇÃO do coletor, não do motor. A régua usa `y` absoluto igual para os dois times (script:141-142), mas os lados são espelhados por equipe — medido no estado bruto: LB do time 0 tem hy=0,110 e LB do time 1 tem hy=0,785. Todo ala de um dos times é marcado NA PRÓPRIA POSIÇÃO-BASE. Sobre os 120 lances a régua do coletor marca 48,95% das amostras (≈ um time inteiro de alas); a régua relativa à base mede 96,31% de respeito ao lado.",§26 respeito aos lados,lado respeitado neste lance = 1.0000 (coletor dizia invasão em 100% dos quadros)
94,15016,47.0,tactical_snapshot,3-1-4-2 x 5-2-3,press x balanced,P1_SUSPEITA,ameaca_sem_marcador,CONFIRMADO_P0,defesa,_defendTarget ramo _markRef (30-r13-football-observer.js:561),"Cobertura de ameaça medida em 0,618 sobre 294 partidas (limite 0,65). As cinco tentativas de parâmetro registradas no handoff não moveram a métrica (travada em 0,68–0,71): o gargalo é o CÁLCULO da posição de marcação, não o ajuste. `_defendTarget` decide 27,4% das posições defensivas pelo ramo `_markRef`.",§30 defesa coletiva,persistent_uncovered = 1.00
95,15016,63.0,tactical_snapshot,3-1-4-2 x 5-2-3,press x balanced,P0_SUSPEITA,velocidade,CONFIRMADO_P1,movimento,commitMovement + guarda global (29-r12:85 e :90),"A guarda de frame permite `maxSpd*dt*1.28 + 0.20` por passo. A 7 m/s e dt=1/30 isso autoriza 0,499 m/passo = 14,9 m/s = 2,14× maxSpd. O teto efetivo do motor é o dobro do atributo do jogador, então `maxSpd` não é limite de velocidade — é sugestão.",§32 física,max_speed_ratio = 1.452× maxSpd (reconferido no estado bruto)
95,15016,63.0,tactical_snapshot,3-1-4-2 x 5-2-3,press x balanced,P0_SUSPEITA,invasao_lateral,FALSO_POSITIVO,—,—,"Defeito de MEDIÇÃO do coletor, não do motor. A régua usa `y` absoluto igual para os dois times (script:141-142), mas os lados são espelhados por equipe — medido no estado bruto: LB do time 0 tem hy=0,110 e LB do time 1 tem hy=0,785. Todo ala de um dos times é marcado NA PRÓPRIA POSIÇÃO-BASE. Sobre os 120 lances a régua do coletor marca 48,95% das amostras (≈ um time inteiro de alas); a régua relativa à base mede 96,31% de respeito ao lado.",§26 respeito aos lados,lado respeitado neste lance = 0.9306 (coletor dizia invasão em 100% dos quadros)
95,15016,63.0,tactical_snapshot,3-1-4-2 x 5-2-3,press x balanced,P0_SUSPEITA,ameaca_sem_marcador,CONFIRMADO_P0,defesa,_defendTarget ramo _markRef (30-r13-football-observer.js:561),"Cobertura de ameaça medida em 0,618 sobre 294 partidas (limite 0,65). As cinco tentativas de parâmetro registradas no handoff não moveram a métrica (travada em 0,68–0,71): o gargalo é o CÁLCULO da posição de marcação, não o ajuste. `_defendTarget` decide 27,4% das posições defensivas pelo ramo `_markRef`.",§30 defesa coletiva,persistent_uncovered = 1.00
96,15016,75.0,tactical_snapshot,3-1-4-2 x 5-2-3,press x balanced,P0_SUSPEITA,velocidade,CONFIRMADO_P1,movimento,commitMovement + guarda global (29-r12:85 e :90),"A guarda de frame permite `maxSpd*dt*1.28 + 0.20` por passo. A 7 m/s e dt=1/30 isso autoriza 0,499 m/passo = 14,9 m/s = 2,14× maxSpd. O teto efetivo do motor é o dobro do atributo do jogador, então `maxSpd` não é limite de velocidade — é sugestão.",§32 física,max_speed_ratio = 1.916× maxSpd (reconferido no estado bruto)
96,15016,75.0,tactical_snapshot,3-1-4-2 x 5-2-3,press x balanced,P0_SUSPEITA,invasao_lateral,FALSO_POSITIVO,—,—,"Defeito de MEDIÇÃO do coletor, não do motor. A régua usa `y` absoluto igual para os dois times (script:141-142), mas os lados são espelhados por equipe — medido no estado bruto: LB do time 0 tem hy=0,110 e LB do time 1 tem hy=0,785. Todo ala de um dos times é marcado NA PRÓPRIA POSIÇÃO-BASE. Sobre os 120 lances a régua do coletor marca 48,95% das amostras (≈ um time inteiro de alas); a régua relativa à base mede 96,31% de respeito ao lado.",§26 respeito aos lados,lado respeitado neste lance = 0.9306 (coletor dizia invasão em 100% dos quadros)
97,15017,2.0,looseControl,4-1-4-1 x 4-3-3,park x counter,P1_SUSPEITA,invasao_lateral,FALSO_POSITIVO,—,—,"Defeito de MEDIÇÃO do coletor, não do motor. A régua usa `y` absoluto igual para os dois times (script:141-142), mas os lados são espelhados por equipe — medido no estado bruto: LB do time 0 tem hy=0,110 e LB do time 1 tem hy=0,785. Todo ala de um dos times é marcado NA PRÓPRIA POSIÇÃO-BASE. Sobre os 120 lances a régua do coletor marca 48,95% das amostras (≈ um time inteiro de alas); a régua relativa à base mede 96,31% de respeito ao lado.",§26 respeito aos lados,lado respeitado neste lance = 1.0000 (coletor dizia invasão em 100% dos quadros)
97,15017,2.0,looseControl,4-1-4-1 x 4-3-3,park x counter,P1_SUSPEITA,ameaca_sem_marcador,CONFIRMADO_P0,defesa,_defendTarget ramo _markRef (30-r13-football-observer.js:561),"Cobertura de ameaça medida em 0,618 sobre 294 partidas (limite 0,65). As cinco tentativas de parâmetro registradas no handoff não moveram a métrica (travada em 0,68–0,71): o gargalo é o CÁLCULO da posição de marcação, não o ajuste. `_defendTarget` decide 27,4% das posições defensivas pelo ramo `_markRef`.",§30 defesa coletiva,persistent_uncovered = 1.00
98,15017,15.0,yellow,4-1-4-1 x 4-3-3,park x counter,P1_SUSPEITA,invasao_lateral,FALSO_POSITIVO,—,—,"Defeito de MEDIÇÃO do coletor, não do motor. A régua usa `y` absoluto igual para os dois times (script:141-142), mas os lados são espelhados por equipe — medido no estado bruto: LB do time 0 tem hy=0,110 e LB do time 1 tem hy=0,785. Todo ala de um dos times é marcado NA PRÓPRIA POSIÇÃO-BASE. Sobre os 120 lances a régua do coletor marca 48,95% das amostras (≈ um time inteiro de alas); a régua relativa à base mede 96,31% de respeito ao lado.",§26 respeito aos lados,lado respeitado neste lance = 1.0000 (coletor dizia invasão em 100% dos quadros)
99,15017,31.0,tactical_snapshot,4-1-4-1 x 4-3-3,park x counter,P1_SUSPEITA,invasao_lateral,FALSO_POSITIVO,—,—,"Defeito de MEDIÇÃO do coletor, não do motor. A régua usa `y` absoluto igual para os dois times (script:141-142), mas os lados são espelhados por equipe — medido no estado bruto: LB do time 0 tem hy=0,110 e LB do time 1 tem hy=0,785. Todo ala de um dos times é marcado NA PRÓPRIA POSIÇÃO-BASE. Sobre os 120 lances a régua do coletor marca 48,95% das amostras (≈ um time inteiro de alas); a régua relativa à base mede 96,31% de respeito ao lado.",§26 respeito aos lados,lado respeitado neste lance = 0.9583 (coletor dizia invasão em 100% dos quadros)
100,15017,47.0,tactical_snapshot,4-1-4-1 x 4-3-3,park x counter,P1_SUSPEITA,invasao_lateral,FALSO_POSITIVO,—,—,"Defeito de MEDIÇÃO do coletor, não do motor. A régua usa `y` absoluto igual para os dois times (script:141-142), mas os lados são espelhados por equipe — medido no estado bruto: LB do time 0 tem hy=0,110 e LB do time 1 tem hy=0,785. Todo ala de um dos times é marcado NA PRÓPRIA POSIÇÃO-BASE. Sobre os 120 lances a régua do coletor marca 48,95% das amostras (≈ um time inteiro de alas); a régua relativa à base mede 96,31% de respeito ao lado.",§26 respeito aos lados,lado respeitado neste lance = 1.0000 (coletor dizia invasão em 100% dos quadros)
100,15017,47.0,tactical_snapshot,4-1-4-1 x 4-3-3,park x counter,P1_SUSPEITA,ameaca_sem_marcador,CONFIRMADO_P0,defesa,_defendTarget ramo _markRef (30-r13-football-observer.js:561),"Cobertura de ameaça medida em 0,618 sobre 294 partidas (limite 0,65). As cinco tentativas de parâmetro registradas no handoff não moveram a métrica (travada em 0,68–0,71): o gargalo é o CÁLCULO da posição de marcação, não o ajuste. `_defendTarget` decide 27,4% das posições defensivas pelo ramo `_markRef`.",§30 defesa coletiva,persistent_uncovered = 1.00
101,15017,60.0,tackle,4-1-4-1 x 4-3-3,park x counter,P1_SUSPEITA,invasao_lateral,FALSO_POSITIVO,—,—,"Defeito de MEDIÇÃO do coletor, não do motor. A régua usa `y` absoluto igual para os dois times (script:141-142), mas os lados são espelhados por equipe — medido no estado bruto: LB do time 0 tem hy=0,110 e LB do time 1 tem hy=0,785. Todo ala de um dos times é marcado NA PRÓPRIA POSIÇÃO-BASE. Sobre os 120 lances a régua do coletor marca 48,95% das amostras (≈ um time inteiro de alas); a régua relativa à base mede 96,31% de respeito ao lado.",§26 respeito aos lados,lado respeitado neste lance = 1.0000 (coletor dizia invasão em 100% dos quadros)
101,15017,60.0,tackle,4-1-4-1 x 4-3-3,park x counter,P1_SUSPEITA,ameaca_sem_marcador,CONFIRMADO_P0,defesa,_defendTarget ramo _markRef (30-r13-football-observer.js:561),"Cobertura de ameaça medida em 0,618 sobre 294 partidas (limite 0,65). As cinco tentativas de parâmetro registradas no handoff não moveram a métrica (travada em 0,68–0,71): o gargalo é o CÁLCULO da posição de marcação, não o ajuste. `_defendTarget` decide 27,4% das posições defensivas pelo ramo `_markRef`.",§30 defesa coletiva,persistent_uncovered = 1.00
102,15017,75.0,tactical_snapshot,4-1-4-1 x 4-3-3,park x counter,P1_SUSPEITA,invasao_lateral,FALSO_POSITIVO,—,—,"Defeito de MEDIÇÃO do coletor, não do motor. A régua usa `y` absoluto igual para os dois times (script:141-142), mas os lados são espelhados por equipe — medido no estado bruto: LB do time 0 tem hy=0,110 e LB do time 1 tem hy=0,785. Todo ala de um dos times é marcado NA PRÓPRIA POSIÇÃO-BASE. Sobre os 120 lances a régua do coletor marca 48,95% das amostras (≈ um time inteiro de alas); a régua relativa à base mede 96,31% de respeito ao lado.",§26 respeito aos lados,lado respeitado neste lance = 1.0000 (coletor dizia invasão em 100% dos quadros)
102,15017,75.0,tactical_snapshot,4-1-4-1 x 4-3-3,park x counter,P1_SUSPEITA,ameaca_sem_marcador,CONFIRMADO_P0,defesa,_defendTarget ramo _markRef (30-r13-football-observer.js:561),"Cobertura de ameaça medida em 0,618 sobre 294 partidas (limite 0,65). As cinco tentativas de parâmetro registradas no handoff não moveram a métrica (travada em 0,68–0,71): o gargalo é o CÁLCULO da posição de marcação, não o ajuste. `_defendTarget` decide 27,4% das posições defensivas pelo ramo `_markRef`.",§30 defesa coletiva,persistent_uncovered = 1.00
103,15018,2.0,through,4-5-1 x 4-3-1-2,park x counter,P1_SUSPEITA,invasao_lateral,FALSO_POSITIVO,—,—,"Defeito de MEDIÇÃO do coletor, não do motor. A régua usa `y` absoluto igual para os dois times (script:141-142), mas os lados são espelhados por equipe — medido no estado bruto: LB do time 0 tem hy=0,110 e LB do time 1 tem hy=0,785. Todo ala de um dos times é marcado NA PRÓPRIA POSIÇÃO-BASE. Sobre os 120 lances a régua do coletor marca 48,95% das amostras (≈ um time inteiro de alas); a régua relativa à base mede 96,31% de respeito ao lado.",§26 respeito aos lados,lado respeitado neste lance = 1.0000 (coletor dizia invasão em 100% dos quadros)
104,15018,16.0,low_cross_shot,4-5-1 x 4-3-1-2,park x counter,P1_SUSPEITA,invasao_lateral,CONFIRMADO_P1,posicionamento,_attackTarget / _defendTarget,"Invasão de lado sobrevive à régua corrigida (relativa à posição-base). §26 admite invasão por rotação, cobertura, transição ou perseguição — mas exige motivo, duração, compensação e retorno, e o motor não registra nenhum dos quatro (§18 não implementado).",§18 contrato de função (não iniciada),lado respeitado neste lance = 0.8333
104,15018,16.0,low_cross_shot,4-5-1 x 4-3-1-2,park x counter,P1_SUSPEITA,ameaca_sem_marcador,CONFIRMADO_P0,defesa,_defendTarget ramo _markRef (30-r13-football-observer.js:561),"Cobertura de ameaça medida em 0,618 sobre 294 partidas (limite 0,65). As cinco tentativas de parâmetro registradas no handoff não moveram a métrica (travada em 0,68–0,71): o gargalo é o CÁLCULO da posição de marcação, não o ajuste. `_defendTarget` decide 27,4% das posições defensivas pelo ramo `_markRef`.",§30 defesa coletiva,persistent_uncovered = 0.92
105,15018,31.0,tactical_snapshot,4-5-1 x 4-3-1-2,park x counter,P1_SUSPEITA,invasao_lateral,FALSO_POSITIVO,—,—,"Defeito de MEDIÇÃO do coletor, não do motor. A régua usa `y` absoluto igual para os dois times (script:141-142), mas os lados são espelhados por equipe — medido no estado bruto: LB do time 0 tem hy=0,110 e LB do time 1 tem hy=0,785. Todo ala de um dos times é marcado NA PRÓPRIA POSIÇÃO-BASE. Sobre os 120 lances a régua do coletor marca 48,95% das amostras (≈ um time inteiro de alas); a régua relativa à base mede 96,31% de respeito ao lado.",§26 respeito aos lados,lado respeitado neste lance = 1.0000 (coletor dizia invasão em 100% dos quadros)
105,15018,31.0,tactical_snapshot,4-5-1 x 4-3-1-2,park x counter,P1_SUSPEITA,ameaca_sem_marcador,CONFIRMADO_P0,defesa,_defendTarget ramo _markRef (30-r13-football-observer.js:561),"Cobertura de ameaça medida em 0,618 sobre 294 partidas (limite 0,65). As cinco tentativas de parâmetro registradas no handoff não moveram a métrica (travada em 0,68–0,71): o gargalo é o CÁLCULO da posição de marcação, não o ajuste. `_defendTarget` decide 27,4% das posições defensivas pelo ramo `_markRef`.",§30 defesa coletiva,persistent_uncovered = 0.92
106,15018,47.0,tactical_snapshot,4-5-1 x 4-3-1-2,park x counter,P1_SUSPEITA,invasao_lateral,FALSO_POSITIVO,—,—,"Defeito de MEDIÇÃO do coletor, não do motor. A régua usa `y` absoluto igual para os dois times (script:141-142), mas os lados são espelhados por equipe — medido no estado bruto: LB do time 0 tem hy=0,110 e LB do time 1 tem hy=0,785. Todo ala de um dos times é marcado NA PRÓPRIA POSIÇÃO-BASE. Sobre os 120 lances a régua do coletor marca 48,95% das amostras (≈ um time inteiro de alas); a régua relativa à base mede 96,31% de respeito ao lado.",§26 respeito aos lados,lado respeitado neste lance = 1.0000 (coletor dizia invasão em 100% dos quadros)
106,15018,47.0,tactical_snapshot,4-5-1 x 4-3-1-2,park x counter,P1_SUSPEITA,ameaca_sem_marcador,CONFIRMADO_P0,defesa,_defendTarget ramo _markRef (30-r13-football-observer.js:561),"Cobertura de ameaça medida em 0,618 sobre 294 partidas (limite 0,65). As cinco tentativas de parâmetro registradas no handoff não moveram a métrica (travada em 0,68–0,71): o gargalo é o CÁLCULO da posição de marcação, não o ajuste. `_defendTarget` decide 27,4% das posições defensivas pelo ramo `_markRef`.",§30 defesa coletiva,persistent_uncovered = 1.00
107,15018,63.0,tactical_snapshot,4-5-1 x 4-3-1-2,park x counter,P1_SUSPEITA,invasao_lateral,CONFIRMADO_P1,posicionamento,_attackTarget / _defendTarget,"Invasão de lado sobrevive à régua corrigida (relativa à posição-base). §26 admite invasão por rotação, cobertura, transição ou perseguição — mas exige motivo, duração, compensação e retorno, e o motor não registra nenhum dos quatro (§18 não implementado).",§18 contrato de função (não iniciada),lado respeitado neste lance = 0.8333
107,15018,63.0,tactical_snapshot,4-5-1 x 4-3-1-2,park x counter,P1_SUSPEITA,ameaca_sem_marcador,CONFIRMADO_P0,defesa,_defendTarget ramo _markRef (30-r13-football-observer.js:561),"Cobertura de ameaça medida em 0,618 sobre 294 partidas (limite 0,65). As cinco tentativas de parâmetro registradas no handoff não moveram a métrica (travada em 0,68–0,71): o gargalo é o CÁLCULO da posição de marcação, não o ajuste. `_defendTarget` decide 27,4% das posições defensivas pelo ramo `_markRef`.",§30 defesa coletiva,persistent_uncovered = 1.00
108,15018,75.0,offside,4-5-1 x 4-3-1-2,park x counter,P1_SUSPEITA,invasao_lateral,CONFIRMADO_P1,posicionamento,_attackTarget / _defendTarget,"Invasão de lado sobrevive à régua corrigida (relativa à posição-base). §26 admite invasão por rotação, cobertura, transição ou perseguição — mas exige motivo, duração, compensação e retorno, e o motor não registra nenhum dos quatro (§18 não implementado).",§18 contrato de função (não iniciada),lado respeitado neste lance = 0.8333
108,15018,75.0,offside,4-5-1 x 4-3-1-2,park x counter,P1_SUSPEITA,ameaca_sem_marcador,CONFIRMADO_P0,defesa,_defendTarget ramo _markRef (30-r13-football-observer.js:561),"Cobertura de ameaça medida em 0,618 sobre 294 partidas (limite 0,65). As cinco tentativas de parâmetro registradas no handoff não moveram a métrica (travada em 0,68–0,71): o gargalo é o CÁLCULO da posição de marcação, não o ajuste. `_defendTarget` decide 27,4% das posições defensivas pelo ramo `_markRef`.",§30 defesa coletiva,persistent_uncovered = 1.00
109,15019,3.0,tactical_snapshot,5-4-1 x 4-3-3,park x tiki,P1_SUSPEITA,invasao_lateral,FALSO_POSITIVO,—,—,"Defeito de MEDIÇÃO do coletor, não do motor. A régua usa `y` absoluto igual para os dois times (script:141-142), mas os lados são espelhados por equipe — medido no estado bruto: LB do time 0 tem hy=0,110 e LB do time 1 tem hy=0,785. Todo ala de um dos times é marcado NA PRÓPRIA POSIÇÃO-BASE. Sobre os 120 lances a régua do coletor marca 48,95% das amostras (≈ um time inteiro de alas); a régua relativa à base mede 96,31% de respeito ao lado.",§26 respeito aos lados,lado respeitado neste lance = 1.0000 (coletor dizia invasão em 100% dos quadros)
109,15019,3.0,tactical_snapshot,5-4-1 x 4-3-3,park x tiki,P1_SUSPEITA,ameaca_sem_marcador,CONFIRMADO_P0,defesa,_defendTarget ramo _markRef (30-r13-football-observer.js:561),"Cobertura de ameaça medida em 0,618 sobre 294 partidas (limite 0,65). As cinco tentativas de parâmetro registradas no handoff não moveram a métrica (travada em 0,68–0,71): o gargalo é o CÁLCULO da posição de marcação, não o ajuste. `_defendTarget` decide 27,4% das posições defensivas pelo ramo `_markRef`.",§30 defesa coletiva,persistent_uncovered = 1.00
110,15019,15.0,bad_pass,5-4-1 x 4-3-3,park x tiki,P1_SUSPEITA,invasao_lateral,FALSO_POSITIVO,—,—,"Defeito de MEDIÇÃO do coletor, não do motor. A régua usa `y` absoluto igual para os dois times (script:141-142), mas os lados são espelhados por equipe — medido no estado bruto: LB do time 0 tem hy=0,110 e LB do time 1 tem hy=0,785. Todo ala de um dos times é marcado NA PRÓPRIA POSIÇÃO-BASE. Sobre os 120 lances a régua do coletor marca 48,95% das amostras (≈ um time inteiro de alas); a régua relativa à base mede 96,31% de respeito ao lado.",§26 respeito aos lados,lado respeitado neste lance = 1.0000 (coletor dizia invasão em 100% dos quadros)
111,15019,31.0,gk_bad_distribution,5-4-1 x 4-3-3,park x tiki,P1_SUSPEITA,invasao_lateral,FALSO_POSITIVO,—,—,"Defeito de MEDIÇÃO do coletor, não do motor. A régua usa `y` absoluto igual para os dois times (script:141-142), mas os lados são espelhados por equipe — medido no estado bruto: LB do time 0 tem hy=0,110 e LB do time 1 tem hy=0,785. Todo ala de um dos times é marcado NA PRÓPRIA POSIÇÃO-BASE. Sobre os 120 lances a régua do coletor marca 48,95% das amostras (≈ um time inteiro de alas); a régua relativa à base mede 96,31% de respeito ao lado.",§26 respeito aos lados,lado respeitado neste lance = 1.0000 (coletor dizia invasão em 100% dos quadros)
112,15019,47.0,tactical_snapshot,5-4-1 x 4-3-3,park x tiki,P0_SUSPEITA,velocidade,CONFIRMADO_P1,movimento,commitMovement + guarda global (29-r12:85 e :90),"A guarda de frame permite `maxSpd*dt*1.28 + 0.20` por passo. A 7 m/s e dt=1/30 isso autoriza 0,499 m/passo = 14,9 m/s = 2,14× maxSpd. O teto efetivo do motor é o dobro do atributo do jogador, então `maxSpd` não é limite de velocidade — é sugestão.",§32 física,max_speed_ratio = 1.903× maxSpd (reconferido no estado bruto)
112,15019,47.0,tactical_snapshot,5-4-1 x 4-3-3,park x tiki,P0_SUSPEITA,invasao_lateral,FALSO_POSITIVO,—,—,"Defeito de MEDIÇÃO do coletor, não do motor. A régua usa `y` absoluto igual para os dois times (script:141-142), mas os lados são espelhados por equipe — medido no estado bruto: LB do time 0 tem hy=0,110 e LB do time 1 tem hy=0,785. Todo ala de um dos times é marcado NA PRÓPRIA POSIÇÃO-BASE. Sobre os 120 lances a régua do coletor marca 48,95% das amostras (≈ um time inteiro de alas); a régua relativa à base mede 96,31% de respeito ao lado.",§26 respeito aos lados,lado respeitado neste lance = 1.0000 (coletor dizia invasão em 100% dos quadros)
112,15019,47.0,tactical_snapshot,5-4-1 x 4-3-3,park x tiki,P0_SUSPEITA,ameaca_sem_marcador,CONFIRMADO_P0,defesa,_defendTarget ramo _markRef (30-r13-football-observer.js:561),"Cobertura de ameaça medida em 0,618 sobre 294 partidas (limite 0,65). As cinco tentativas de parâmetro registradas no handoff não moveram a métrica (travada em 0,68–0,71): o gargalo é o CÁLCULO da posição de marcação, não o ajuste. `_defendTarget` decide 27,4% das posições defensivas pelo ramo `_markRef`.",§30 defesa coletiva,persistent_uncovered = 1.00
113,15019,63.0,tactical_snapshot,5-4-1 x 4-3-3,park x tiki,P1_SUSPEITA,invasao_lateral,FALSO_POSITIVO,—,—,"Defeito de MEDIÇÃO do coletor, não do motor. A régua usa `y` absoluto igual para os dois times (script:141-142), mas os lados são espelhados por equipe — medido no estado bruto: LB do time 0 tem hy=0,110 e LB do time 1 tem hy=0,785. Todo ala de um dos times é marcado NA PRÓPRIA POSIÇÃO-BASE. Sobre os 120 lances a régua do coletor marca 48,95% das amostras (≈ um time inteiro de alas); a régua relativa à base mede 96,31% de respeito ao lado.",§26 respeito aos lados,lado respeitado neste lance = 0.9167 (coletor dizia invasão em 100% dos quadros)
113,15019,63.0,tactical_snapshot,5-4-1 x 4-3-3,park x tiki,P1_SUSPEITA,ameaca_sem_marcador,CONFIRMADO_P0,defesa,_defendTarget ramo _markRef (30-r13-football-observer.js:561),"Cobertura de ameaça medida em 0,618 sobre 294 partidas (limite 0,65). As cinco tentativas de parâmetro registradas no handoff não moveram a métrica (travada em 0,68–0,71): o gargalo é o CÁLCULO da posição de marcação, não o ajuste. `_defendTarget` decide 27,4% das posições defensivas pelo ramo `_markRef`.",§30 defesa coletiva,persistent_uncovered = 1.00
114,15019,75.0,tactical_snapshot,5-4-1 x 4-3-3,park x tiki,P1_SUSPEITA,invasao_lateral,FALSO_POSITIVO,—,—,"Defeito de MEDIÇÃO do coletor, não do motor. A régua usa `y` absoluto igual para os dois times (script:141-142), mas os lados são espelhados por equipe — medido no estado bruto: LB do time 0 tem hy=0,110 e LB do time 1 tem hy=0,785. Todo ala de um dos times é marcado NA PRÓPRIA POSIÇÃO-BASE. Sobre os 120 lances a régua do coletor marca 48,95% das amostras (≈ um time inteiro de alas); a régua relativa à base mede 96,31% de respeito ao lado.",§26 respeito aos lados,lado respeitado neste lance = 0.8750 (coletor dizia invasão em 100% dos quadros)
114,15019,75.0,tactical_snapshot,5-4-1 x 4-3-3,park x tiki,P1_SUSPEITA,ameaca_sem_marcador,CONFIRMADO_P0,defesa,_defendTarget ramo _markRef (30-r13-football-observer.js:561),"Cobertura de ameaça medida em 0,618 sobre 294 partidas (limite 0,65). As cinco tentativas de parâmetro registradas no handoff não moveram a métrica (travada em 0,68–0,71): o gargalo é o CÁLCULO da posição de marcação, não o ajuste. `_defendTarget` decide 27,4% das posições defensivas pelo ramo `_markRef`.",§30 defesa coletiva,persistent_uncovered = 1.00
115,15022,3.0,tactical_snapshot,4-1-2-1-2 x 3-5-2,direct x counter,P1_SUSPEITA,invasao_lateral,FALSO_POSITIVO,—,—,"Defeito de MEDIÇÃO do coletor, não do motor. A régua usa `y` absoluto igual para os dois times (script:141-142), mas os lados são espelhados por equipe — medido no estado bruto: LB do time 0 tem hy=0,110 e LB do time 1 tem hy=0,785. Todo ala de um dos times é marcado NA PRÓPRIA POSIÇÃO-BASE. Sobre os 120 lances a régua do coletor marca 48,95% das amostras (≈ um time inteiro de alas); a régua relativa à base mede 96,31% de respeito ao lado.",§26 respeito aos lados,lado respeitado neste lance = 1.0000 (coletor dizia invasão em 100% dos quadros)
116,15022,15.0,run_break,4-1-2-1-2 x 3-5-2,direct x counter,P0_SUSPEITA,velocidade,CONFIRMADO_P1,movimento,commitMovement + guarda global (29-r12:85 e :90),"A guarda de frame permite `maxSpd*dt*1.28 + 0.20` por passo. A 7 m/s e dt=1/30 isso autoriza 0,499 m/passo = 14,9 m/s = 2,14× maxSpd. O teto efetivo do motor é o dobro do atributo do jogador, então `maxSpd` não é limite de velocidade — é sugestão.",§32 física,max_speed_ratio = 1.542× maxSpd (reconferido no estado bruto)
116,15022,15.0,run_break,4-1-2-1-2 x 3-5-2,direct x counter,P0_SUSPEITA,invasao_lateral,FALSO_POSITIVO,—,—,"Defeito de MEDIÇÃO do coletor, não do motor. A régua usa `y` absoluto igual para os dois times (script:141-142), mas os lados são espelhados por equipe — medido no estado bruto: LB do time 0 tem hy=0,110 e LB do time 1 tem hy=0,785. Todo ala de um dos times é marcado NA PRÓPRIA POSIÇÃO-BASE. Sobre os 120 lances a régua do coletor marca 48,95% das amostras (≈ um time inteiro de alas); a régua relativa à base mede 96,31% de respeito ao lado.",§26 respeito aos lados,lado respeitado neste lance = 1.0000 (coletor dizia invasão em 100% dos quadros)
117,15022,31.0,tactical_snapshot,4-1-2-1-2 x 3-5-2,direct x counter,P0_SUSPEITA,velocidade,CONFIRMADO_P1,movimento,commitMovement + guarda global (29-r12:85 e :90),"A guarda de frame permite `maxSpd*dt*1.28 + 0.20` por passo. A 7 m/s e dt=1/30 isso autoriza 0,499 m/passo = 14,9 m/s = 2,14× maxSpd. O teto efetivo do motor é o dobro do atributo do jogador, então `maxSpd` não é limite de velocidade — é sugestão.",§32 física,max_speed_ratio = 1.520× maxSpd (reconferido no estado bruto)
117,15022,31.0,tactical_snapshot,4-1-2-1-2 x 3-5-2,direct x counter,P0_SUSPEITA,invasao_lateral,FALSO_POSITIVO,—,—,"Defeito de MEDIÇÃO do coletor, não do motor. A régua usa `y` absoluto igual para os dois times (script:141-142), mas os lados são espelhados por equipe — medido no estado bruto: LB do time 0 tem hy=0,110 e LB do time 1 tem hy=0,785. Todo ala de um dos times é marcado NA PRÓPRIA POSIÇÃO-BASE. Sobre os 120 lances a régua do coletor marca 48,95% das amostras (≈ um time inteiro de alas); a régua relativa à base mede 96,31% de respeito ao lado.",§26 respeito aos lados,lado respeitado neste lance = 1.0000 (coletor dizia invasão em 100% dos quadros)
118,15022,46.0,through,4-1-2-1-2 x 3-5-2,direct x counter,P0_SUSPEITA,velocidade,CONFIRMADO_P1,movimento,commitMovement + guarda global (29-r12:85 e :90),"A guarda de frame permite `maxSpd*dt*1.28 + 0.20` por passo. A 7 m/s e dt=1/30 isso autoriza 0,499 m/passo = 14,9 m/s = 2,14× maxSpd. O teto efetivo do motor é o dobro do atributo do jogador, então `maxSpd` não é limite de velocidade — é sugestão.",§32 física,max_speed_ratio = 1.475× maxSpd (reconferido no estado bruto)
118,15022,46.0,through,4-1-2-1-2 x 3-5-2,direct x counter,P0_SUSPEITA,invasao_lateral,FALSO_POSITIVO,—,—,"Defeito de MEDIÇÃO do coletor, não do motor. A régua usa `y` absoluto igual para os dois times (script:141-142), mas os lados são espelhados por equipe — medido no estado bruto: LB do time 0 tem hy=0,110 e LB do time 1 tem hy=0,785. Todo ala de um dos times é marcado NA PRÓPRIA POSIÇÃO-BASE. Sobre os 120 lances a régua do coletor marca 48,95% das amostras (≈ um time inteiro de alas); a régua relativa à base mede 96,31% de respeito ao lado.",§26 respeito aos lados,lado respeitado neste lance = 1.0000 (coletor dizia invasão em 100% dos quadros)
118,15022,46.0,through,4-1-2-1-2 x 3-5-2,direct x counter,P0_SUSPEITA,ameaca_sem_marcador,CONFIRMADO_P0,defesa,_defendTarget ramo _markRef (30-r13-football-observer.js:561),"Cobertura de ameaça medida em 0,618 sobre 294 partidas (limite 0,65). As cinco tentativas de parâmetro registradas no handoff não moveram a métrica (travada em 0,68–0,71): o gargalo é o CÁLCULO da posição de marcação, não o ajuste. `_defendTarget` decide 27,4% das posições defensivas pelo ramo `_markRef`.",§30 defesa coletiva,persistent_uncovered = 1.00
119,15022,60.0,intercept,4-1-2-1-2 x 3-5-2,direct x counter,P1_SUSPEITA,invasao_lateral,CONFIRMADO_P1,posicionamento,_attackTarget / _defendTarget,"Invasão de lado sobrevive à régua corrigida (relativa à posição-base). §26 admite invasão por rotação, cobertura, transição ou perseguição — mas exige motivo, duração, compensação e retorno, e o motor não registra nenhum dos quatro (§18 não implementado).",§18 contrato de função (não iniciada),lado respeitado neste lance = 0.7500
119,15022,60.0,intercept,4-1-2-1-2 x 3-5-2,direct x counter,P1_SUSPEITA,ameaca_sem_marcador,CONFIRMADO_P0,defesa,_defendTarget ramo _markRef (30-r13-football-observer.js:561),"Cobertura de ameaça medida em 0,618 sobre 294 partidas (limite 0,65). As cinco tentativas de parâmetro registradas no handoff não moveram a métrica (travada em 0,68–0,71): o gargalo é o CÁLCULO da posição de marcação, não o ajuste. `_defendTarget` decide 27,4% das posições defensivas pelo ramo `_markRef`.",§30 defesa coletiva,persistent_uncovered = 1.00
120,15022,76.0,cross,4-1-2-1-2 x 3-5-2,direct x counter,P1_SUSPEITA,invasao_lateral,FALSO_POSITIVO,—,—,"Defeito de MEDIÇÃO do coletor, não do motor. A régua usa `y` absoluto igual para os dois times (script:141-142), mas os lados são espelhados por equipe — medido no estado bruto: LB do time 0 tem hy=0,110 e LB do time 1 tem hy=0,785. Todo ala de um dos times é marcado NA PRÓPRIA POSIÇÃO-BASE. Sobre os 120 lances a régua do coletor marca 48,95% das amostras (≈ um time inteiro de alas); a régua relativa à base mede 96,31% de respeito ao lado.",§26 respeito aos lados,lado respeitado neste lance = 0.8750 (coletor dizia invasão em 100% dos quadros)
120,15022,76.0,cross,4-1-2-1-2 x 3-5-2,direct x counter,P1_SUSPEITA,ameaca_sem_marcador,CONFIRMADO_P0,defesa,_defendTarget ramo _markRef (30-r13-football-observer.js:561),"Cobertura de ameaça medida em 0,618 sobre 294 partidas (limite 0,65). As cinco tentativas de parâmetro registradas no handoff não moveram a métrica (travada em 0,68–0,71): o gargalo é o CÁLCULO da posição de marcação, não o ajuste. `_defendTarget` decide 27,4% das posições defensivas pelo ramo `_markRef`.",§30 defesa coletiva,persistent_uncovered = 1.00
