index,seed,homeTeam,homeYear,homeFormation,homeStyle,awayTeam,awayYear,awayFormation,awayStyle,completed,steps,minute,homeGoals,awayGoals,auditStatus,goals,shots,onTarget,xg,passes,passOk,corners,fouls,yellow,red,tackles,tackleAttempts,interceptions,dribblesAttempted,dribblesCompleted,crosses,crossesOk,throughBalls,throughOk,offsides,saves,setPieceShots,setPieceGoals,openPlayGoals,penaltyGoals,directFreeKickGoals,crossedFreeKickGoals,cornerGoals,r12StatIdentityErrors,r12LegacyParityErrors,r12TransactionErrors,r12MaxFinalStep,r10MaxStationary,r10MaxOwnedStationary,p04OwnerWithoutContact,p04BoundaryClamps,invalid,outPlayer,outBall,maxBallStep,maxActiveStationary,canonicalOpenPlayGoals,canonicalPenaltyGoals,canonicalDirectFreeKickGoals,canonicalCrossedFreeKickGoals,canonicalCornerGoals
0,870000,Portugal,1966,4-1-4-1,press,Costa Rica,2022,4-3-1-2,park,True,12238,90.34399999999174,2,1,CONSISTENT,3,22,8,2.827059852897543,192,153,7,18,2,0,18,50,13,26,12,14,5,22,11,0,5,3,0,0,0,0,0,0,0,0,0,0.39242266666666864,0.3,0.6666666666666666,0,13,0,0,0,53.424049801932384,0.13333333333333333,2,0,0,0,1
1,877919,Colômbia,1998,5-3-2,direct,Holanda,1994,5-2-3,wings,True,12169,90.24799999999179,1,2,CONSISTENT,3,23,7,3.4025933951648257,183,159,10,14,1,0,12,34,8,11,7,27,10,29,22,0,4,3,0,0,0,0,0,0,0,0,0,0.3578093333333347,0.3,0.6,0,11,0,0,0,53.43788873565655,0.13333333333333333,2,0,0,0,1
2,885838,Nigéria,1998,3-4-3,press,Espanha,1986,5-2-3,tiki,True,11577,90.10399999999187,1,0,CONSISTENT,1,13,1,1.4580282568443326,201,162,1,2,0,0,3,7,13,5,2,3,2,8,3,1,0,0,0,0,0,0,0,0,0,0,0,0.3819600000000014,0.3,0.3333333333333333,0,2,0,0,0,53.40193657885902,0.13333333333333333,1,0,0,0,0
3,893757,Colômbia,2014,4-2-4,park,Brasil,1994,4-2-3-1,balanced,True,12097,90.00799999999192,3,3,CONSISTENT,6,21,10,3.5353987083245038,186,159,9,8,4,0,7,27,10,12,6,22,7,16,14,0,4,2,0,0,0,0,0,0,0,0,0,0.4375380000000029,0.3,0.6666666666666666,0,7,0,0,7,53.43631643813463,0.13333333333333333,3,0,0,0,3
4,901676,Portugal,1986,4-2-3-1,wings,Alemanha,2026,4-3-3,balanced,True,12158,90.00799999999192,2,1,CONSISTENT,3,18,5,1.506861605603219,192,161,11,10,3,0,8,31,11,13,10,18,5,15,9,4,2,3,1,0,0,0,0,0,0,0,0,0.41478510328311086,0.3,0.6666666666666666,0,6,0,0,0,53.41249927870324,0.13333333333333333,2,0,0,0,1
5,909595,Colômbia,2018,4-3-2-1,tiki,Peru,2022,3-4-3,counter,True,11779,90.32799999999175,3,0,CONSISTENT,3,13,6,1.3860751576796517,195,166,3,5,1,0,7,21,8,7,2,11,4,8,6,0,3,2,0,0,0,0,0,0,0,0,0,0.4142526666666629,0.3,0.3333333333333333,0,3,0,0,0,53.43611922908132,0.13333333333333333,2,0,0,0,1
6,917514,Escócia,1954,4-5-1,tiki,Uruguai,1966,4-3-1-2,wings,True,11783,90.27199999999178,1,0,CONSISTENT,1,12,3,1.9605598285500205,185,165,8,9,1,0,14,41,2,23,9,19,4,13,12,0,2,1,0,0,0,0,0,0,0,0,0,0.3767679999999992,0.3,0.6666666666666666,0,4,0,0,0,53.400392740079724,0.13333333333333333,1,0,0,0,0
7,925433,Rússia,1994,5-3-2,park,Espanha,1982,4-3-3,counter,True,11961,90.02399999999191,0,2,CONSISTENT,2,18,4,3.008928019424703,186,159,13,7,1,0,9,25,7,13,7,25,6,17,13,0,2,3,0,0,0,0,0,0,0,0,0,0.3655580000000016,0.3,0.5666666666666667,0,29,0,0,7,54.334154259569466,0.13333333333333333,1,0,0,0,1
8,933352,Chile,1950,4-1-4-1,wings,Japão,2018,3-5-2,balanced,True,11699,90.35999999999173,1,0,CONSISTENT,1,9,3,1.8801819579752652,198,172,3,7,1,0,0,12,5,6,3,10,5,8,6,0,2,0,0,0,0,0,0,0,0,0,0,0.35938266666666896,0.3,0.6333333333333333,0,4,0,0,0,53.41425297659322,0.13333333333333333,1,0,0,0,0
9,941271,Romênia,1994,4-2-3-1,park,Itália,1954,3-5-2,balanced,True,11784,90.31199999999176,0,1,CONSISTENT,1,16,4,1.928759422473767,199,168,5,8,0,0,10,26,9,11,4,10,6,15,13,0,3,2,0,0,0,0,0,0,0,0,0,0.37189066666666903,0.3,0.6666666666666666,0,4,0,0,0,53.44147709649806,0.13333333333333333,1,0,0,0,0
10,949190,Brasil,1982,3-5-2,park,Argélia,1986,4-1-2-1-2,press,True,12048,90.3999999999917,2,1,CONSISTENT,3,19,6,2.367635249910042,196,163,12,7,2,0,12,32,11,11,4,25,11,14,11,1,3,4,0,0,0,0,0,0,0,0,0,0.4060071820427682,0.3,0.6333333333333333,0,3,0,0,0,56.71007045085233,0.13333333333333333,3,0,0,0,0
11,957109,Romênia,1990,5-2-3,direct,Escócia,1990,3-4-2-1,balanced,True,11872,90.16799999999184,1,1,CONSISTENT,2,15,3,1.5779840986431481,191,161,3,13,1,0,11,49,10,26,14,12,3,26,21,0,1,2,0,0,0,0,0,0,0,0,0,0.3793639999999992,0.3,0.49999999999999994,0,8,0,0,0,53.431784677651734,0.13333333333333333,1,0,0,0,1
12,965028,Camarões,2002,4-2-4,tiki,Holanda,1978,3-4-3,press,True,11589,90.10399999999187,1,0,CONSISTENT,1,10,2,0.998922692496834,188,160,2,4,0,0,6,17,3,9,4,8,2,4,3,0,1,0,0,0,0,0,0,0,0,0,0,0.4329359999999995,0.3,0.6,0,2,0,0,0,60.181560385492816,0.13333333333333333,1,0,0,0,0
13,972947,Romênia,1990,4-3-3,wings,Dinamarca,2026,4-4-2,counter,True,12112,90.19999999999182,4,0,CONSISTENT,4,18,8,2.810790644131482,186,140,16,5,2,1,16,35,12,14,8,32,12,27,19,3,4,5,0,0,0,0,0,0,0,0,0,0.37936399999999826,0.3,0.36666666666666664,0,3,0,0,0,53.466268160674936,0.13333333333333333,2,0,0,0,2
14,980866,Argélia,1986,3-4-2-1,balanced,Hungria,1954,3-5-2,direct,True,11608,90.00799999999192,0,1,CONSISTENT,1,13,3,0.8828530960258164,203,175,5,3,0,0,4,24,7,13,11,5,1,5,2,1,2,3,0,0,0,0,0,0,0,0,0,0.42830900343474565,0.3,0.3333333333333333,0,1,0,0,0,53.40588917841919,0.13333333333333333,1,0,0,0,0
15,988785,Rússia,2002,4-3-2-1,wings,Portugal,2026,3-5-2,counter,True,12294,90.10399999999187,2,1,CONSISTENT,3,22,5,2.7182095002165867,187,153,17,15,3,0,10,35,14,11,3,27,6,17,13,0,2,4,0,0,0,0,0,0,0,0,0,0.4271146666666663,0.3,0.6666666666666666,0,21,0,0,0,53.40348461100354,0.13333333333333333,1,0,0,0,2
16,996704,Chile,1966,4-2-3-1,park,Tunísia,1998,4-3-3,balanced,True,11972,90.14399999999185,1,3,CONSISTENT,4,14,4,2.407583978665653,179,151,11,6,2,0,11,35,6,23,14,28,6,16,15,0,0,0,0,0,0,0,0,0,0,0,0,0.37259866666666597,0.3,0.6666666666666666,0,4,0,0,0,53.449692525735045,0.13333333333333333,1,0,0,0,3
17,1004623,Rússia,1994,3-4-2-1,park,França,2014,4-2-4,tiki,True,11764,90.32799999999175,0,2,CONSISTENT,2,17,4,2.7375068513126624,201,162,5,8,3,0,11,22,14,5,1,11,5,9,9,0,2,4,1,0,0,0,0,0,0,0,0,0.3793093700514242,0.3,0.6666666666666666,0,3,0,0,7,53.45962585141202,0.13333333333333333,0,1,0,0,1
18,1012542,Brasil,1994,4-1-2-1-2,wings,Nigéria,2010,4-4-2,park,True,11689,90.09599999999188,1,0,CONSISTENT,1,16,3,1.6497354426392294,215,178,5,6,2,0,13,30,13,13,8,12,4,19,13,0,2,3,0,0,0,0,0,0,0,0,0,0.41842200000000135,0.3133333333333333,0.3333333333333333,0,5,0,0,0,53.401927797744804,0.19999999999999998,1,0,0,0,0
19,1020461,Rússia,2002,3-5-2,press,Suíça,2022,4-3-2-1,press,True,11899,90.32799999999175,1,2,CONSISTENT,3,18,4,2.5401169125835286,195,159,7,9,4,0,14,28,15,6,3,15,6,15,10,0,1,3,1,0,0,0,0,0,0,0,0,0.36528266666666787,0.3,0.6666666666666666,0,7,0,0,0,53.46276161276744,0.13333333333333333,1,0,0,0,2
20,1028380,Chile,1974,4-3-3,park,Colômbia,2022,5-3-2,counter,True,11999,90.00799999999192,0,1,CONSISTENT,1,16,2,1.2538160829429874,189,159,10,13,1,0,15,44,11,23,13,19,5,22,18,1,1,2,0,0,0,0,0,0,0,0,0,0.3805046666666637,0.3,0.6,0,9,0,0,0,53.444068264226374,0.13333333333333333,0,0,0,0,1
21,1036299,Rússia,2014,4-2-2-2,direct,Gana,2010,5-2-3,wings,True,11833,90.50399999999165,0,1,CONSISTENT,1,13,4,1.2737944787035198,190,155,4,10,3,1,13,37,15,18,9,19,8,27,22,0,3,4,0,0,0,0,0,0,0,0,0,0.36225400000000174,0.3,0.6666666666666666,0,5,0,0,0,53.460192663659626,0.13333333333333333,1,0,0,0,0
22,1044218,Tchecoslováquia,1982,4-5-1,press,França,2002,4-3-2-1,press,True,11919,90.26399999999178,3,1,CONSISTENT,4,14,4,2.78468080658768,196,179,7,4,1,0,8,15,3,2,1,13,4,14,13,2,0,1,0,0,0,0,0,0,0,0,0,0.37963933333334027,0.3,0.6666666666666666,0,1,0,0,0,53.48084892146131,0.13333333333333333,3,0,0,0,1
23,1052137,Chile,1982,5-3-2,press,México,2006,4-2-4,press,True,11700,90.24799999999179,0,2,CONSISTENT,2,16,4,1.633004188926876,198,170,4,5,2,0,10,17,10,6,1,10,4,9,7,0,2,2,0,0,0,0,0,0,0,0,0,0.3626866666666663,0.3,0.6333333333333333,0,2,0,0,0,53.43555501508406,0.13333333333333333,1,0,0,0,1
24,1060056,Portugal,2018,3-4-2-1,balanced,Croácia,2014,3-1-4-2,press,True,11610,90.18399999999183,1,1,CONSISTENT,2,7,3,1.1883172933949044,203,178,3,1,1,0,9,10,7,2,0,5,0,9,8,0,1,0,0,0,0,0,0,0,0,0,0,0.39529400000000287,0.3,0.5666666666666667,0,0,0,0,0,53.40119211437008,0.13333333333333333,2,0,0,0,0
25,1067975,Brasil,1998,4-3-2-1,tiki,Argentina,1994,4-4-2,wings,True,12016,90.00799999999192,4,1,CONSISTENT,5,28,10,5.387485462460469,191,167,9,7,0,0,13,34,7,11,6,18,6,12,6,0,5,4,1,0,0,0,0,0,0,0,0,0.4479872481343099,0.3,0.6666666666666666,0,23,0,0,7,53.46888993241784,0.13333333333333333,2,0,0,0,3
26,1075894,Paraguai,2002,5-4-1,tiki,Coreia do Sul,1990,4-4-2,counter,True,11827,90.10399999999187,0,1,CONSISTENT,1,14,5,1.7290621264308392,186,158,4,13,3,0,21,43,13,14,4,11,2,15,11,0,4,1,0,0,0,0,0,0,0,0,0,0.36024800000000334,0.3,0.6,0,3,0,0,0,54.78784210259637,0.13333333333333333,1,0,0,0,0
27,1083813,Chile,2010,5-2-3,park,Holanda,2022,4-3-2-1,wings,True,11687,90.21599999999181,0,1,CONSISTENT,1,15,2,1.8096989816602922,208,183,3,7,2,0,10,37,8,17,11,13,6,15,13,0,1,3,0,0,0,0,0,0,0,0,0,0.34703199999999895,0.3,0.39999999999999997,0,4,0,0,0,53.405096552010036,0.13333333333333333,1,0,0,0,0
28,1091732,Portugal,2022,4-2-3-1,counter,Inglaterra,1998,4-3-1-2,wings,True,11947,90.00799999999192,1,2,CONSISTENT,3,21,6,2.9273614373568027,195,162,3,16,4,0,19,68,14,30,23,11,4,20,15,0,3,1,0,0,0,0,0,0,0,0,0,0.42058533333333603,0.3,0.6666666666666666,0,11,0,0,0,53.45648537027766,0.13333333333333333,3,0,0,0,0
29,1099651,Argentina,1978,4-1-2-1-2,counter,Irã,1998,4-2-4,wings,True,11970,90.2239999999918,0,2,CONSISTENT,2,18,3,1.5397842109165993,194,158,7,7,1,0,12,25,8,7,1,21,4,21,13,2,1,1,0,0,0,0,0,0,0,0,0,0.45102933333333417,0.3,0.6,0,3,0,0,7,63.07462449024115,0.13333333333333333,1,0,0,0,1
30,1107570,Japão,2010,5-3-2,direct,Arábia Saudita,1998,3-4-2-1,counter,True,12089,90.00799999999192,1,1,CONSISTENT,2,13,4,1.9059331858829696,179,150,5,21,4,0,21,74,10,37,23,16,4,12,7,0,2,1,0,0,0,0,0,0,0,0,0,0.36225400000000674,0.3,0.7,0,12,0,0,0,53.43604355499422,0.13333333333333333,2,0,0,0,0
31,1115489,Colômbia,1990,4-3-2-1,tiki,Tunísia,2026,3-1-4-2,press,True,11698,90.11999999999186,0,2,CONSISTENT,2,12,5,1.3204674047564717,196,162,3,6,2,0,9,26,13,11,6,10,3,13,9,0,3,1,0,0,0,0,0,0,0,0,0,0.3688619999999978,0.3,0.6666666666666666,0,2,0,0,0,53.48074460489199,0.13333333333333333,2,0,0,0,0
32,1123408,Romênia,1990,3-1-4-2,wings,Brasil,1974,4-2-4,direct,True,11977,90.37599999999172,2,3,CONSISTENT,5,19,8,3.4337149233321247,183,147,6,11,0,0,9,31,6,14,5,16,5,13,10,0,3,4,0,0,0,0,0,0,0,0,0,0.4271520908739744,0.3,0.6666666666666666,0,1,0,0,0,53.48400419846167,0.13333333333333333,3,0,0,0,2
33,1131327,Brasil,2010,3-4-3,counter,Paraguai,2006,4-1-2-1-2,counter,True,12247,90.28799999999177,0,1,CONSISTENT,1,22,10,2.02063364936808,201,171,8,21,2,1,6,40,16,14,9,17,7,25,20,0,9,8,1,0,0,0,0,0,0,0,0,0.4294746666666695,0.3,0.6,0,9,0,0,0,53.47149835731539,0.13333333333333333,1,0,0,0,0
34,1139246,Paraguai,2010,4-3-1-2,tiki,Tunísia,1998,5-4-1,direct,True,11861,90.07199999999189,1,0,CONSISTENT,1,14,3,2.05929814067797,192,167,7,8,3,0,10,35,9,21,13,19,7,9,9,0,2,3,1,0,0,0,0,0,0,0,0,0.37189066666666337,0.3,0.6,0,6,0,0,0,53.405538050684314,0.13333333333333333,0,0,0,0,1
35,1147165,Chile,2014,4-1-4-1,tiki,Costa Rica,2014,3-4-2-1,wings,True,12349,90.28799999999177,3,1,CONSISTENT,4,16,4,1.922869017705106,191,157,14,17,4,0,7,30,8,10,3,24,3,13,9,1,0,1,0,0,0,0,0,0,0,0,0,0.427468666666667,0.3,0.6666666666666666,0,7,0,0,0,67.11408005079703,0.13333333333333333,3,0,0,0,1
36,1155084,Portugal,2026,3-4-2-1,press,Gana,2026,3-4-3,counter,True,11634,90.2319999999918,2,0,CONSISTENT,2,11,5,1.9370433935910492,216,194,0,5,0,0,6,17,6,9,5,2,0,15,13,0,3,2,0,0,0,0,0,0,0,0,0,0.3593826666666693,0.3,0.5666666666666667,0,3,0,0,0,53.43866875675303,0.13333333333333333,2,0,0,0,0
37,1163003,União Soviética,1962,4-3-1-2,press,França,1982,4-2-3-1,counter,True,12059,90.01599999999192,1,5,CONSISTENT,6,22,12,2.4647136755999943,191,152,7,10,3,1,16,43,12,20,11,21,4,26,18,0,6,2,0,0,0,0,0,0,0,0,0,0.38353333333333717,0.3,0.4666666666666666,0,7,0,0,0,58.547625227799486,0.13333333333333333,4,0,0,0,2
38,1170922,Inglaterra,1950,4-3-3,tiki,Argentina,1994,3-5-2,press,True,11720,90.00799999999192,1,0,CONSISTENT,1,15,3,2.155732966122367,183,157,10,4,2,0,1,7,11,0,0,25,12,8,6,0,2,2,0,0,0,0,0,0,0,0,0,0.3936037740556262,0.26666666666666666,0.6,0,2,0,0,0,53.40039271066525,0,0,0,0,0,1
39,1178841,União Soviética,1966,5-2-3,direct,Escócia,1974,4-3-2-1,press,True,12023,90.29599999999176,3,3,CONSISTENT,6,24,9,3.287718334685923,177,147,8,6,0,0,9,29,6,12,10,26,9,28,21,0,3,2,0,0,0,0,0,0,0,0,0,0.362254000000005,0.3,0.6,0,3,0,0,0,53.46862611320312,0.13333333333333333,5,0,0,0,1
40,1186760,Camarões,1990,5-2-3,tiki,Portugal,2026,4-3-1-2,wings,True,11855,90.08799999999188,1,0,CONSISTENT,1,20,2,3.3579917447108762,180,141,9,8,4,1,11,27,16,13,6,21,9,10,5,2,1,2,1,0,0,0,0,0,0,0,0,0.3784986666666699,0.3,0.5666666666666667,0,7,0,0,0,53.40761972101822,0.13333333333333333,0,1,0,0,0
41,1194679,Polônia,2006,5-2-3,balanced,Croácia,2002,4-1-4-1,park,True,11974,90.00799999999192,4,3,CONSISTENT,7,17,13,1.6961853759157715,182,155,5,9,2,0,8,34,10,18,13,19,5,18,16,0,6,1,0,0,0,0,0,0,0,0,0,0.38955133333333286,0.3,0.6,0,7,0,0,0,55.758530470974385,0.13333333333333333,6,0,0,0,1
42,1202598,Camarões,2002,3-4-3,wings,Bélgica,2026,5-3-2,wings,True,11936,90.16799999999184,1,0,CONSISTENT,1,18,5,2.420465908659235,185,150,13,7,0,0,12,27,9,13,4,24,7,26,14,0,4,5,0,0,0,0,0,0,0,0,0,0.395145017897988,0.3,0.6333333333333333,0,5,0,0,0,53.40017880629592,0.13333333333333333,1,0,0,0,0
43,1210517,Polônia,2002,4-2-3-1,park,Espanha,2014,4-4-2,direct,True,12144,90.14399999999185,0,0,CONSISTENT,0,18,3,1.9460043791809722,178,160,17,11,4,0,16,50,5,22,12,30,8,18,15,0,3,7,0,0,0,0,0,0,0,0,0,0.3822353333333305,0.3,0.6666666666666666,0,6,0,0,0,47.84003004659101,0.13333333333333333,0,0,0,0,0
44,1218436,Austrália,2006,3-4-3,balanced,Suíça,2014,4-3-3,balanced,True,11857,90.15999999999184,3,2,CONSISTENT,5,22,9,4.416746968816458,189,160,9,2,0,0,4,16,7,7,7,20,4,18,11,0,4,0,0,0,0,0,0,0,0,0,0,0.426327999999999,0.3133333333333333,0.36666666666666664,0,2,0,0,0,53.62666880907619,0.19999999999999998,1,0,0,0,4
45,1226355,México,1994,3-5-2,wings,Chile,1982,4-2-4,park,True,12007,90.00799999999192,0,2,CONSISTENT,2,21,7,3.4276944304588,178,146,14,7,1,0,19,42,11,16,9,23,7,17,10,0,5,4,0,0,0,0,0,0,0,0,0,0.3611133333333348,0.3,0.49999999999999994,0,5,0,0,0,53.406482355621826,0.13333333333333333,0,0,0,0,2
46,1234274,Argentina,2026,4-2-2-2,balanced,Alemanha,2002,4-1-2-1-2,wings,True,12061,90.07999999999188,1,1,CONSISTENT,2,23,6,3.797593532223205,196,177,7,17,0,0,20,45,5,11,7,15,6,20,17,1,4,3,1,0,0,0,0,0,0,0,0,0.4510783704930306,0.3,0.6666666666666666,0,9,0,0,0,53.801893277493946,0.13333333333333333,1,1,0,0,0
47,1242193,México,1998,5-4-1,direct,Polônia,1974,3-4-2-1,direct,True,11975,90.02399999999191,1,1,CONSISTENT,2,17,4,1.7572128658664694,195,183,4,18,2,0,14,60,4,30,14,9,3,20,15,0,2,4,0,0,0,0,0,0,0,0,0,0.45606400000000447,0.3,0.6666666666666666,0,8,0,0,0,53.40688709425395,0.13333333333333333,2,0,0,0,0
48,1250112,Camarões,1982,4-1-2-1-2,press,Espanha,1982,4-2-2-2,wings,True,12150,90.00799999999192,2,1,CONSISTENT,3,21,5,1.9266708736474278,196,168,8,18,3,0,18,54,9,20,9,15,3,25,22,0,2,3,0,0,0,0,0,0,0,0,0,0.36555800000000027,0.3,0.6666666666666666,0,13,0,0,0,53.454744916891165,0.13333333333333333,3,0,0,0,0
49,1258031,Polônia,1974,5-3-2,balanced,Alemanha,1970,3-4-2-1,press,True,11786,90.15999999999184,0,0,CONSISTENT,0,21,2,1.8299754659855978,195,166,8,5,1,0,2,13,4,6,5,15,4,18,12,1,2,2,0,0,0,0,0,0,0,0,0,0.42475466666666667,0.3,0.6333333333333333,0,2,0,0,0,34.77039099943365,0.13333333333333333,0,0,0,0,0
50,1265950,Bulgária,1994,4-3-2-1,press,Arábia Saudita,2006,3-4-3,balanced,True,11994,90.27199999999178,0,2,CONSISTENT,2,20,5,3.0896653103450076,185,149,6,6,0,0,14,30,10,9,4,16,2,37,27,2,3,0,0,0,0,0,0,0,0,0,0,0.3739628812914267,0.3,0.6,0,2,0,0,7,53.43535758454964,0.13333333333333333,0,0,0,0,2
51,1273869,Polônia,1974,3-4-2-1,park,Iugoslávia,1950,5-4-1,counter,True,12069,90.00799999999192,1,1,CONSISTENT,2,19,3,0.7996878213590024,188,169,1,22,2,0,19,80,0,46,27,2,0,22,19,0,1,0,0,0,0,0,0,0,0,0,0,0.392855333333332,0.3,0.6666666666666666,0,17,0,0,0,53.403773670906126,0.13333333333333333,2,0,0,0,0
52,1281788,Tchecoslováquia,1990,3-4-2-1,press,Coreia do Sul,2006,4-3-1-2,balanced,True,11911,90.27999999999177,2,1,CONSISTENT,3,22,3,3.7825172312062705,193,170,6,9,4,0,10,28,8,9,5,17,10,17,15,0,0,4,0,0,0,0,0,0,0,0,0,0.36398466666666673,0.3,0.6,0,4,0,0,0,53.44736774443587,0.13333333333333333,3,0,0,0,0
53,1289707,Arábia Saudita,2022,4-5-1,tiki,México,2002,5-4-1,park,True,11554,90.34399999999174,0,1,CONSISTENT,1,10,3,0.6713985535636343,206,168,3,3,1,0,6,16,7,8,5,7,3,10,8,0,2,2,0,0,0,0,0,0,0,0,0,0.3622540000000023,0.3,0.6,0,0,0,0,0,56.677798351013585,0.13333333333333333,1,0,0,0,0
54,1297626,Tchecoslováquia,1990,4-3-3,wings,Croácia,2014,3-1-4-2,counter,True,11857,90.15199999999184,2,0,CONSISTENT,2,15,6,1.9449105075606492,200,164,3,9,0,0,12,29,11,9,3,16,4,21,13,0,4,2,0,0,0,0,0,0,0,0,0,0.3618213333333346,0.3133333333333333,0.6666666666666666,0,3,0,0,0,53.43481308661106,0.19999999999999998,1,0,0,0,1
55,1305545,União Soviética,1982,3-5-2,counter,Chile,2010,5-3-2,balanced,True,12014,90.19199999999182,1,3,CONSISTENT,4,20,7,3.409092751382599,190,158,6,12,2,0,15,48,9,25,15,14,5,17,14,0,3,2,0,0,0,0,0,0,0,0,0,0.4391113333333316,0.3,0.6666666666666666,0,7,0,0,0,53.459459110064515,0.13333333333333333,3,0,0,0,1
56,1313464,Peru,1970,4-2-4,park,Bélgica,1994,4-3-1-2,counter,True,11939,90.0559999999919,2,0,CONSISTENT,2,13,4,1.163245346621507,201,174,8,11,1,0,14,45,12,17,7,21,4,21,14,0,2,1,0,0,0,0,0,0,0,0,0,0.3921473333333338,0.3,0.49999999999999994,0,8,0,0,0,53.44818456698709,0.13333333333333333,2,0,0,0,0
57,1321383,Brasil,1978,4-1-4-1,counter,Itália,1950,4-3-1-2,direct,True,12123,90.34399999999174,3,0,CONSISTENT,3,14,3,1.7442166354689654,202,167,5,16,4,0,12,49,13,23,15,17,7,20,15,0,0,3,1,0,0,0,0,0,0,0,0,0.38068229046008767,0.3133333333333333,0.6,0,13,0,0,0,53.44751953505729,0.16666666666666666,2,0,0,0,1
58,1329302,Peru,1978,5-4-1,park,Portugal,1966,4-1-4-1,wings,True,11934,90.00799999999192,0,2,CONSISTENT,2,22,7,2.1664078681091565,194,174,6,10,3,0,14,38,5,21,8,10,2,18,14,1,5,2,0,0,0,0,0,0,0,0,0,0.39242266666666364,0.3,0.6666666666666666,0,6,0,0,0,53.41598240923469,0.13333333333333333,1,0,0,0,1
59,1337221,Austrália,2014,5-3-2,counter,Japão,1998,4-2-3-1,balanced,True,11792,90.0559999999919,1,1,CONSISTENT,2,12,3,1.6615710200970284,195,157,2,11,1,0,16,41,13,21,6,14,5,15,14,0,1,0,0,0,0,0,0,0,0,0,0,0.37936399999999715,0.3133333333333333,0.6666666666666666,0,7,0,0,0,53.45456090803486,0.19999999999999998,2,0,0,0,0
60,1345140,México,1970,4-5-1,press,Dinamarca,2026,4-3-2-1,press,True,12035,90.00799999999192,2,2,CONSISTENT,4,16,7,2.3207682824018017,209,181,11,7,0,0,6,24,2,8,6,16,3,10,10,4,3,0,0,0,0,0,0,0,0,0,0,0.3657153333333357,0.3,0.6,0,2,0,0,0,62.89475649943448,0.13333333333333333,3,0,0,0,1
61,1353059,Argélia,2026,5-2-3,counter,Argentina,2002,4-1-2-1-2,press,True,11981,90.00799999999192,0,1,CONSISTENT,1,19,3,2.0842112849105128,193,161,7,12,1,0,13,35,14,14,6,18,5,32,20,0,2,4,0,0,0,0,0,0,0,0,0,0.41511800000000154,0.3,0.6,0,8,0,0,7,53.403733214862825,0.13333333333333333,1,0,0,0,0
62,1360978,México,1966,4-2-3-1,direct,Senegal,2022,4-2-4,wings,True,12049,90.19999999999182,3,2,CONSISTENT,5,19,7,2.9830248312757304,181,153,9,7,1,0,10,30,4,13,8,28,13,21,16,0,2,3,0,0,0,0,0,0,0,0,0,0.3585173333333328,0.3,0.6666666666666666,0,5,0,0,7,53.451226160631585,0.13333333333333333,4,0,0,0,1
63,1368897,Áustria,1954,4-3-3,direct,Portugal,2002,4-3-2-1,counter,True,12366,90.31999999999175,4,1,CONSISTENT,5,22,6,3.9354269773892963,175,142,11,15,2,0,12,49,7,24,15,33,11,24,18,0,1,2,0,0,0,0,0,0,0,0,0,0.384241333333336,0.3,0.6666666666666666,0,16,0,0,0,53.431540015157175,0.13333333333333333,3,0,0,0,2
64,1376816,Peru,1982,3-4-3,direct,Irã,2026,4-1-4-1,counter,True,11878,90.16799999999184,1,0,CONSISTENT,1,15,3,2.6254643344068342,193,167,15,7,0,0,12,30,9,13,7,24,7,15,12,0,2,4,0,0,0,0,0,0,0,0,0,0.3573766666666717,0.3,0.6666666666666666,0,5,0,0,0,53.44290180598761,0.16666666666666666,1,0,0,0,0
65,1384735,Brasil,1990,5-2-3,wings,Suécia,1994,3-4-3,direct,True,11763,90.01599999999192,1,1,CONSISTENT,2,20,5,1.9342289642269257,195,168,5,5,2,0,6,16,8,7,4,19,9,24,21,0,3,2,0,0,0,0,0,0,0,0,0,0.4288523623457907,0.3,0.5666666666666667,0,5,0,0,0,53.443026806644916,0.13333333333333333,1,0,0,0,1
66,1392654,Peru,1982,5-3-2,park,México,2022,3-4-2-1,tiki,True,12129,90.32799999999175,3,2,CONSISTENT,5,18,8,3.310903500149087,178,156,9,13,1,0,8,37,5,18,9,20,4,13,9,0,3,4,0,0,0,0,0,0,0,0,0,0.36049451974065655,0.3,0.6,0,7,0,0,0,53.411975304405075,0.13333333333333333,1,0,0,0,4
67,1400573,Espanha,1950,3-1-4-2,tiki,Peru,1978,4-1-2-1-2,direct,True,12002,90.30399999999176,0,1,CONSISTENT,1,22,8,2.912065083552311,189,164,4,11,2,0,12,40,3,22,15,15,7,16,12,1,7,2,0,0,0,0,0,0,0,0,0,0.3921114335606757,0.3,0.39999999999999997,0,9,0,0,0,53.40268757947286,0.13333333333333333,1,0,0,0,0
68,1408492,França,1982,5-2-3,press,Uruguai,2026,5-4-1,tiki,True,11667,90.00799999999192,1,1,CONSISTENT,2,15,5,2.339168994865251,198,169,7,3,0,0,3,7,4,0,0,15,5,9,9,0,3,1,0,0,0,0,0,0,0,0,0,0.41425266666666705,0.3,0.6666666666666666,0,0,0,0,0,53.43242178326054,0.13333333333333333,2,0,0,0,0
69,1416411,Escócia,1974,5-3-2,wings,Brasil,1986,4-1-4-1,balanced,True,11714,90.24799999999179,1,1,CONSISTENT,2,11,3,1.3331704949131873,191,161,6,3,0,0,1,19,8,8,4,14,3,8,4,1,1,2,0,0,0,0,0,0,0,0,0,0.435807333333335,0.3,0.6,0,2,0,0,0,53.44443971751165,0.13333333333333333,1,0,0,0,1
70,1424330,França,1986,4-3-1-2,wings,França,2010,3-4-3,press,True,11857,90.2239999999918,1,0,CONSISTENT,1,12,6,2.068828811765099,189,158,5,9,3,0,5,26,14,13,4,16,3,24,23,0,5,1,0,0,0,0,0,0,0,0,0,0.38337599999999805,0.3,0.6666666666666666,0,2,0,0,0,53.44687361721928,0.16666666666666666,1,0,0,0,0
71,1432249,Espanha,1966,5-4-1,counter,Holanda,1978,4-2-4,tiki,True,11888,90.2319999999918,1,1,CONSISTENT,2,15,5,1.9502182788753497,182,155,7,9,2,0,13,32,7,12,8,16,6,10,9,1,3,1,0,0,0,0,0,0,0,0,0,0.43997666666666635,0.3,0.6666666666666666,0,5,0,0,0,57.38586390810947,0.13333333333333333,2,0,0,0,0
72,1440168,França,1986,4-5-1,counter,Escócia,1986,3-1-4-2,direct,True,12039,90.15199999999184,1,2,CONSISTENT,3,24,8,4.60587936647334,171,147,12,11,3,0,15,52,5,23,14,22,6,17,13,0,5,4,1,0,0,0,0,0,0,0,0,0.3751946666666606,0.3,0.6333333333333333,0,5,0,0,0,53.459366116687306,0.13333333333333333,1,1,0,0,1
73,1448087,Paraguai,1950,4-2-4,counter,Colômbia,2014,4-4-2,press,True,11870,90.2399999999918,0,1,CONSISTENT,1,27,9,2.683063296153389,200,167,10,6,1,0,7,22,13,7,2,18,7,20,19,0,8,4,0,0,0,0,0,0,0,0,0,0.39918800000000065,0.3,0.6,0,2,0,0,0,60.03875032601061,0.13333333333333333,1,0,0,0,0
74,1456006,Bélgica,2002,4-2-2-2,direct,Argentina,1978,3-5-2,counter,True,11850,90.00799999999192,0,1,CONSISTENT,1,26,5,1.6799600821028617,194,157,4,12,0,0,26,62,9,29,17,10,5,27,20,0,4,2,0,0,0,0,0,0,0,0,0,0.45102933333333606,0.3133333333333333,0.6666666666666666,0,9,0,0,0,53.43637557850892,0.19999999999999998,1,0,0,0,0
75,1463925,México,2022,4-5-1,balanced,Coreia do Sul,1954,3-5-2,press,True,12033,90.27999999999177,1,2,CONSISTENT,3,20,6,3.0531764641765884,196,162,13,9,1,0,21,42,10,13,2,29,11,25,17,0,3,6,0,0,0,0,0,0,0,0,0,0.36512533333333347,0.3,0.6,0,3,0,0,0,53.448937528086944,0.13333333333333333,1,0,0,0,2
76,1471844,Bélgica,2002,5-4-1,wings,Holanda,2006,4-3-3,balanced,True,11952,90.00799999999192,0,3,CONSISTENT,3,17,5,3.5321103872861377,186,144,8,12,5,0,7,27,8,9,6,19,5,15,8,0,2,2,1,0,0,0,0,0,0,0,0,0.39242266666666725,0.3,0.6,0,5,0,0,0,53.42286093743007,0.13333333333333333,2,1,0,0,0
77,1479763,Itália,1986,3-5-2,press,Dinamarca,2018,3-4-2-1,direct,True,11881,90.31999999999175,0,2,CONSISTENT,2,22,4,3.31015117729224,195,150,5,9,2,0,6,21,11,8,4,15,6,26,15,0,2,3,1,0,0,0,0,0,0,0,0,0.3838086666666661,0.3,0.6666666666666666,0,3,0,0,0,53.40873624030828,0.13333333333333333,0,1,0,0,1
78,1487682,Bélgica,1998,3-5-2,counter,Camarões,2002,4-1-4-1,wings,True,12096,90.00799999999192,3,2,CONSISTENT,5,14,5,2.752559361666254,185,160,9,14,2,0,8,39,3,17,11,14,4,6,5,0,0,1,0,0,0,0,0,0,0,0,0,0.36398466666666984,0.3,0.6,0,10,0,0,0,53.47423260383836,0.13333333333333333,1,0,0,0,4
79,1495601,México,2010,5-2-3,wings,EUA,1950,4-4-2,balanced,True,12012,90.00799999999192,1,0,CONSISTENT,1,22,3,3.406896953662492,179,156,9,11,3,1,15,34,5,10,7,27,11,19,16,1,2,1,0,0,0,0,0,0,0,0,0,0.3664233333333307,0.3,0.6666666666666666,0,5,0,0,0,53.40111468214263,0.13333333333333333,1,0,0,0,0
80,1503520,Bélgica,1994,3-1-4-2,balanced,Peru,2022,4-2-3-1,press,True,11856,90.19999999999182,1,1,CONSISTENT,2,10,2,1.2509016866781675,200,168,3,15,1,0,10,34,6,11,6,7,2,14,10,0,0,1,0,0,0,0,0,0,0,0,0,0.3595399999999994,0.3133333333333333,0.6666666666666666,0,5,0,0,0,53.40581964208776,0.19999999999999998,2,0,0,0,0
81,1511439,Nigéria,2002,4-3-1-2,counter,Bélgica,2022,5-2-3,park,True,11833,90.10399999999187,0,1,CONSISTENT,1,19,2,2.198348946320232,204,169,8,8,2,0,11,31,16,11,3,18,10,22,16,1,1,2,0,0,0,0,0,0,0,0,0,0.3875453333333344,0.3,0.6,0,3,0,0,0,53.402009138568594,0.13333333333333333,0,0,0,0,1
82,1519358,França,2002,4-3-1-2,park,Brasil,2022,4-3-2-1,counter,True,12184,90.08799999999188,0,3,CONSISTENT,3,18,5,1.8102854320235209,200,175,7,20,1,0,17,63,11,28,21,12,2,8,5,0,2,1,0,0,0,0,0,0,0,0,0,0.4665004671388526,0.3,0.6666666666666666,0,13,0,0,0,53.45052431303006,0.13333333333333333,1,0,0,0,2
83,1527277,Suécia,1958,4-2-3-1,direct,Itália,1966,4-2-3-1,counter,True,12144,90.21599999999181,3,2,CONSISTENT,5,31,7,3.433095697047073,168,148,17,7,1,0,9,23,4,8,4,34,19,19,12,0,2,11,0,0,0,0,0,0,0,0,0,0.4266033333333332,0.3,0.6333333333333333,0,3,0,0,0,57.210927846611234,0.13333333333333333,5,0,0,0,0
84,1535196,França,1998,5-2-3,balanced,Portugal,1966,4-4-2,press,True,11698,90.09599999999188,3,1,CONSISTENT,4,17,6,2.422662274758422,204,179,2,2,1,0,8,19,9,11,6,13,5,13,10,0,2,2,0,0,0,0,0,0,0,0,0,0.41812188593164745,0.3,0.3333333333333333,0,1,0,0,0,53.459019073312476,0.13333333333333333,4,0,0,0,0
85,1543115,Suécia,1958,5-4-1,wings,Espanha,1998,4-3-1-2,counter,True,11903,90.00799999999192,2,1,CONSISTENT,3,19,4,2.175965072829401,182,152,8,5,2,0,16,33,12,12,9,18,4,18,15,0,1,3,0,0,0,0,0,0,0,0,0,0.3919900000000007,0.3,0.5333333333333333,0,4,0,0,0,53.43788620801624,0.13333333333333333,1,0,0,0,2
86,1551034,França,2006,4-3-2-1,direct,Bélgica,2002,4-3-1-2,wings,True,12177,90.09599999999188,1,1,CONSISTENT,2,12,6,2.1962765016461754,193,171,6,26,3,0,28,70,7,26,12,17,3,8,6,0,4,3,1,0,0,0,0,0,0,0,0,0.4022166666666685,0.3,0.6666666666666666,0,13,0,0,0,53.40421151820662,0.13333333333333333,0,1,0,0,1
87,1558953,Suécia,1970,4-4-2,tiki,Dinamarca,2018,4-3-3,park,True,11711,90.16799999999184,0,1,CONSISTENT,1,11,4,1.4909935885622576,200,169,6,5,0,0,21,39,8,18,10,15,7,17,14,0,3,2,0,0,0,0,0,0,0,0,0,0.3661480000000032,0.3,0.39999999999999997,0,5,0,0,0,53.460038256257725,0.13333333333333333,1,0,0,0,0
88,1566872,França,2006,3-4-3,wings,Itália,1990,5-3-2,balanced,True,12109,90.36799999999172,3,2,CONSISTENT,5,27,8,3.830532892998699,184,162,13,7,2,0,8,28,5,10,7,23,10,15,12,0,3,3,0,0,0,0,0,0,0,0,0,0.45216999999999785,0.3,0.6666666666666666,0,4,0,0,0,53.42685430625062,0.13333333333333333,2,0,0,0,3
89,1574791,Brasil,1962,5-4-1,park,Tchecoslováquia,1954,4-2-2-2,press,True,11925,90.12799999999186,0,1,CONSISTENT,1,23,2,2.7354721156942534,179,150,11,11,4,0,13,52,4,30,20,18,8,11,9,0,1,6,0,0,0,0,0,0,0,0,0,0.4341959889423717,0.3,0.6666666666666666,0,6,0,0,7,54.95176779569434,0.13333333333333333,0,0,0,0,1
90,1582710,Holanda,2022,4-3-3,wings,México,1994,4-1-2-1-2,balanced,True,12025,90.3999999999917,1,0,CONSISTENT,1,19,5,2.4974289288715545,189,157,14,10,0,0,11,33,12,16,10,30,11,18,14,0,4,5,0,0,0,0,0,0,0,0,0,0.41718492680939356,0.3133333333333333,0.6666666666666666,0,3,0,0,0,53.966068077521705,0.19999999999999998,1,0,0,0,0
91,1590629,Brasil,1962,4-2-2-2,counter,Espanha,2010,3-4-2-1,balanced,True,11843,90.2319999999918,0,2,CONSISTENT,2,22,8,2.1023201584790394,193,164,6,9,0,0,9,37,10,15,11,13,3,19,16,0,6,4,0,0,0,0,0,0,0,0,0,0.433801333333336,0.3,0.6333333333333333,0,4,0,0,0,53.44620618097322,0.13333333333333333,2,0,0,0,0
92,1598548,Holanda,2026,3-1-4-2,direct,Áustria,1990,4-5-1,wings,True,11874,90.01599999999192,0,1,CONSISTENT,1,16,4,1.9120535503645644,190,170,10,8,2,0,13,36,3,15,7,23,7,18,14,0,3,1,0,0,0,0,0,0,0,0,0,0.3809373333333332,0.3,0.6666666666666666,0,6,0,0,0,53.44025037371846,0.13333333333333333,1,0,0,0,0
93,1606467,Brasil,1962,4-2-2-2,balanced,Hungria,1962,4-2-4,balanced,True,12050,90.14399999999185,1,1,CONSISTENT,2,19,6,1.796360457821223,175,137,13,8,1,0,13,24,12,9,2,28,9,20,10,0,4,6,0,0,0,0,0,0,0,0,0,0.4245973333333337,0.3,0.6666666666666666,0,3,0,0,0,53.447270483293124,0.13333333333333333,0,0,0,0,2
94,1614386,Nigéria,1994,4-2-3-1,balanced,Rússia,2018,4-2-4,press,True,12244,90.18399999999183,2,0,CONSISTENT,2,18,8,2.952712854303097,180,159,9,21,5,0,15,49,3,25,8,24,12,25,22,0,6,4,1,0,0,0,0,0,0,0,0,0.3743293333333329,0.3,0.6666666666666666,0,15,0,0,0,53.43909135218887,0.13333333333333333,1,0,0,0,1
95,1622305,Brasil,1970,4-1-4-1,press,Tunísia,1978,4-5-1,counter,True,12016,90.47199999999167,2,2,CONSISTENT,4,18,6,3.111743350671084,184,144,18,3,1,0,7,20,12,5,4,28,7,17,15,2,2,2,0,0,0,0,0,0,0,0,0,0.4564966666666699,0.3,0.6666666666666666,0,1,0,0,0,53.44801642282214,0.13333333333333333,2,0,0,0,2
96,1630224,Nigéria,1994,5-4-1,park,Brasil,2002,3-4-2-1,counter,True,11767,90.19999999999182,0,1,CONSISTENT,1,26,6,2.270978554690317,196,176,3,6,0,0,18,54,4,34,21,6,2,28,23,0,5,0,0,0,0,0,0,0,0,0,0,0.4523873655986252,0.3133333333333333,0.5666666666666667,0,6,0,0,0,53.438440148347254,0.19999999999999998,1,0,0,0,0
97,1638143,Suíça,2014,4-1-4-1,direct,Gana,2010,5-3-2,park,True,11818,90.21599999999181,3,2,CONSISTENT,5,15,9,2.4578152156688624,210,180,9,3,0,0,9,16,9,5,4,20,6,11,10,0,4,0,0,0,0,0,0,0,0,0,0,0.36728866666666715,0.3,0.6,0,2,0,0,0,53.48420032134169,0.13333333333333333,2,0,0,0,3
98,1646062,Inglaterra,2022,5-3-2,park,Colômbia,1990,4-1-4-1,wings,True,12024,90.0559999999919,2,2,CONSISTENT,4,19,5,1.5559048592436604,189,153,2,16,2,0,14,53,11,30,19,8,3,19,15,0,1,0,0,0,0,0,0,0,0,0,0,0.3895513333333359,0.3,0.6666666666666666,0,14,0,0,0,53.437160090064886,0.13333333333333333,4,0,0,0,0
99,1653981,Espanha,2006,4-2-2-2,wings,Uruguai,2002,5-3-2,wings,True,11918,90.15999999999184,3,0,CONSISTENT,3,18,6,3.2538728603460716,196,160,6,7,1,0,10,24,13,9,5,17,3,25,18,2,3,1,0,0,0,0,0,0,0,0,0,0.3862473333333346,0.3,0.6,0,4,0,0,0,53.42841837926975,0.13333333333333333,1,0,0,0,2
100,1661900,Tchecoslováquia,1982,4-2-2-2,wings,México,2006,4-2-4,wings,True,12068,90.20799999999181,1,2,CONSISTENT,3,21,10,2.4438198616187004,183,159,11,11,1,0,6,28,10,12,4,29,11,28,24,0,7,4,0,0,0,0,0,0,0,0,0,0.37692533333333345,0.3,0.6666666666666666,0,6,0,0,0,53.47469312311687,0.13333333333333333,2,0,0,0,1
101,1669819,Senegal,2026,4-1-4-1,direct,França,1966,5-3-2,wings,True,11565,90.11999999999186,0,2,CONSISTENT,2,4,3,0.31473724273107184,206,183,1,3,0,0,4,12,3,8,4,5,0,6,6,0,1,1,0,0,0,0,0,0,0,0,0,0.35564600000000257,0.3,0.3333333333333333,0,2,0,0,0,53.45626510171663,0.13333333333333333,1,0,0,0,1
102,1677738,Inglaterra,2018,4-4-2,direct,Argentina,1982,5-3-2,tiki,True,11982,90.2399999999918,0,0,CONSISTENT,0,18,3,2.0676991398632962,196,168,8,12,4,1,10,44,9,27,17,16,4,14,10,1,3,1,0,0,0,0,0,0,0,0,0,0.42942495250603135,0.3,0.39999999999999997,0,9,0,0,7,41.526501454897286,0.13333333333333333,0,0,0,0,0
103,1685657,Espanha,1994,3-4-2-1,balanced,Escócia,1978,4-2-3-1,counter,True,11885,90.2319999999918,0,3,CONSISTENT,3,16,5,2.4876701732311655,206,171,8,10,1,0,8,33,11,17,9,17,6,20,15,1,2,2,0,0,0,0,0,0,0,0,0,0.3941236601896224,0.3,0.6,0,7,0,0,0,53.431768346463045,0.13333333333333333,2,0,0,0,1
104,1693576,Alemanha,1990,4-3-3,wings,Iugoslávia,1974,4-2-3-1,wings,True,12129,90.18399999999183,4,0,CONSISTENT,4,21,7,3.8464644697324117,185,153,10,10,4,1,18,40,12,14,7,28,12,28,18,2,3,3,0,0,0,0,0,0,0,0,0,0.44182533333333857,0.3,0.6666666666666666,0,5,0,0,7,53.44921761538532,0.13333333333333333,4,0,0,0,0
105,1701495,Suíça,1962,4-4-2,tiki,Argentina,2026,4-3-2-1,park,True,11807,90.20799999999181,0,1,CONSISTENT,1,23,4,2.3156387476578484,210,183,8,5,0,0,8,25,5,13,8,14,8,16,12,1,3,3,0,0,0,0,0,0,0,0,0,0.4828083887964777,0.3,0.6,0,1,0,0,0,53.40055387706989,0.13333333333333333,1,0,0,0,0
106,1709414,Áustria,1978,5-3-2,tiki,França,1966,3-4-3,press,True,11911,90.12799999999186,0,3,CONSISTENT,3,20,7,1.932045191920973,185,154,6,6,0,0,2,18,6,9,4,16,5,13,9,0,4,1,0,0,0,0,0,0,0,0,0,0.40563866666666804,0.3,0.7,0,3,0,0,0,55.895212825185894,0.13333333333333333,3,0,0,0,0
107,1717333,Marrocos,1994,4-1-2-1-2,press,Holanda,2010,4-1-2-1-2,press,True,11844,90.06399999999189,1,1,CONSISTENT,2,18,4,1.7367192547217871,207,184,2,13,5,0,17,42,9,13,6,4,1,15,12,0,2,1,0,0,0,0,0,0,0,0,0,0.39270034684405625,0.3,0.6666666666666666,0,7,0,0,0,53.44705718069375,0.13333333333333333,2,0,0,0,0
108,1725252,Argentina,1974,4-1-2-1-2,counter,Suécia,2018,4-2-3-1,direct,True,11934,90.00799999999192,1,0,CONSISTENT,1,16,4,2.1840739231652853,187,164,6,13,2,0,28,73,9,39,19,17,6,22,16,0,3,4,0,0,0,0,0,0,0,0,0,0.3655580000000053,0.3,0.6,0,9,0,0,0,53.40229643060849,0.13333333333333333,1,0,0,0,0
109,1733171,Japão,2002,4-2-3-1,direct,Chile,2014,4-2-2-2,press,True,11962,90.00799999999192,2,2,CONSISTENT,4,23,4,3.437401844261734,182,157,9,9,0,0,16,41,8,20,9,23,10,29,23,0,0,2,0,0,0,0,0,0,0,0,0,0.3987413333333331,0.3,0.36666666666666664,0,9,0,0,0,53.47564516342358,0.13333333333333333,2,0,0,0,2
110,1741090,Áustria,1990,4-1-4-1,press,Alemanha,1994,4-2-2-2,balanced,True,12150,90.14399999999185,1,2,CONSISTENT,3,28,8,3.822168992485323,176,141,18,11,2,0,18,44,8,17,11,29,12,28,20,1,5,8,0,0,0,0,0,0,0,0,0,0.4356500000000021,0.3,0.6666666666666666,0,4,0,0,0,53.44399075339012,0.13333333333333333,3,0,0,0,0
111,1749009,Marrocos,1994,4-2-4,counter,Polônia,1978,4-2-4,park,True,11901,90.33599999999174,1,1,CONSISTENT,2,24,5,3.9139917761387535,203,170,8,7,1,0,4,24,12,12,7,19,10,18,13,1,3,2,0,0,0,0,0,0,0,0,0,0.39285533333333433,0.3133333333333333,0.6666666666666666,0,1,0,0,0,53.44649304347976,0.19999999999999998,0,0,0,0,2
112,1756928,Alemanha,1982,3-5-2,wings,Austrália,2014,3-4-2-1,balanced,True,11921,90.0559999999919,5,0,CONSISTENT,5,19,7,3.0402337819967147,192,156,6,9,0,0,11,32,10,13,5,15,5,9,7,0,2,1,1,0,0,0,0,0,0,0,0,0.38379232110349565,0.3,0.6666666666666666,0,6,0,0,0,53.40541948846806,0.13333333333333333,3,0,0,0,2
113,1764847,Tunísia,1978,3-4-3,counter,Rússia,2002,3-4-3,tiki,True,11476,90.21599999999181,0,1,CONSISTENT,1,6,1,0.6517169854793319,207,176,2,1,0,0,1,6,4,4,4,10,2,10,7,0,0,0,0,0,0,0,0,0,0,0,0,0.35564600000000035,0.3,0.3333333333333333,0,1,0,0,0,53.46261705295599,0.13333333333333333,1,0,0,0,0
114,1772766,Inglaterra,1982,3-5-2,press,Hungria,1958,3-4-2-1,balanced,True,11687,90.16799999999184,0,0,CONSISTENT,0,10,4,1.3724291667611932,193,164,4,7,0,0,8,22,9,9,5,10,5,7,7,0,4,1,0,0,0,0,0,0,0,0,0,0.3566686666666652,0.3133333333333333,0.6666666666666666,0,4,0,0,0,34.57026871240001,0.19999999999999998,0,0,0,0,0
115,1780685,Coreia do Sul,1994,4-4-2,wings,Argentina,1986,4-4-2,counter,True,12080,90.00799999999192,1,3,CONSISTENT,4,23,7,3.176397166850305,189,166,8,11,3,0,18,36,8,13,2,18,5,25,19,0,3,2,0,0,0,0,0,0,0,0,0,0.4304526646910405,0.3133333333333333,0.6666666666666666,0,8,0,0,0,53.436535588305155,0.19999999999999998,3,0,0,0,1
116,1788604,Croácia,2002,5-2-3,direct,Coreia do Sul,1986,4-3-3,direct,True,11897,90.35999999999173,0,0,CONSISTENT,0,21,3,2.323203733856596,169,142,11,6,0,0,9,23,13,12,4,25,8,19,16,0,3,3,0,0,0,0,0,0,0,0,0,0.36024800000000196,0.3,0.6666666666666666,0,5,0,0,0,44.934832171408054,0.16666666666666666,0,0,0,0,0
117,1796523,Coreia do Sul,1990,3-4-3,balanced,México,1986,4-5-1,press,True,11560,90.12799999999186,0,1,CONSISTENT,1,8,3,1.1347536020058526,204,180,3,2,0,0,5,7,6,1,0,11,4,13,12,0,2,1,0,0,0,0,0,0,0,0,0,0.37015999999999577,0.3,0.3333333333333333,0,2,0,0,0,53.44298619997054,0.13333333333333333,0,0,0,0,1
118,1804442,Inglaterra,1966,4-4-2,tiki,Croácia,2022,4-5-1,press,True,11914,90.35999999999173,3,2,CONSISTENT,5,16,9,2.5047522577039683,188,169,8,7,2,0,8,24,4,9,3,17,4,7,6,0,4,3,1,0,0,0,0,0,0,0,0,0.4179893333333366,0.3,0.6,0,4,0,0,0,62.791854347455406,0.13333333333333333,3,0,1,0,1
119,1812361,Tunísia,1978,4-5-1,balanced,Irã,2006,4-2-4,counter,True,11757,90.32799999999175,0,1,CONSISTENT,1,13,4,1.5418101226158638,193,164,6,4,1,0,6,20,11,8,2,17,5,22,15,0,3,2,0,0,0,0,0,0,0,0,0,0.3536399999999998,0.3,0.3333333333333333,0,4,0,0,0,53.41387492205001,0.13333333333333333,1,0,0,0,0
120,1820280,Alemanha,1958,4-3-1-2,park,Arábia Saudita,1998,5-2-3,direct,True,11785,90.19999999999182,0,2,CONSISTENT,2,16,4,2.3898816576630533,192,169,5,4,0,0,3,8,2,3,1,22,8,22,13,0,2,2,0,0,0,0,0,0,0,0,0,0.36024799999999735,0.3,0.36666666666666664,0,2,0,0,0,53.44053610111542,0.13333333333333333,1,0,0,0,1
121,1828199,Tunísia,1998,4-2-4,press,Espanha,2014,3-4-2-1,tiki,True,11713,90.00799999999192,1,2,CONSISTENT,3,11,3,2.150476504176138,192,162,9,1,0,0,11,13,9,1,1,21,3,14,8,2,0,0,0,0,0,0,0,0,0,0,0,0.3655580000000038,0.3,0.3333333333333333,0,1,0,0,0,53.44416164359476,0.13333333333333333,2,0,0,0,1
122,1836118,México,2022,4-4-2,press,Uruguai,2022,4-5-1,press,True,11984,90.27999999999177,1,3,CONSISTENT,4,21,5,2.708055567386542,191,163,11,7,1,0,6,23,7,9,7,21,5,20,17,0,1,2,1,0,0,0,0,0,0,0,0,0.3891186666666673,0.3,0.6333333333333333,0,5,0,0,0,53.471282604214686,0.13333333333333333,2,0,0,0,2
123,1844037,Argentina,2010,3-5-2,wings,Itália,1990,4-2-3-1,wings,True,11975,90.33599999999174,2,1,CONSISTENT,3,18,9,1.3077121748733187,199,167,12,13,4,0,14,43,14,13,9,17,6,16,10,0,6,9,0,0,0,0,0,0,0,0,0,0.4333686666666687,0.3,0.6,0,5,0,0,0,53.43703555374418,0.13333333333333333,1,0,0,0,2
124,1851956,Itália,1998,3-4-3,wings,Inglaterra,1966,3-5-2,park,True,11724,90.03199999999191,2,3,CONSISTENT,5,20,9,3.3485648865774946,206,164,4,2,1,0,5,15,8,7,3,12,5,20,15,0,4,2,0,0,0,0,0,0,0,0,0,0.44312333333333725,0.3,0.6666666666666666,0,0,0,0,0,53.43684733337129,0.13333333333333333,3,0,0,0,2
125,1859875,Argentina,2014,5-2-3,park,Argentina,2018,3-4-2-1,balanced,True,12007,90.14399999999185,2,1,CONSISTENT,3,18,8,2.089973103825151,192,172,5,14,5,1,14,44,5,21,13,12,4,16,16,0,5,1,0,0,0,0,0,0,0,0,0,0.4251098613499368,0.3133333333333333,0.6666666666666666,0,8,0,0,0,53.409960520282134,0.19999999999999998,2,0,0,0,1
126,1867794,Marrocos,1970,3-5-2,counter,Escócia,1982,3-4-2-1,balanced,True,12011,90.13599999999185,3,1,CONSISTENT,4,25,7,4.424183916613204,191,164,12,6,1,0,9,22,9,7,6,21,6,9,7,0,3,3,0,0,0,0,0,0,0,0,0,0.3685866666666653,0.3,0.6333333333333333,0,3,0,0,0,53.45300847007579,0.13333333333333333,2,0,0,0,2
127,1875713,Tunísia,2018,4-3-2-1,direct,Gana,2022,4-2-3-1,press,True,12016,90.00799999999192,1,2,CONSISTENT,3,22,6,3.521845092673367,168,136,12,8,1,0,16,30,7,5,2,27,14,16,9,1,3,6,1,0,0,0,0,0,0,0,0,0.35478066666666763,0.3,0.6666666666666666,0,4,0,0,0,53.44373566618855,0.13333333333333333,2,0,0,0,1
128,1883632,Alemanha,1970,5-4-1,direct,Paraguai,1986,4-2-4,balanced,True,11676,90.11199999999187,1,4,CONSISTENT,5,16,7,1.5262377915339984,191,165,0,4,0,0,14,38,6,21,14,6,4,16,13,0,2,1,0,0,0,0,0,0,0,0,0,0.4247546666666681,0.3,0.6666666666666666,0,2,0,0,0,53.47083562418761,0.13333333333333333,5,0,0,0,0
129,1891551,Tunísia,2006,4-3-1-2,direct,Bélgica,1990,3-5-2,press,True,11812,90.00799999999192,1,0,CONSISTENT,1,15,4,1.9352229769594689,194,159,3,14,3,0,20,53,7,24,10,7,1,18,11,0,3,2,0,0,0,0,0,0,0,0,0,0.36909570005527603,0.3,0.7,0,9,0,0,0,53.41300230045134,0.13333333333333333,1,0,0,0,0
130,1899470,Hungria,1962,5-3-2,wings,Alemanha,2014,4-1-2-1-2,wings,True,12215,90.2239999999918,1,2,CONSISTENT,3,24,8,3.5212206746402264,172,154,12,16,5,0,20,58,9,24,12,28,8,22,21,0,5,4,2,0,0,0,0,0,0,0,0,0.44599466666666576,0.3,0.6666666666666666,0,21,0,0,0,53.435393468065186,0.13333333333333333,0,1,0,0,2
131,1907389,Coreia do Sul,2002,3-1-4-2,wings,Paraguai,2026,4-2-2-2,park,True,11765,90.15199999999184,1,0,CONSISTENT,1,16,2,2.327151003926122,204,165,5,8,3,0,14,35,17,13,8,11,4,22,16,0,1,4,0,0,0,0,0,0,0,0,0,0.3831618912709047,0.3,0.6666666666666666,0,4,0,0,0,53.4002600782382,0.13333333333333333,0,0,0,0,1
132,1915308,Croácia,2014,3-4-2-1,park,Uruguai,2018,5-2-3,direct,True,11758,90.31999999999175,0,1,CONSISTENT,1,19,3,1.6562577178387348,195,165,7,7,2,0,7,28,11,15,10,16,4,22,14,0,2,4,0,0,0,0,0,0,0,0,0,0.4942719999999997,0.3133333333333333,0.6666666666666666,0,2,0,0,0,53.41799454809208,0.19999999999999998,1,0,0,0,0
133,1923227,Coreia do Sul,2006,5-3-2,direct,Brasil,1978,3-5-2,tiki,True,12021,90.16799999999184,1,2,CONSISTENT,3,20,7,2.8481154213513635,174,146,9,14,1,0,12,33,11,11,4,18,5,15,14,0,4,2,0,0,0,0,0,0,0,0,0,0.3810946666666655,0.3,0.6,0,7,0,0,0,53.43472333170918,0.13333333333333333,2,0,0,0,1
134,1931146,Hungria,1962,3-1-4-2,counter,Bélgica,2026,4-4-2,press,True,11832,90.10399999999187,1,1,CONSISTENT,2,19,7,2.810988546596739,195,153,5,10,1,0,8,25,14,9,4,16,10,18,13,0,5,4,0,0,0,0,0,0,0,0,0,0.39874224704236866,0.3,0.6,0,4,0,0,0,53.48199835045051,0.13333333333333333,2,0,0,0,0
135,1939065,Suíça,2026,4-4-2,park,Suécia,1970,5-3-2,park,True,11981,90.08799999999188,0,0,CONSISTENT,0,17,0,1.5218467180406465,187,159,11,12,4,0,17,42,14,16,6,19,9,17,13,0,0,7,0,0,0,0,0,0,0,0,0,0.39047676205428966,0.3,0.5666666666666667,0,11,0,0,0,40.522040107570945,0.13333333333333333,0,0,0,0,0
136,1946984,França,2026,5-3-2,wings,Itália,1990,4-3-3,press,True,11744,90.11199999999187,0,0,CONSISTENT,0,17,2,2.796980645941054,183,156,4,7,0,0,6,21,9,8,6,16,6,23,16,2,2,1,0,0,0,0,0,0,0,0,0,0.4158117119610477,0.3,0.6666666666666666,0,4,0,0,0,39.49057110617435,0.13333333333333333,0,0,0,0,0
137,1954903,Suíça,2026,4-3-3,park,Hungria,1986,4-3-3,press,True,12135,90.0559999999919,5,1,CONSISTENT,6,23,9,4.374237096532141,177,153,17,7,2,0,14,27,10,6,3,34,9,24,18,0,3,3,0,0,0,0,0,0,0,0,0,0.37130066666666756,0.3,0.6,0,5,0,0,0,53.444951094909236,0.13333333333333333,2,0,0,0,4
138,1962822,Gana,2022,4-3-3,park,Argentina,2002,5-4-1,wings,True,12042,90.33599999999174,1,1,CONSISTENT,2,25,5,2.9905209972077342,187,157,12,8,2,0,7,32,7,18,9,19,6,14,12,2,3,3,0,0,0,0,0,0,0,0,0,0.41511799999999893,0.3,0.6,0,5,0,0,0,53.425301717255444,0.13333333333333333,1,0,0,0,1
139,1970741,Japão,2022,4-5-1,press,Senegal,2022,5-3-2,counter,True,11641,90.10399999999187,0,0,CONSISTENT,0,12,1,1.2951613394068398,189,148,6,5,1,0,7,13,11,4,0,15,8,13,5,0,1,5,0,0,0,0,0,0,0,0,0,0.45016399999999995,0.3,0.6666666666666666,0,0,0,0,0,43.4527104181466,0.13333333333333333,0,0,0,0,0
140,1978660,Argélia,2010,4-2-4,tiki,Holanda,1994,4-2-2-2,wings,True,11941,90.15199999999184,1,1,CONSISTENT,2,24,8,3.65674164756183,188,159,11,10,1,0,7,30,10,11,4,23,9,23,20,0,6,8,1,0,0,0,0,0,0,0,0,0.39875533333333624,0.3,0.49999999999999994,0,5,0,0,0,53.47886836638932,0.13333333333333333,0,0,0,0,2
141,1986579,Japão,2026,3-5-2,direct,Inglaterra,1954,4-1-2-1-2,balanced,True,11820,90.30399999999176,0,1,CONSISTENT,1,18,4,1.8389022988326218,209,179,3,11,0,0,10,40,12,20,9,9,4,12,9,0,3,3,0,0,0,0,0,0,0,0,0,0.3646033743306145,0.3133333333333333,0.6666666666666666,0,7,0,0,0,53.40892565704323,0.16666666666666666,0,0,0,0,1
142,1994498,Hungria,1954,4-2-4,tiki,Uruguai,2002,3-4-3,counter,True,11806,90.00799999999192,1,0,CONSISTENT,1,22,7,2.5570225834758054,199,168,5,5,2,0,5,17,10,5,4,13,6,20,12,1,6,2,0,0,0,0,0,0,0,0,0,0.45068910000000084,0.3,0.6666666666666666,0,3,0,0,0,53.40283397383349,0.13333333333333333,1,0,0,0,0
143,2002417,Suíça,2006,4-3-1-2,wings,Bulgária,1986,3-5-2,direct,True,12141,90.0479999999919,2,0,CONSISTENT,2,17,5,2.7630624736178158,176,144,10,17,4,1,13,48,13,26,9,26,10,18,13,0,3,4,1,0,0,0,0,0,0,0,0,0.3646926666666695,0.3,0.6666666666666666,0,9,0,0,0,53.411410989462915,0.13333333333333333,0,0,1,0,1
144,2010336,Alemanha,1978,3-4-2-1,park,Alemanha,1986,4-3-3,counter,True,11788,90.09599999999188,0,2,CONSISTENT,2,12,3,1.0758446295314945,195,174,3,10,2,0,7,41,6,26,17,9,1,13,12,0,1,2,1,0,0,0,0,0,0,0,0,0.39155733333333587,0.3,0.6666666666666666,0,14,0,0,0,53.43963244084321,0.13333333333333333,0,0,0,0,2
145,2018255,Uruguai,2022,4-2-4,wings,Suíça,1954,4-4-2,park,True,11721,90.0399999999919,2,0,CONSISTENT,2,17,3,1.9258057086161489,195,165,7,1,0,0,9,15,9,3,1,17,5,21,14,0,1,1,0,0,0,0,0,0,0,0,0,0.38294333333333264,0.3,0.6666666666666666,0,0,0,0,0,53.413895635729794,0.13333333333333333,2,0,0,0,0
146,2026174,Hungria,1966,4-2-2-2,wings,Bulgária,1994,4-4-2,press,True,11833,90.16799999999184,2,2,CONSISTENT,4,23,8,2.6808191112355626,193,168,4,7,2,0,5,19,13,6,4,15,7,14,10,0,4,3,0,0,0,0,0,0,0,0,0,0.4218833333333353,0.3,0.6666666666666666,0,2,0,0,0,53.448222994269926,0.13333333333333333,4,0,0,0,0
147,2034093,Escócia,1986,3-5-2,balanced,Itália,1954,4-3-1-2,counter,True,12200,90.19199999999182,1,1,CONSISTENT,2,21,5,2.4115617891058414,182,143,13,18,2,0,21,72,15,43,25,20,7,17,10,0,3,6,0,0,0,0,0,0,0,0,0,0.36311933333333846,0.3,0.6666666666666666,0,10,0,0,0,55.80060963423282,0.13333333333333333,1,0,0,0,1
148,2042012,Croácia,2026,3-4-3,direct,Portugal,2002,4-3-2-1,counter,True,11861,90.00799999999192,0,1,CONSISTENT,1,15,3,1.8707536925154866,190,163,8,9,3,0,7,23,7,10,4,18,4,16,13,0,2,4,0,0,0,0,0,0,0,0,0,0.37263374329473714,0.3,0.6,0,5,0,0,0,53.404116382646166,0.13333333333333333,1,0,0,0,0
149,2049931,Uruguai,2022,4-2-2-2,tiki,Marrocos,1986,4-1-2-1-2,tiki,True,11899,90.27199999999178,2,1,CONSISTENT,3,15,4,1.766103903474024,202,177,6,10,1,0,12,35,5,15,6,10,7,9,7,0,1,3,0,0,0,0,0,0,0,0,0,0.3891186666666665,0.3,0.6,0,6,0,0,0,53.480081649666026,0.13333333333333333,3,0,0,0,0
150,2057850,Irã,1998,3-4-2-1,counter,França,2018,4-5-1,wings,True,11893,90.00799999999192,0,2,CONSISTENT,2,15,5,1.4721219017190164,206,178,5,14,2,0,7,30,8,14,7,9,2,14,9,0,3,2,0,0,0,0,0,0,0,0,0,0.3957266666666701,0.3,0.6666666666666666,0,7,0,0,0,53.45102449586504,0.13333333333333333,1,0,0,0,1
151,2065769,Suíça,2010,4-2-4,balanced,Argentina,2002,3-1-4-2,counter,True,11896,90.4239999999917,0,0,CONSISTENT,0,17,4,1.5985534494878342,194,164,5,7,1,0,9,19,11,5,3,13,5,24,18,3,4,2,0,0,0,0,0,0,0,0,0,0.3993195818857339,0.3,0.6666666666666666,0,1,0,0,0,44.782792147517505,0.13333333333333333,0,0,0,0,0
152,2073688,Alemanha,1982,5-3-2,tiki,Escócia,1986,4-2-4,counter,True,11692,90.38399999999172,1,1,CONSISTENT,2,14,4,1.9202031795981582,202,170,6,2,0,0,6,19,4,10,6,15,6,11,9,1,2,3,0,0,0,0,0,0,0,0,0,0.45217000000000446,0.3,0.3333333333333333,0,0,0,0,0,53.443893029744586,0.13333333333333333,1,0,0,0,1
153,2081607,EUA,1950,4-5-1,balanced,Itália,1990,4-2-3-1,park,True,11791,90.00799999999192,1,1,CONSISTENT,2,13,3,2.464463022569541,198,171,6,8,1,0,6,32,6,23,15,20,7,10,8,0,1,2,0,0,0,0,0,0,0,0,0,0.4521699999999996,0.3,0.49999999999999994,0,6,0,0,0,53.41321296644913,0.13333333333333333,2,0,0,0,0
154,2089526,Irã,2006,3-5-2,park,Inglaterra,1950,4-2-3-1,direct,True,12052,90.00799999999192,2,2,CONSISTENT,4,23,12,3.761838404828036,192,161,12,9,2,0,14,43,12,26,16,21,6,21,12,0,8,2,0,0,0,0,0,0,0,0,0,0.35607866666666776,0.3,0.5666666666666667,0,7,0,0,0,53.445234663182276,0.13333333333333333,4,0,0,0,0
155,2097445,Argélia,1982,4-3-1-2,direct,Áustria,1982,5-3-2,balanced,True,11741,90.4239999999917,0,1,CONSISTENT,1,13,2,1.3807872965632144,212,174,2,9,0,0,12,34,11,13,8,8,5,14,8,0,1,2,0,0,0,0,0,0,0,0,0,0.3849493333333288,0.3,0.6666666666666666,0,4,0,0,0,53.42168902633156,0.13333333333333333,1,0,0,0,0
156,2105364,Itália,1986,5-2-3,counter,Espanha,2006,4-2-2-2,balanced,True,12114,90.37599999999172,0,4,CONSISTENT,4,21,7,3.086584922904428,194,161,10,11,1,0,7,24,8,9,2,23,10,24,18,0,3,3,0,0,0,0,0,0,0,0,0,0.38624733333333566,0.3,0.6666666666666666,0,8,0,0,0,54.875236410586524,0.13333333333333333,3,0,0,0,1
157,2113283,Iugoslávia,1990,5-4-1,counter,Itália,1954,5-3-2,balanced,True,11995,90.21599999999181,1,1,CONSISTENT,2,14,7,2.365633424049864,188,161,5,16,1,0,16,57,6,32,16,11,4,27,22,0,5,3,1,0,0,0,0,0,0,0,0,0.36311933333333585,0.3,0.6,0,10,0,0,0,53.413115771235944,0.13333333333333333,1,0,0,0,1
158,2121202,Irã,2014,4-3-2-1,counter,Polônia,1986,5-4-1,direct,True,12182,90.09599999999188,2,3,CONSISTENT,5,20,7,2.0338783559457725,190,162,4,22,1,0,23,82,10,47,17,7,2,19,13,0,2,3,0,0,0,0,0,0,0,0,0,0.36599066666666724,0.3133333333333333,0.6666666666666666,0,17,0,0,0,53.447485583337986,0.19999999999999998,5,0,0,0,0
159,2129121,EUA,1994,3-4-2-1,park,Tunísia,1998,4-5-1,tiki,True,11886,90.2239999999918,1,4,CONSISTENT,5,13,5,1.8169863808754463,184,151,3,10,3,0,12,33,6,15,7,15,6,12,11,0,0,1,1,0,0,0,0,0,0,0,0,0.35694399999999965,0.3,0.6666666666666666,0,7,0,0,0,53.449650419491185,0.13333333333333333,3,0,0,0,2
160,2137040,Irã,2014,5-4-1,press,Áustria,1990,4-3-2-1,press,True,11781,90.31199999999176,0,2,CONSISTENT,2,16,2,2.0576751582454342,206,174,2,8,2,0,10,28,6,10,5,11,4,11,7,0,0,1,0,0,0,0,0,0,0,0,0,0.3645998875156881,0.3,0.6,0,4,0,0,0,53.444315497869454,0.13333333333333333,2,0,0,0,0
161,2144959,EUA,2006,4-3-2-1,balanced,Nigéria,2014,3-4-2-1,direct,True,11875,90.01599999999192,2,0,CONSISTENT,2,13,4,1.7178815975979862,196,176,7,10,1,0,13,42,4,20,10,19,5,13,11,0,2,0,0,0,0,0,0,0,0,0,0,0.3631193333333272,0.3,0.6666666666666666,0,7,0,0,0,53.439724568171606,0.13333333333333333,1,0,0,0,1
162,2152878,Irã,2022,4-2-3-1,balanced,Iugoslávia,1990,3-4-3,balanced,True,12079,90.07999999999188,1,1,CONSISTENT,2,21,6,3.228984106318531,175,144,15,7,1,0,7,17,9,6,0,31,10,17,13,0,4,3,0,0,0,0,0,0,0,0,0,0.37692533333333444,0.3,0.6,0,5,0,0,0,53.401748626044764,0.13333333333333333,2,0,0,0,0
163,2160797,EUA,2006,3-4-3,park,Colômbia,2022,5-2-3,park,True,11909,90.07199999999189,0,1,CONSISTENT,1,20,7,2.508722568671981,192,165,5,10,1,0,7,29,2,14,8,20,8,23,20,0,6,3,1,0,0,0,0,0,0,0,0,0.39832266666667004,0.3,0.6666666666666666,0,8,0,0,0,53.400513666674755,0.13333333333333333,0,1,0,0,0
164,2168716,Irã,2018,4-3-3,press,Argélia,2010,4-1-2-1-2,press,True,11824,90.06399999999189,2,1,CONSISTENT,3,20,8,2.7918515095864285,185,158,10,5,1,0,10,20,6,4,1,24,7,24,17,0,5,1,0,0,0,0,0,0,0,0,0,0.35163400000000067,0.3,0.6666666666666666,0,1,0,0,0,53.48398056137598,0.13333333333333333,3,0,0,0,0
165,2176635,Iugoslávia,1950,5-2-3,tiki,União Soviética,1986,3-5-2,press,True,11822,90.00799999999192,2,0,CONSISTENT,2,18,5,2.7546635176435315,194,160,9,6,1,0,4,19,6,10,6,17,7,18,11,1,3,2,0,0,0,0,0,0,0,0,0,0.433801333333327,0.3,0.6666666666666666,0,5,0,0,0,54.789504104671444,0.13333333333333333,1,0,0,0,1
166,2184554,Itália,1934,3-1-4-2,press,México,1986,4-3-3,counter,True,11589,90.13599999999185,0,0,CONSISTENT,0,7,0,1.2742191982332018,199,168,0,6,0,0,9,27,7,10,6,8,2,16,11,0,0,0,0,0,0,0,0,0,0,0,0,0.4197200000000012,0.3,0.6,0,3,0,0,0,45.34025861810612,0.13333333333333333,0,0,0,0,0
167,2192473,Iugoslávia,1954,4-3-1-2,tiki,Dinamarca,1998,4-1-4-1,tiki,True,11735,90.0479999999919,0,2,CONSISTENT,2,9,4,1.4360203827022087,206,175,2,9,2,0,10,28,2,9,5,10,6,9,8,0,2,0,0,0,0,0,0,0,0,0,0,0.3923666668986387,0.3,0.6666666666666666,0,3,0,0,0,53.469239862336735,0.13333333333333333,2,0,0,0,0
168,2200392,Itália,1934,5-3-2,direct,Colômbia,1990,3-4-2-1,park,True,12206,90.00799999999192,2,2,CONSISTENT,4,26,10,2.355508254979801,183,154,13,17,3,1,22,66,5,31,17,18,7,16,13,0,6,5,0,0,0,0,0,0,0,0,0,0.41972000000000215,0.3,0.6666666666666666,0,10,0,0,0,53.406332859541884,0.13333333333333333,3,0,0,0,1
169,2208311,EUA,2026,5-3-2,balanced,Arábia Saudita,2022,4-2-2-2,wings,True,11934,90.15199999999184,1,2,CONSISTENT,3,13,5,2.158237418980112,188,156,6,12,1,0,7,29,12,12,7,17,7,13,6,1,2,2,1,0,0,0,0,0,0,0,0,0.3631193333333394,0.3,0.6666666666666666,0,5,0,0,0,53.45171070442712,0.13333333333333333,2,0,0,0,1
170,2216230,Irã,2026,4-3-2-1,balanced,Holanda,2022,3-4-2-1,balanced,True,11853,90.24799999999179,0,1,CONSISTENT,1,17,1,2.0710088223431145,182,151,9,9,1,0,10,35,7,15,10,16,7,8,5,2,0,4,0,0,0,0,0,0,0,0,0,0.4395440000000007,0.3,0.6,0,5,0,0,0,53.40497012121119,0.16666666666666666,1,0,0,0,0
171,2224149,EUA,2010,4-2-4,wings,França,1966,4-1-2-1-2,park,True,12159,90.55999999999162,4,1,CONSISTENT,5,19,10,1.9435537472085302,189,151,15,4,0,0,14,33,21,15,6,31,11,20,16,0,5,5,1,0,0,0,0,0,0,0,0,0.3598153333333359,0.3,0.6,0,3,0,0,0,53.455288600850494,0.13333333333333333,3,0,0,0,2
172,2232068,Irã,2022,3-5-2,counter,Tunísia,2018,4-3-2-1,counter,True,12095,90.00799999999192,1,1,CONSISTENT,2,18,8,1.5992986412271346,182,160,7,20,5,0,28,69,11,28,13,15,2,13,9,0,6,1,0,0,0,0,0,0,0,0,0,0.36182133333333394,0.3,0.6666666666666666,0,11,0,0,0,53.42276242539989,0.13333333333333333,2,0,0,0,0
173,2239987,Uruguai,2026,4-1-2-1-2,press,Brasil,2014,4-2-3-1,tiki,True,11634,90.08799999999188,1,1,CONSISTENT,2,16,3,2.158496276238038,206,187,2,6,1,0,4,14,2,5,2,12,6,7,6,0,1,1,0,0,0,0,0,0,0,0,0,0.41766737428959605,0.3,0.6666666666666666,0,2,0,0,0,53.41179733485316,0.13333333333333333,2,0,0,0,0
174,2247906,Itália,1974,4-3-3,counter,Alemanha,2006,4-3-3,press,True,11901,90.00799999999192,2,2,CONSISTENT,4,23,7,3.8398891118417113,192,159,11,3,0,0,8,25,11,13,10,22,11,23,17,1,3,5,0,0,0,0,0,0,0,0,0,0.39490342876642803,0.3,0.6666666666666666,0,2,0,0,7,53.43304446197452,0.13333333333333333,3,0,0,0,1
175,2255825,Suíça,2010,5-3-2,counter,Nigéria,1998,3-4-2-1,counter,True,11720,90.00799999999192,0,1,CONSISTENT,1,20,5,2.9493899604380704,191,163,8,5,0,0,4,12,10,5,2,15,5,16,12,0,4,2,0,0,0,0,0,0,0,0,0,0.3657153333333377,0.3,0.6,0,2,0,0,0,53.43053542598315,0.13333333333333333,0,0,0,0,1
176,2263744,Itália,1970,3-4-2-1,tiki,União Soviética,1986,3-4-2-1,direct,True,11520,90.43199999999169,0,0,CONSISTENT,0,8,0,1.1004145229093671,205,177,1,2,0,0,1,4,3,2,0,3,1,9,9,1,0,1,0,0,0,0,0,0,0,0,0,0.3817297695508063,0.3133333333333333,0.39999999999999997,0,1,0,0,0,32.76286704280176,0.19999999999999998,0,0,0,0,0
177,2271663,EUA,1994,3-4-2-1,direct,Irã,1998,4-1-4-1,press,True,11820,90.09599999999188,2,1,CONSISTENT,3,15,4,1.781156138393353,195,165,7,8,2,0,8,28,6,13,5,15,5,15,10,0,1,2,0,0,0,0,0,0,0,0,0,0.3714579999999984,0.3,0.6,0,5,0,0,0,56.27930048365773,0.13333333333333333,3,0,0,0,0
178,2279582,Itália,1978,3-5-2,counter,Rússia,1994,4-3-1-2,wings,True,11983,90.35999999999173,0,1,CONSISTENT,1,11,7,1.2917534482341677,187,147,6,12,1,0,10,35,10,17,8,21,4,20,14,0,6,2,0,0,0,0,0,0,0,0,0,0.38424133333333577,0.3,0.6333333333333333,0,9,0,0,0,53.40258271977845,0.13333333333333333,1,0,0,0,0
179,2287501,Senegal,2026,3-4-2-1,wings,México,2002,4-3-3,park,True,12117,90.07999999999188,3,1,CONSISTENT,4,22,10,3.1496504637297917,191,159,12,14,3,0,8,45,8,27,19,23,10,11,9,1,6,5,0,0,0,0,0,0,0,0,0,0.4206120285030833,0.3133333333333333,0.6666666666666666,0,3,0,0,0,56.925100387600516,0.19999999999999998,2,0,0,0,2
180,2295420,Itália,1966,4-1-4-1,tiki,Croácia,2014,4-1-4-1,wings,True,11841,90.29599999999176,0,0,CONSISTENT,0,15,3,1.5216705009348426,189,169,10,9,0,0,9,27,5,7,4,23,6,16,9,0,3,4,0,0,0,0,0,0,0,0,0,0.41166933333333533,0.3,0.36666666666666664,0,5,0,0,0,58.97325497712843,0.13333333333333333,0,0,0,0,0
181,2303339,Uruguai,2022,4-2-2-2,direct,Argentina,1982,4-1-2-1-2,wings,True,11858,90.00799999999192,2,2,CONSISTENT,4,17,7,2.219831419096767,200,172,5,8,3,0,17,37,12,15,4,17,6,18,15,0,3,3,0,0,0,0,0,0,0,0,0,0.40146933333333545,0.3,0.6,0,5,0,0,0,53.45100752601487,0.13333333333333333,2,0,0,0,2
182,2311258,Itália,1970,3-1-4-2,balanced,Coreia do Sul,1994,4-2-4,press,True,11580,90.18399999999183,0,0,CONSISTENT,0,15,1,1.7361564613031004,198,152,2,6,1,0,5,15,13,4,2,12,4,16,9,2,1,3,0,0,0,0,0,0,0,0,0,0.3866800000000012,0.3,0.6333333333333333,0,1,0,0,14,45.206228220443194,0.13333333333333333,0,0,0,0,0
183,2319177,Suíça,1994,5-4-1,counter,Arábia Saudita,1994,4-2-2-2,direct,True,12316,90.07199999999189,1,4,CONSISTENT,5,15,5,2.769177280175095,172,155,14,18,3,1,19,62,3,34,11,27,8,13,7,0,0,2,0,0,0,0,0,0,0,0,0,0.36756400000000117,0.3,0.6666666666666666,0,13,0,0,0,53.44918422698161,0.13333333333333333,3,0,0,0,2
184,2327096,Itália,1966,4-2-2-2,counter,Gana,2022,5-3-2,tiki,True,11944,90.13599999999185,2,1,CONSISTENT,3,16,7,2.0487547043083993,187,151,4,14,5,0,15,49,11,21,17,15,4,20,14,0,4,2,0,0,0,0,0,0,0,0,0,0.37161533333333896,0.3133333333333333,0.6666666666666666,0,6,0,0,0,53.4315645037253,0.19999999999999998,3,0,0,0,0
185,2335015,Uruguai,2022,4-1-2-1-2,park,Áustria,1978,4-3-1-2,press,True,11953,90.14399999999185,1,1,CONSISTENT,2,20,8,1.9851258191602017,209,183,5,14,2,0,14,48,11,22,10,10,3,21,13,1,6,3,0,0,0,0,0,0,0,0,0,0.40563866666666404,0.3,0.6666666666666666,0,6,0,0,0,53.42027371081759,0.13333333333333333,1,0,0,0,1
186,2342934,Itália,1950,4-1-4-1,press,Espanha,2006,4-2-2-2,wings,True,12008,90.27999999999177,2,2,CONSISTENT,4,21,6,2.6768976375651277,185,151,7,12,3,0,15,46,9,22,13,17,6,28,17,1,2,2,0,0,0,0,0,0,0,0,0,0.38093733333333524,0.3,0.6666666666666666,0,6,0,0,0,53.452591641466995,0.13333333333333333,3,0,0,0,1
187,2350853,Argélia,2026,4-2-3-1,park,Alemanha,2018,4-1-2-1-2,tiki,True,12031,90.07199999999189,1,0,CONSISTENT,1,17,3,3.182501101765357,198,167,9,13,2,0,19,44,8,17,7,18,5,18,15,0,2,4,0,0,0,0,0,0,0,0,0,0.4520467258479072,0.3133333333333333,0.6,0,9,0,0,7,53.4237077836189,0.19999999999999998,0,0,0,0,1
188,2358772,México,1986,4-5-1,park,Arábia Saudita,2018,4-3-3,direct,True,11945,90.07199999999189,0,1,CONSISTENT,1,19,2,1.6893591465508553,180,153,10,11,3,0,14,40,11,18,10,22,7,26,20,0,1,3,0,0,0,0,0,0,0,0,0,0.3701600000000014,0.3,0.6666666666666666,0,6,0,0,0,53.42126203577591,0.13333333333333333,1,0,0,0,0
189,2366691,Uruguai,2018,4-3-1-2,counter,Argentina,2010,4-5-1,park,True,11849,90.11199999999187,1,0,CONSISTENT,1,24,5,2.1543510118595997,188,158,12,7,1,0,9,39,6,23,16,18,6,17,11,0,4,4,0,0,0,0,0,0,0,0,0,0.4333686666666666,0.3133333333333333,0.6333333333333333,0,4,0,0,0,53.401195841630084,0.19999999999999998,0,0,0,0,1
190,2374610,Alemanha,2018,4-2-3-1,balanced,EUA,1994,5-3-2,direct,True,11981,90.10399999999187,1,1,CONSISTENT,2,19,6,2.3738827398294924,187,163,9,13,4,0,29,69,7,34,21,18,7,16,14,0,4,1,0,0,0,0,0,0,0,0,0,0.42530533333333276,0.3133333333333333,0.3333333333333333,0,13,0,0,0,53.42501327899581,0.19999999999999998,2,0,0,0,0
191,2382529,Suíça,1994,4-1-2-1-2,press,Portugal,2002,4-3-3,balanced,True,11849,90.27999999999177,2,1,CONSISTENT,3,21,5,3.1330787714765322,189,160,3,8,3,0,14,33,6,11,4,12,6,23,19,1,2,1,0,0,0,0,0,0,0,0,0,0.364692666666663,0.3,0.6333333333333333,0,6,0,0,0,53.40578841977224,0.13333333333333333,3,0,0,0,0
192,2390448,Alemanha,2022,4-1-2-1-2,press,Alemanha,2026,4-3-3,direct,True,11963,90.38399999999172,1,1,CONSISTENT,2,13,4,2.5269344464708503,188,156,9,11,4,1,16,38,9,12,4,23,5,24,18,0,2,2,0,0,0,0,0,0,0,0,0,0.41919418852740736,0.3,0.6,0,4,0,0,7,53.41786363407847,0.13333333333333333,0,0,0,0,2
193,2398367,Uruguai,2026,4-1-4-1,counter,Espanha,2018,5-4-1,tiki,True,11646,90.2399999999918,0,2,CONSISTENT,2,10,2,1.373444338817086,197,168,4,5,1,0,9,24,10,11,4,12,3,6,3,0,0,0,0,0,0,0,0,0,0,0,0,0.375762335423233,0.3133333333333333,0.6666666666666666,0,3,0,0,0,53.447559073696276,0.19999999999999998,2,0,0,0,0
194,2406286,Dinamarca,2022,5-4-1,direct,Suíça,2006,3-1-4-2,press,True,11719,90.16799999999184,0,0,CONSISTENT,0,12,2,0.9408442708326914,193,165,2,13,1,0,18,48,9,24,9,6,4,11,8,0,2,3,0,0,0,0,0,0,0,0,0,0.36469266666666755,0.3133333333333333,0.6666666666666666,0,7,0,0,0,49.575985057462454,0.19999999999999998,0,0,0,0,0
195,2414205,Coreia do Sul,1954,4-2-3-1,balanced,Brasil,1998,3-1-4-2,counter,True,11764,90.07199999999189,1,2,CONSISTENT,3,23,7,2.4900424294134464,189,162,4,5,2,0,12,32,7,11,5,14,6,21,15,0,4,1,0,0,0,0,0,0,0,0,0,0.4294746666666729,0.3,0.5666666666666667,0,3,0,0,0,53.439951995050386,0.13333333333333333,3,0,0,0,0
196,2422124,Inglaterra,1962,4-2-2-2,wings,Irã,2018,4-2-4,wings,True,11810,90.03199999999191,2,1,CONSISTENT,3,18,5,2.441298825785111,192,148,5,8,3,0,8,24,11,12,4,16,5,25,17,0,2,1,0,0,0,0,0,0,0,0,0,0.3527746666666673,0.3,0.6,0,5,0,0,0,53.42686311107343,0.13333333333333333,3,0,0,0,0
197,2430043,EUA,1990,3-4-2-1,balanced,Peru,1978,4-3-1-2,park,True,11854,90.24799999999179,0,0,CONSISTENT,0,14,4,1.051420020891777,208,185,2,17,6,0,14,60,5,29,20,4,0,8,6,0,4,0,0,0,0,0,0,0,0,0,0,0.3921473333333336,0.3,0.6666666666666666,0,13,0,0,0,53.03864389158416,0.13333333333333333,0,0,0,0,0
198,2437962,Gana,2014,3-4-2-1,balanced,Espanha,1990,4-5-1,counter,True,11965,90.13599999999185,0,1,CONSISTENT,1,16,6,1.7407167980777851,190,169,4,17,5,0,21,63,3,34,19,8,2,11,9,0,5,1,0,0,0,0,0,0,0,0,0,0.38230898740552766,0.3,0.6333333333333333,0,14,0,0,0,60.5801849410588,0.13333333333333333,1,0,0,0,0
199,2445881,Suíça,2006,4-2-3-1,counter,Áustria,1954,3-1-4-2,counter,True,11985,90.00799999999192,2,3,CONSISTENT,5,29,10,3.9391388767204383,186,155,10,7,1,0,9,37,10,20,15,21,9,21,13,0,5,5,1,0,0,0,0,0,0,0,0,0.39486133333333345,0.3133333333333333,0.6,0,4,0,0,0,53.451324445282765,0.19999999999999998,3,1,0,0,1
200,2453800,Alemanha,2026,4-3-2-1,press,Inglaterra,1962,4-2-4,park,True,11686,90.0559999999919,1,0,CONSISTENT,1,16,4,1.5200765245879388,208,181,4,8,0,0,12,47,11,27,19,9,5,15,10,0,3,3,0,0,0,0,0,0,0,0,0,0.3757846666666673,0.3,0.6666666666666666,0,6,0,0,0,53.40019328949651,0.13333333333333333,0,0,0,0,1
201,2461719,EUA,1950,4-2-3-1,counter,Romênia,1990,4-1-2-1-2,tiki,True,11893,90.00799999999192,2,1,CONSISTENT,3,17,3,2.9824185620930534,190,169,11,8,1,0,11,36,7,14,11,17,5,13,10,0,0,5,1,0,0,0,0,0,0,0,0,0.3793640000000008,0.3133333333333333,0.6666666666666666,0,3,0,0,0,53.43035887311811,0.19999999999999998,1,1,0,0,1
202,2469638,Argentina,2026,5-4-1,park,Argentina,1974,3-4-3,park,True,11856,90.13599999999185,0,0,CONSISTENT,0,13,2,1.1864208424882252,206,175,6,14,2,0,15,48,4,26,11,16,5,15,13,0,2,2,0,0,0,0,0,0,0,0,0,0.39659200000000194,0.3133333333333333,0.6666666666666666,0,8,0,0,0,37.08186155275734,0.19999999999999998,0,0,0,0,0
203,2477557,México,1966,4-3-1-2,tiki,Suécia,1974,4-4-2,direct,True,11769,90.12799999999186,0,0,CONSISTENT,0,20,3,2.0081384611031825,192,164,8,8,2,0,7,29,5,16,10,15,4,13,8,0,3,1,0,0,0,0,0,0,0,0,0,0.36815400000000603,0.3,0.6,0,6,0,0,0,54.58570231789617,0.13333333333333333,0,0,0,0,0
204,2485476,Argentina,2010,3-4-2-1,press,México,2026,3-5-2,counter,True,11931,90.00799999999192,3,0,CONSISTENT,3,16,3,2.4037239570188866,204,172,6,9,1,0,8,27,7,9,8,11,3,12,9,0,0,2,0,0,0,0,0,0,0,0,0,0.3833760000000015,0.3,0.5333333333333333,0,8,0,0,0,53.466094387663084,0.13333333333333333,2,0,0,0,1
205,2493395,Tunísia,2002,5-2-3,park,Itália,1978,3-4-2-1,park,True,11909,90.07199999999189,1,0,CONSISTENT,1,14,2,1.150720090940392,184,156,6,8,1,0,10,26,8,12,8,15,3,19,13,2,1,1,0,0,0,0,0,0,0,0,0,0.38424133333333604,0.3,0.6666666666666666,0,6,0,0,0,53.43696624741884,0.13333333333333333,0,0,0,0,1
206,2501314,Alemanha,2006,5-3-2,wings,Chile,1966,4-5-1,press,True,11929,90.2319999999918,2,0,CONSISTENT,2,16,6,2.165661140115219,187,154,9,9,2,0,18,40,10,15,8,21,6,19,14,2,4,2,0,0,0,0,0,0,0,0,0,0.4109486666666649,0.3,0.6666666666666666,0,16,0,0,0,53.42758518519172,0.13333333333333333,2,0,0,0,0
207,2509233,Tunísia,2002,4-1-4-1,direct,Suíça,2006,4-2-4,counter,True,12121,90.4079999999917,3,1,CONSISTENT,4,21,8,2.706502804054489,178,148,12,7,1,0,8,28,5,12,7,29,8,20,14,1,4,3,0,0,0,0,0,0,0,0,0,0.3499033333333346,0.3,0.6,0,5,0,0,0,53.47447995966184,0.13333333333333333,3,0,0,0,1
208,2517152,Alemanha,2010,3-4-3,counter,Peru,1978,4-2-4,direct,True,12101,90.19199999999182,5,0,CONSISTENT,5,19,10,3.4793820573958607,188,153,8,8,0,0,7,27,13,11,9,25,13,18,11,2,5,3,0,0,0,0,0,0,0,0,0,0.42546266666666815,0.3,0.6666666666666666,0,5,0,0,0,54.14270451178473,0.13333333333333333,5,0,0,0,0
209,2525071,Coreia do Sul,2002,4-3-1-2,press,Gana,2006,4-3-3,tiki,True,11722,90.12799999999186,1,0,CONSISTENT,1,19,3,2.3689454605991553,189,156,5,6,3,0,7,18,3,8,3,20,6,18,13,0,2,3,0,0,0,0,0,0,0,0,0,0.39473386644041647,0.3,0.6,0,1,0,0,0,53.429540184429335,0.13333333333333333,1,0,0,0,0
210,2532990,Dinamarca,1998,3-4-3,tiki,Paraguai,2002,4-2-2-2,wings,True,11713,90.08799999999188,1,0,CONSISTENT,1,11,2,1.0066714908859073,204,177,5,5,0,0,8,21,10,8,2,11,2,17,11,2,1,1,0,0,0,0,0,0,0,0,0,0.4353493333333299,0.3,0.6666666666666666,0,1,0,0,0,62.76678853736689,0.13333333333333333,1,0,0,0,0
211,2540909,Coreia do Sul,2002,4-2-4,wings,Uruguai,1970,3-5-2,park,True,11667,90.15999999999184,0,1,CONSISTENT,1,13,4,1.969353830571401,218,189,3,5,2,0,9,23,10,9,3,9,2,21,14,0,3,1,0,0,0,0,0,0,0,0,0,0.36555799999999994,0.3,0.6666666666666666,0,2,0,0,7,53.460658167910196,0.13333333333333333,1,0,0,0,0
212,2548828,Dinamarca,1986,4-3-2-1,tiki,Costa Rica,2006,4-3-3,park,True,11944,90.07199999999189,2,0,CONSISTENT,2,20,6,2.5705444544880764,200,178,8,12,2,0,15,46,3,23,13,17,8,11,9,0,4,3,0,0,0,0,0,0,0,0,0,0.403632666666669,0.3,0.6,0,8,0,0,0,53.4270130638186,0.13333333333333333,2,0,0,0,0
213,2556747,Tunísia,1978,3-5-2,park,França,2006,4-2-2-2,press,True,11928,90.17599999999183,0,1,CONSISTENT,1,18,4,2.448754937517944,208,173,8,8,0,0,8,22,9,7,3,15,6,19,14,1,3,3,0,0,0,0,0,0,0,0,0,0.4360826666666668,0.3133333333333333,0.6,0,4,0,0,0,53.967153268711975,0.16666666666666666,0,0,0,0,1
214,2564666,Alemanha,1994,3-4-3,park,México,2026,4-2-2-2,park,True,11928,90.29599999999176,3,1,CONSISTENT,4,18,7,2.040462305104238,202,168,8,8,1,0,7,35,14,18,10,17,7,19,13,0,3,2,0,0,0,0,0,0,0,0,0,0.4356500000000051,0.3,0.6666666666666666,0,5,0,0,0,54.430073336134505,0.13333333333333333,2,0,0,0,2
215,2572585,Suíça,2022,3-1-4-2,direct,Senegal,2026,3-5-2,direct,True,11927,90.02399999999191,3,1,CONSISTENT,4,11,5,1.305664324304792,191,158,1,20,2,0,22,67,5,34,16,10,5,14,12,0,1,3,0,0,0,0,0,0,0,0,0,0.4539006666666664,0.3,0.4333333333333333,0,14,0,0,0,53.48133244579351,0.13333333333333333,4,0,0,0,0
216,2580504,Alemanha,1994,4-3-2-1,park,Argentina,2006,4-3-3,direct,True,11962,90.11199999999187,1,2,CONSISTENT,3,20,7,2.5521628288656943,185,160,9,8,3,0,18,44,7,21,12,18,4,12,11,0,4,1,0,0,0,0,0,0,0,0,0,0.37444887825853423,0.3,0.6666666666666666,0,5,0,0,0,54.366965607965234,0.13333333333333333,3,0,0,0,0
217,2588423,Bélgica,1986,5-4-1,press,México,2002,5-2-3,park,True,11808,90.14399999999185,1,1,CONSISTENT,2,20,4,2.8662932536432715,181,146,3,9,2,0,10,39,7,21,13,16,9,24,15,0,2,2,0,0,0,0,0,0,0,0,0,0.3767680000000015,0.3,0.3333333333333333,0,6,0,0,0,53.43131183491568,0.13333333333333333,2,0,0,0,0
218,2596342,Itália,1986,4-3-2-1,counter,França,2018,4-3-3,press,True,12126,90.07999999999188,1,2,CONSISTENT,3,14,4,1.7169109516171535,187,148,8,14,0,0,17,39,17,10,1,22,6,27,21,0,1,4,0,0,0,0,0,0,0,0,0,0.4526026666666645,0.3,0.6666666666666666,0,9,0,0,0,53.41618085126172,0.13333333333333333,2,0,0,0,1
219,2604261,Argélia,1986,5-2-3,direct,Bélgica,2018,4-1-4-1,park,True,12029,90.0479999999919,2,2,CONSISTENT,4,28,8,3.7684656889122072,180,152,9,7,0,0,5,27,5,15,14,25,11,25,17,0,4,4,0,0,0,0,0,0,0,0,0,0.4368300000000017,0.3,0.6666666666666666,0,4,0,0,7,53.433509663533236,0.13333333333333333,3,0,0,0,1
220,2612180,México,2014,5-4-1,direct,Suíça,2022,4-2-2-2,press,True,11810,90.00799999999192,0,1,CONSISTENT,1,16,7,1.5758566732937611,191,158,6,7,2,0,13,37,9,17,11,21,7,17,15,0,6,3,0,0,0,0,0,0,0,0,0,0.382543478323337,0.3,0.5666666666666667,0,5,0,0,0,53.40045084316174,0.13333333333333333,0,0,0,0,1
221,2620099,Austrália,2014,4-1-4-1,tiki,Portugal,2014,4-4-2,press,True,11900,90.27199999999178,3,0,CONSISTENT,3,19,7,2.6952418265280302,187,167,6,6,1,0,11,25,5,11,4,17,10,12,8,0,4,3,0,0,0,0,0,0,0,0,0,0.36068066666666776,0.3,0.6333333333333333,0,4,0,0,0,53.46154076674269,0.13333333333333333,3,0,0,0,0
222,2628018,França,2026,4-3-2-1,park,Polônia,2006,3-4-3,park,True,12218,90.0479999999919,2,3,CONSISTENT,5,26,8,3.35144301024145,195,163,8,12,1,0,7,31,9,12,8,20,6,23,19,2,3,0,0,0,0,0,0,0,0,0,0,0.4564966666666626,0.3,0.6,0,11,0,0,7,53.476856765464284,0.13333333333333333,3,0,0,0,2
223,2635937,Suécia,2002,3-4-2-1,counter,Tunísia,2006,4-1-2-1-2,press,True,11778,90.16799999999184,1,2,CONSISTENT,3,14,4,1.7314699360646233,193,158,2,8,1,0,7,28,6,16,9,13,4,15,9,0,1,1,0,0,0,0,0,0,0,0,0,0.3635520000000008,0.3,0.6,0,5,0,0,0,53.42970107024777,0.13333333333333333,2,0,0,0,1
224,2643856,Inglaterra,1982,4-3-2-1,park,Inglaterra,2022,5-2-3,press,True,11835,90.09599999999188,1,2,CONSISTENT,3,15,4,2.0108734586772123,194,156,2,12,1,0,7,27,8,10,5,13,7,17,12,0,1,1,0,0,0,0,0,0,0,0,0,0.3895513333333347,0.3,0.6666666666666666,0,2,0,0,0,53.474783956292455,0.13333333333333333,3,0,0,0,0
225,2651775,União Soviética,1990,3-4-2-1,tiki,Suíça,1966,4-3-2-1,balanced,True,12038,90.00799999999192,1,2,CONSISTENT,3,18,7,3.4854887003943693,187,158,12,12,2,0,13,39,9,13,6,26,9,11,7,0,4,4,0,0,0,0,0,0,0,0,0,0.37216599999999705,0.3,0.6,0,5,0,0,0,53.42557209864188,0.13333333333333333,2,0,0,0,1
226,2659694,Croácia,2014,4-1-2-1-2,tiki,Rússia,1994,4-3-2-1,counter,True,12182,90.16799999999184,3,0,CONSISTENT,3,17,7,2.2631524909133303,180,154,11,20,3,0,18,69,1,40,20,23,8,7,5,0,4,5,0,0,0,0,0,0,0,0,0,0.3952940000000068,0.3,0.6666666666666666,0,27,0,0,0,53.43834828674415,0.13333333333333333,3,0,0,0,0
227,2667613,Escócia,1974,5-3-2,press,Itália,1978,4-2-3-1,tiki,True,11627,90.11999999999186,0,0,CONSISTENT,0,12,1,1.2020934961675638,200,181,7,5,3,0,3,12,2,6,4,15,4,9,7,0,1,2,0,0,0,0,0,0,0,0,0,0.4358073333333337,0.3,0.6333333333333333,0,1,0,0,0,46.41717331163262,0.13333333333333333,0,0,0,0,0
228,2675532,Inglaterra,1986,4-3-1-2,press,Argélia,2022,4-1-2-1-2,tiki,True,11695,90.06399999999189,0,0,CONSISTENT,0,11,1,1.5296442297757622,205,170,5,8,2,0,13,26,12,7,4,10,4,12,7,0,1,0,0,0,0,0,0,0,0,0,0,0.41972000000000437,0.3133333333333333,0.6,0,4,0,0,0,38.08084318117912,0.19999999999999998,0,0,0,0,0
229,2683451,Espanha,1982,4-5-1,press,Espanha,1994,4-3-1-2,tiki,True,11413,90.00799999999192,0,0,CONSISTENT,0,3,0,0.19226533939924617,205,169,1,2,1,0,4,12,3,4,2,3,0,6,5,0,0,0,0,0,0,0,0,0,0,0,0,0.37199029761579777,0.3,0.36666666666666664,0,1,0,0,0,45.16263174855865,0.13333333333333333,0,0,0,0,0
230,2691370,Alemanha,1966,3-1-4-2,park,México,1994,4-3-2-1,press,True,11900,90.15199999999184,0,1,CONSISTENT,1,18,7,3.060693902113461,195,157,8,13,3,0,23,50,12,19,8,19,7,24,17,0,6,3,0,0,0,0,0,0,0,0,0,0.40477333333333443,0.3,0.6666666666666666,0,5,0,0,0,53.43239937875766,0.13333333333333333,1,0,0,0,0
231,2699289,Suíça,1954,4-3-1-2,wings,Tchecoslováquia,1990,3-5-2,press,True,11665,90.10399999999187,0,0,CONSISTENT,0,13,2,1.1961357011019458,190,170,2,9,2,0,14,38,3,18,12,8,3,13,10,0,2,1,0,0,0,0,0,0,0,0,0,0.38825333333333717,0.3,0.6333333333333333,0,4,0,0,0,40.706747371646784,0.13333333333333333,0,0,0,0,0
232,2707208,Austrália,2018,3-4-2-1,tiki,Uruguai,2026,4-3-1-2,press,True,11718,90.15199999999184,0,0,CONSISTENT,0,13,4,1.9374588429410713,197,172,5,9,3,1,9,32,5,11,7,11,2,14,11,0,4,1,0,0,0,0,0,0,0,0,0,0.4142526666666696,0.3,0.6666666666666666,0,4,0,0,0,40.39956811313893,0.13333333333333333,0,0,0,0,0
233,2715127,Nigéria,1994,5-2-3,balanced,Brasil,1966,4-2-2-2,tiki,True,11968,90.06399999999189,0,1,CONSISTENT,1,16,4,2.1521745066553706,180,161,13,7,0,0,8,22,7,11,3,30,10,13,10,0,3,6,0,0,0,0,0,0,0,0,0,0.38784706671119873,0.3,0.6,0,5,0,0,0,53.454031683701935,0.13333333333333333,1,0,0,0,0
234,2723046,Argentina,1990,3-5-2,park,Inglaterra,1966,4-2-2-2,balanced,True,11876,90.15999999999184,0,2,CONSISTENT,2,25,3,2.471950232698025,211,190,6,13,2,0,12,60,4,34,20,10,4,17,16,0,1,5,0,0,0,0,0,0,0,0,0,0.41798933333333427,0.3,0.6,0,8,0,0,0,53.42926520412717,0.13333333333333333,0,0,0,0,2
235,2730965,Nigéria,1994,4-3-2-1,park,Paraguai,2002,3-5-2,park,True,11860,90.00799999999192,1,0,CONSISTENT,1,12,3,1.5608953494925868,211,179,7,9,4,0,11,35,8,12,7,15,5,10,8,1,2,4,0,0,0,0,0,0,0,0,0,0.408085333333334,0.3,0.6,0,6,0,0,0,64.85719039980702,0.13333333333333333,1,0,0,0,0
236,2738884,Bélgica,1986,3-4-3,balanced,Suíça,2026,4-3-3,direct,True,11870,90.06399999999189,1,0,CONSISTENT,1,26,4,3.052690934823065,184,159,10,5,1,0,1,11,6,2,2,25,14,30,22,0,3,7,0,0,0,0,0,0,0,0,0,0.37849866666666865,0.3133333333333333,0.6333333333333333,0,2,0,0,0,53.40144752232351,0.19999999999999998,1,0,0,0,0
237,2746803,Nigéria,1994,3-1-4-2,wings,Camarões,1998,3-4-2-1,wings,True,11905,90.16799999999184,1,1,CONSISTENT,2,15,3,2.341366562463536,199,174,7,10,2,0,6,27,9,13,6,10,1,7,7,0,1,1,0,0,0,0,0,0,0,0,0,0.367996666666672,0.3,0.6666666666666666,0,8,0,0,0,53.45716309289535,0.13333333333333333,2,0,0,0,0
238,2754722,Alemanha,1986,4-2-3-1,direct,Alemanha,2010,4-3-2-1,tiki,True,11893,90.16799999999184,0,2,CONSISTENT,2,21,8,2.4223083010016326,198,174,6,10,1,0,14,37,6,14,6,15,8,13,10,0,6,1,0,0,0,0,0,0,0,0,0,0.4254626666666658,0.3133333333333333,0.6,0,7,0,0,7,53.457352490493214,0.19999999999999998,2,0,0,0,0
239,2762641,Suécia,1994,4-1-2-1-2,park,Suécia,1974,3-5-2,balanced,True,11732,90.00799999999192,1,1,CONSISTENT,2,12,5,1.862776553576877,208,178,2,10,2,0,21,46,14,18,12,12,7,12,9,0,3,0,0,0,0,0,0,0,0,0,0,0.36815400000000414,0.3,0.6333333333333333,0,6,0,0,0,53.472842356451714,0.13333333333333333,2,0,0,0,0
240,2770560,Inglaterra,2026,4-3-3,direct,Marrocos,1970,4-4-2,balanced,True,11922,90.00799999999192,2,0,CONSISTENT,2,23,6,3.2116059212033226,190,162,6,10,2,0,4,34,6,19,12,21,9,25,21,1,4,1,0,0,0,0,0,0,0,0,0,0.4494559999999994,0.30666666666666664,0.6,0,5,0,0,0,53.43573291545958,0.16666666666666666,1,0,0,0,1
241,2778479,Suécia,1950,4-3-2-1,press,Camarões,2002,3-4-2-1,direct,True,12032,90.0399999999919,1,0,CONSISTENT,1,22,5,2.3017629537244995,187,153,9,17,2,0,25,66,11,24,9,19,10,16,11,0,4,7,1,0,0,0,0,0,0,0,0,0.3895513333333318,0.3,0.6666666666666666,0,10,0,0,0,53.40857066931293,0.13333333333333333,0,0,0,0,1
242,2786398,Croácia,2026,4-1-2-1-2,direct,Iugoslávia,1990,3-4-3,direct,True,11957,90.0479999999919,1,1,CONSISTENT,2,17,5,2.4441167298685755,197,170,6,11,1,0,16,37,6,16,6,20,6,24,19,1,3,3,0,0,0,0,0,0,0,0,0,0.44145066666666566,0.3,0.6666666666666666,0,5,0,0,0,53.417541892249524,0.13333333333333333,1,0,0,0,1
243,2794317,Suécia,1950,4-2-4,direct,México,1970,4-4-2,wings,True,11863,90.00799999999192,2,2,CONSISTENT,4,24,6,3.0797295755981424,183,158,13,2,0,0,3,9,7,3,0,25,14,10,9,0,2,5,0,0,0,0,0,0,0,0,0,0.3895513333333333,0.3,0.6666666666666666,0,0,0,0,0,53.482331565221756,0.13333333333333333,3,0,0,0,1
244,2802236,Inglaterra,2014,4-3-2-1,press,Tchecoslováquia,1934,4-4-2,park,True,12140,90.09599999999188,2,0,CONSISTENT,2,19,6,1.8640804568670732,191,165,11,19,2,0,21,52,6,16,7,20,6,18,12,0,4,6,0,0,0,0,0,0,0,0,0,0.3631193333333355,0.3,0.6666666666666666,0,13,0,0,0,53.4657287386001,0.13333333333333333,2,0,0,0,0
245,2810155,Suécia,1970,4-3-1-2,counter,Argélia,1986,4-2-2-2,park,True,11773,90.00799999999192,0,1,CONSISTENT,1,16,3,1.989346757198816,198,168,6,5,0,0,5,35,13,24,16,13,5,15,12,0,2,2,0,0,0,0,0,0,0,0,0,0.3805046666666667,0.3133333333333333,0.3333333333333333,0,4,0,0,0,53.41534254503198,0.19999999999999998,1,0,0,0,0
246,2818074,Alemanha,1974,4-1-2-1-2,direct,Coreia do Sul,1990,3-4-3,tiki,True,11986,90.00799999999192,0,1,CONSISTENT,1,17,5,2.4355002095740477,198,174,13,5,3,0,6,20,6,9,4,29,9,15,13,1,4,3,0,0,0,0,0,0,0,0,0,0.43321133333333517,0.3,0.6666666666666666,0,3,0,0,0,53.41844952039549,0.13333333333333333,0,0,0,0,1
247,2825993,Bélgica,2014,5-2-3,balanced,Itália,1950,4-2-3-1,wings,True,11928,90.07999999999188,0,1,CONSISTENT,1,18,4,3.15312318642475,184,159,14,6,2,0,8,16,4,5,2,28,9,30,22,0,3,1,0,0,0,0,0,0,0,0,0,0.39314414007852005,0.3,0.39999999999999997,0,4,0,0,0,53.43230470443848,0.13333333333333333,1,0,0,0,0
248,2833912,Marrocos,1994,4-3-3,balanced,Polônia,2002,4-2-4,tiki,True,11833,90.37599999999172,1,2,CONSISTENT,3,16,4,2.3965298791507443,184,156,9,5,2,0,6,15,6,4,2,26,11,19,14,0,1,2,0,0,0,0,0,0,0,0,0,0.35938266666666546,0.3,0.6,0,3,0,0,0,53.43968274490051,0.13333333333333333,2,0,0,0,1
249,2841831,Brasil,1958,3-5-2,counter,Espanha,2022,4-2-4,wings,True,11859,90.07999999999188,0,0,CONSISTENT,0,19,4,2.019101761815746,197,172,9,8,0,0,7,23,10,11,6,21,4,22,19,0,4,0,0,0,0,0,0,0,0,0,0,0.3829433333333352,0.3133333333333333,0.5333333333333333,0,6,0,0,0,43.648545499852546,0.19999999999999998,0,0,0,0,0
250,2849750,Japão,2002,5-3-2,balanced,Brasil,2018,4-4-2,balanced,True,11972,90.27199999999178,1,2,CONSISTENT,3,22,7,2.3976649624747983,195,167,13,4,0,0,15,48,8,25,17,27,10,18,12,1,4,3,1,0,0,0,0,0,0,0,0,0.35450533333333395,0.3,0.6666666666666666,0,2,0,0,0,53.45864998119248,0.13333333333333333,3,0,0,0,0
251,2857669,Bélgica,2026,4-2-2-2,press,França,2026,4-3-2-1,press,True,11892,90.19199999999182,0,0,CONSISTENT,0,26,6,3.166129375626916,201,181,10,10,1,0,7,28,6,12,7,18,6,24,20,0,6,4,0,0,0,0,0,0,0,0,0,0.38868599999999504,0.3,0.39999999999999997,0,7,0,0,7,39.8070221392796,0.13333333333333333,0,0,0,0,0
252,2865588,Marrocos,1994,4-5-1,press,Arábia Saudita,2002,4-3-2-1,park,True,11915,90.0559999999919,2,1,CONSISTENT,3,19,5,2.4244451395529047,191,158,7,13,1,0,22,55,8,27,11,14,8,8,5,0,2,6,1,0,0,0,0,0,0,0,0,0.3591878096616719,0.3,0.6666666666666666,0,5,0,0,0,53.42534909005389,0.13333333333333333,1,1,0,0,1
253,2873507,Bélgica,2026,4-3-3,tiki,Tunísia,2006,4-1-2-1-2,counter,True,11728,90.11999999999186,1,0,CONSISTENT,1,18,4,2.608830066793641,205,174,11,2,0,0,11,16,12,7,1,20,6,30,23,0,3,3,0,0,0,0,0,0,0,0,0,0.3886860000000031,0.3,0.3333333333333333,0,1,0,0,0,53.433494197201064,0.13333333333333333,1,0,0,0,0
254,2881426,Paraguai,2006,5-4-1,wings,Inglaterra,2022,4-2-4,balanced,True,11942,90.21599999999181,0,0,CONSISTENT,0,11,2,1.1294315798657122,194,155,9,13,3,0,15,41,8,22,10,12,4,12,9,2,2,5,0,0,0,0,0,0,0,0,0,0.3895513333333323,0.3,0.6,0,7,0,0,0,62.58111749301886,0.13333333333333333,0,0,0,0,0
255,2889345,Suécia,1970,4-3-1-2,wings,Uruguai,2014,3-4-3,counter,True,11952,90.2319999999918,0,1,CONSISTENT,1,20,2,2.275923710483963,195,160,11,9,2,0,16,29,12,7,3,25,11,17,13,0,1,3,0,0,0,0,0,0,0,0,0,0.4122466666666704,0.3,0.6333333333333333,0,6,0,0,0,53.47025908786523,0.13333333333333333,1,0,0,0,0
256,2897264,Inglaterra,2022,3-5-2,park,Brasil,2022,3-1-4-2,direct,True,11789,90.01599999999192,0,1,CONSISTENT,1,19,4,2.0174353819343005,208,184,4,9,3,0,10,27,11,12,5,7,4,13,8,0,3,0,0,0,0,0,0,0,0,0,0,0.3853195791779199,0.3,0.6666666666666666,0,5,0,0,7,53.441010283907886,0.13333333333333333,1,0,0,0,0
257,2905183,Suécia,1974,3-4-2-1,park,Holanda,2010,4-3-3,counter,True,12019,90.37599999999172,1,3,CONSISTENT,4,24,6,2.793151830610562,191,167,9,8,2,0,8,29,2,17,8,18,9,20,18,0,2,5,1,0,0,0,0,0,0,0,0,0.42934169583824466,0.3,0.6666666666666666,0,6,0,0,0,53.482283944126735,0.13333333333333333,3,0,0,0,1
258,2913102,Tchecoslováquia,1962,3-4-2-1,park,Suécia,2006,5-4-1,park,True,12239,90.14399999999185,1,0,CONSISTENT,1,16,3,1.6591188138184223,180,154,6,30,4,1,29,86,5,40,20,8,0,10,7,0,2,2,0,0,0,0,0,0,0,0,0,0.3833760000000019,0.3,0.6666666666666666,0,23,0,0,0,53.43283871938681,0.13333333333333333,1,0,0,0,0
259,2921021,Suécia,1978,3-5-2,direct,Brasil,2002,4-5-1,press,True,12001,90.13599999999185,1,2,CONSISTENT,3,24,7,3.291924669997184,195,166,8,8,0,0,7,22,15,8,4,18,8,22,19,0,4,5,0,0,0,0,0,0,0,0,0,0.4531926666666656,0.3,0.6,0,5,0,0,0,53.43444713887353,0.13333333333333333,3,0,0,0,0
260,2928940,Inglaterra,2022,4-1-4-1,tiki,Irã,2018,3-4-2-1,balanced,True,11780,90.03199999999191,2,1,CONSISTENT,3,17,6,2.6797023407963527,194,172,9,3,1,0,3,11,4,5,4,18,11,3,3,0,3,5,0,0,0,0,0,0,0,0,0,0.3553706666666668,0.3,0.3333333333333333,0,3,0,0,0,53.483536977897344,0.13333333333333333,3,0,0,0,0
261,2936859,Suécia,1994,4-2-2-2,wings,Polônia,1982,4-2-3-1,wings,True,11836,90.12799999999186,0,1,CONSISTENT,1,16,3,2.0118074888238464,188,161,2,13,4,1,12,41,4,14,8,11,5,22,19,0,2,2,0,0,0,0,0,0,0,0,0,0.43303956417089684,0.3,0.6333333333333333,0,6,0,0,0,53.401668610965295,0.13333333333333333,1,0,0,0,0
262,2944778,Brasil,1998,4-3-2-1,counter,Austrália,2022,5-3-2,press,True,12086,90.14399999999185,0,0,CONSISTENT,0,25,7,2.0103404913641603,190,157,7,16,2,0,7,41,17,16,12,16,4,23,18,0,7,1,0,0,0,0,0,0,0,0,0,0.41744786596434996,0.3,0.6,0,12,0,0,7,38.461505875139125,0.13333333333333333,0,0,0,0,0
263,2952697,Marrocos,1986,5-4-1,counter,União Soviética,1962,5-4-1,tiki,True,12048,90.06399999999189,1,1,CONSISTENT,2,21,4,2.7678132986639037,165,145,12,15,1,0,28,85,2,49,31,13,2,13,8,0,2,1,0,0,0,0,0,0,0,0,0,0.3792066666666686,0.3133333333333333,0.6666666666666666,0,9,0,0,0,53.448616506898055,0.19999999999999998,2,0,0,0,0
264,2960616,Áustria,1954,5-3-2,direct,Itália,1998,4-1-2-1-2,wings,True,12193,90.10399999999187,0,1,CONSISTENT,1,27,4,2.937550123955644,187,167,11,18,3,0,17,47,6,15,7,24,10,20,16,0,3,6,0,0,0,0,0,0,0,0,0,0.44312333333333326,0.3,0.6666666666666666,0,26,0,0,0,53.435371675428186,0.13333333333333333,0,0,0,0,1
265,2968535,Itália,2006,4-2-2-2,press,Tchecoslováquia,1958,4-3-3,balanced,True,11966,90.21599999999181,3,1,CONSISTENT,4,17,5,3.4259844272670907,194,156,9,8,0,0,15,37,15,11,5,27,9,26,18,1,1,3,0,0,0,0,0,0,0,0,0,0.37763333333333254,0.3,0.6666666666666666,0,5,0,0,7,53.440628734212474,0.13333333333333333,2,0,0,0,2
266,2976454,Argélia,2026,4-3-2-1,tiki,Argentina,2010,3-5-2,direct,True,11947,90.2399999999918,1,2,CONSISTENT,3,15,5,2.0323451025788097,197,164,4,11,2,0,10,40,6,19,12,14,7,7,5,2,2,1,0,0,0,0,0,0,0,0,0,0.3903508269524775,0.3,0.6666666666666666,0,8,0,0,0,53.48355879566637,0.13333333333333333,3,0,0,0,0
267,2984373,México,2026,5-3-2,wings,Suécia,1978,4-1-4-1,park,True,11704,90.00799999999192,1,1,CONSISTENT,2,13,3,1.4693603731616796,198,155,8,2,0,0,8,19,10,11,8,17,3,7,5,0,1,2,0,0,0,0,0,0,0,0,0,0.38424133333333316,0.3133333333333333,0.5666666666666667,0,2,0,0,0,53.40214361079223,0.19999999999999998,2,0,0,0,0
268,2992292,Austrália,2026,5-2-3,park,Marrocos,1970,4-1-4-1,press,True,12202,90.00799999999192,1,1,CONSISTENT,2,18,7,2.555929268081893,175,138,16,17,1,0,15,38,5,11,3,24,5,18,11,0,5,4,1,0,0,0,0,0,0,0,0,0.35651133333333235,0.3,0.6,0,11,0,0,0,60.159937863547995,0.13333333333333333,1,0,0,0,1
269,3000211,Paraguai,1950,4-3-3,direct,Colômbia,1994,5-2-3,balanced,True,11796,90.09599999999188,1,4,CONSISTENT,5,18,8,3.057110710684196,190,155,7,5,0,0,6,17,10,3,2,28,12,19,13,1,3,3,1,0,0,0,0,0,0,0,0,0.3853820000000016,0.3,0.3333333333333333,0,4,0,0,0,53.438914118988855,0.13333333333333333,3,0,1,0,1
270,3008130,Brasil,1990,4-1-2-1-2,tiki,Itália,1950,4-1-2-1-2,direct,True,11787,90.35199999999173,2,0,CONSISTENT,2,15,4,1.842947241002805,183,155,9,6,0,0,17,30,6,9,6,20,8,10,6,0,2,3,0,0,0,0,0,0,0,0,0,0.3838086666666665,0.3,0.6666666666666666,0,3,0,0,0,53.40804565309925,0.13333333333333333,2,0,0,0,0
271,3016049,União Soviética,1982,3-4-2-1,balanced,Nigéria,2002,4-3-3,balanced,True,11866,90.25599999999179,2,2,CONSISTENT,4,18,8,2.6157841893191414,197,169,7,6,1,0,10,27,8,12,6,22,12,15,9,1,4,4,0,0,0,0,0,0,0,0,0,0.4211531455627111,0.3,0.6666666666666666,0,1,0,0,0,53.477151100003105,0.13333333333333333,3,0,0,0,1
272,3023968,Inglaterra,1970,5-3-2,direct,Tunísia,2018,3-5-2,press,True,11948,90.01599999999192,0,0,CONSISTENT,0,14,2,1.552982813347036,187,147,12,7,0,0,13,26,14,8,3,22,7,23,15,2,2,5,0,0,0,0,0,0,0,0,0,0.3972999999999993,0.3,0.4666666666666666,0,6,0,0,0,55.38921486075414,0.13333333333333333,0,0,0,0,0
273,3031887,Arábia Saudita,2022,3-5-2,balanced,Alemanha,1994,4-2-3-1,balanced,True,12146,90.07199999999189,1,4,CONSISTENT,5,16,5,1.9689665556276166,175,153,12,13,4,1,15,36,4,13,5,26,11,11,8,0,0,6,3,0,0,0,0,0,0,0,0,0.4356499999999989,0.3,0.6666666666666666,0,8,0,0,0,53.42659701045806,0.13333333333333333,1,0,0,0,4
274,3039806,Croácia,2006,3-4-3,park,Paraguai,2010,4-2-3-1,counter,True,11925,90.02399999999191,1,2,CONSISTENT,3,18,8,1.687888120627695,190,165,9,6,1,0,7,33,11,19,15,20,7,23,18,1,5,3,0,0,0,0,0,0,0,0,0,0.3718906666666666,0.3,0.5666666666666667,0,5,0,0,0,53.45454757506145,0.13333333333333333,2,0,0,0,1
275,3047725,União Soviética,1986,4-1-2-1-2,tiki,Uruguai,1990,5-3-2,wings,True,11778,90.28799999999177,2,1,CONSISTENT,3,14,4,1.003929084173735,198,167,2,10,2,0,13,38,11,16,11,8,2,16,12,0,1,1,0,0,0,0,0,0,0,0,0,0.41473110541863273,0.3133333333333333,0.6666666666666666,0,5,0,0,0,53.43712296165245,0.19999999999999998,2,0,0,0,1
276,3055644,Inglaterra,1982,4-3-2-1,direct,Costa Rica,2002,4-2-2-2,wings,True,12247,90.16799999999184,3,1,CONSISTENT,4,26,10,3.0708897515473463,173,146,10,20,4,0,18,61,9,28,11,20,5,23,17,0,6,3,0,0,0,0,0,0,0,0,0,0.35938266666666635,0.3,0.6666666666666666,0,10,0,0,0,53.46778524376387,0.13333333333333333,2,0,0,0,2
277,3063563,Camarões,1990,4-2-2-2,park,Holanda,1974,3-5-2,direct,True,11895,90.26399999999178,2,0,CONSISTENT,2,14,4,1.4755479787511117,207,181,3,10,4,0,8,40,9,22,16,14,3,23,19,1,2,0,0,0,0,0,0,0,0,0,0,0.41830400000000056,0.3,0.6,0,6,0,0,7,53.451127915159056,0.13333333333333333,2,0,0,0,0
278,3071482,Peru,1978,5-2-3,park,Dinamarca,2002,4-2-4,balanced,True,12369,90.34399999999174,5,1,CONSISTENT,6,26,12,4.411640862300658,169,135,14,10,2,0,11,30,18,8,8,33,12,30,21,0,6,4,0,0,0,0,0,0,0,0,0,0.3921473333333376,0.3,0.6333333333333333,0,5,0,0,7,53.468675353420984,0.13333333333333333,3,0,0,0,3
279,3079401,Bulgária,1966,4-4-2,press,Austrália,2006,4-5-1,press,True,11681,90.00799999999192,1,1,CONSISTENT,2,12,3,1.5801716823647713,186,164,4,6,0,0,14,24,5,6,1,16,6,10,10,0,1,2,1,0,0,0,0,0,0,0,0,0.373013191256588,0.3,0.6666666666666666,0,2,0,0,0,53.42155826295116,0.13333333333333333,1,0,1,0,0
280,3087320,Japão,2026,5-3-2,press,EUA,1990,4-3-1-2,park,True,11936,90.24799999999179,1,1,CONSISTENT,2,16,4,1.7088653193706507,199,171,8,11,1,0,19,50,11,27,8,16,5,9,5,0,2,2,0,0,0,0,0,0,0,0,0,0.3772006666666666,0.3,0.6666666666666666,0,7,0,0,7,65.0817501289175,0.13333333333333333,1,0,0,0,1
281,3095239,Argentina,2002,4-1-4-1,balanced,Itália,1998,4-3-1-2,wings,True,11849,90.00799999999192,0,0,CONSISTENT,0,15,5,1.336720500597915,200,167,7,10,0,0,11,32,11,6,3,16,4,17,14,0,5,1,0,0,0,0,0,0,0,0,0,0.4151179999999972,0.3133333333333333,0.6666666666666666,0,5,0,0,0,49.019776237770984,0.19999999999999998,0,0,0,0,0
282,3103158,Japão,2018,4-1-4-1,park,França,2010,4-1-4-1,balanced,True,11808,90.03199999999191,0,0,CONSISTENT,0,11,3,1.1409747170153883,191,155,6,12,2,0,16,46,13,20,11,14,3,14,10,0,3,2,0,0,0,0,0,0,0,0,0,0.42882133333333183,0.3133333333333333,0.6,0,5,0,0,0,43.88040727851387,0.19999999999999998,0,0,0,0,0
283,3111077,Argentina,1994,5-2-3,press,Bélgica,1998,4-3-3,press,True,12022,90.0479999999919,3,0,CONSISTENT,3,14,6,1.8488471590305444,168,142,11,10,2,0,13,36,8,14,7,27,8,28,21,2,3,3,1,0,0,0,0,0,0,0,0,0.39372066666667044,0.3,0.7,0,6,0,0,0,53.4522968160204,0.13333333333333333,1,0,0,0,2
284,3118996,Peru,1978,4-3-2-1,direct,Paraguai,2006,4-4-2,wings,True,12271,90.2319999999918,2,3,CONSISTENT,5,17,10,2.0017803001317693,195,175,7,19,0,0,12,50,5,27,12,19,5,24,16,0,5,0,0,0,0,0,0,0,0,0,0,0.376768000000005,0.3,0.6666666666666666,0,16,0,0,0,53.45981042947627,0.13333333333333333,5,0,0,0,0
285,3126915,Brasil,2026,3-1-4-2,park,Uruguai,1990,4-5-1,wings,True,11675,90.01599999999192,1,1,CONSISTENT,2,11,7,1.1032156014089645,200,169,6,2,0,0,14,23,14,9,5,16,3,12,9,0,5,0,0,0,0,0,0,0,0,0,0,0.35938266666666685,0.3,0.6333333333333333,0,1,0,0,0,53.44381783417162,0.13333333333333333,1,0,0,0,1
286,3134834,Peru,2022,4-5-1,wings,Brasil,2022,3-1-4-2,balanced,True,12136,90.0399999999919,1,0,CONSISTENT,1,20,3,1.9687448234985867,193,169,14,15,3,0,16,40,7,17,5,27,10,14,11,0,2,5,0,0,0,0,0,0,0,0,0,0.4569293333333368,0.3,0.6333333333333333,0,9,0,0,0,53.4286593687506,0.13333333333333333,1,0,0,0,0
287,3142753,Bulgária,1974,4-3-1-2,counter,Alemanha,2018,5-2-3,press,True,12267,90.00799999999192,1,3,CONSISTENT,4,20,9,2.1282038220039645,189,157,11,18,3,0,14,49,8,23,8,23,5,24,15,0,5,3,0,0,0,0,0,0,0,0,0,0.3664233333333334,0.3,0.6666666666666666,0,10,0,0,0,53.464084420977514,0.13333333333333333,3,0,0,0,1
288,3150672,Dinamarca,1986,3-1-4-2,direct,Bélgica,1982,3-4-3,wings,True,11859,90.34399999999174,1,0,CONSISTENT,1,15,4,2.2434358014517777,192,152,7,8,1,0,12,31,11,13,7,15,6,22,15,2,3,2,0,0,0,0,0,0,0,0,0,0.38634751881268975,0.3,0.6,0,6,0,0,7,53.404483795458844,0.13333333333333333,1,0,0,0,0
289,3158591,Coreia do Sul,1990,5-3-2,park,Nigéria,2010,4-3-1-2,direct,True,12294,90.24799999999179,2,2,CONSISTENT,4,21,9,3.2788798793940135,195,165,13,19,3,0,16,49,12,16,6,25,7,16,15,0,5,4,1,0,0,0,0,0,0,0,0,0.36033658777886346,0.3,0.6,0,9,0,0,0,53.417985830524934,0.13333333333333333,3,1,0,0,0
290,3166510,Tchecoslováquia,1990,4-4-2,wings,Iugoslávia,1958,4-2-2-2,counter,True,11912,90.16799999999184,0,0,CONSISTENT,0,12,0,0.9385135165592117,208,174,1,16,4,0,7,42,9,23,12,9,1,24,17,0,0,0,0,0,0,0,0,0,0,0,0,0.38825333333333717,0.3133333333333333,0.6666666666666666,0,10,0,0,0,42.805742373725394,0.19999999999999998,0,0,0,0,0
291,3174429,Coreia do Sul,1986,3-4-2-1,park,Colômbia,2014,4-2-3-1,tiki,True,12147,90.0559999999919,2,4,CONSISTENT,6,29,9,4.3678291087403505,175,150,20,3,1,0,12,28,9,16,6,30,11,19,17,0,3,7,1,0,0,0,0,0,0,0,0,0.37963933333333577,0.3133333333333333,0.36666666666666664,0,2,0,0,0,53.43942232647707,0.19999999999999998,2,0,0,0,4
292,3182348,Bulgária,1994,4-1-4-1,counter,Japão,2010,4-3-2-1,park,True,11725,90.15999999999184,0,0,CONSISTENT,0,21,5,1.6747895679866918,196,175,5,6,0,0,20,49,6,29,21,6,0,12,8,0,5,0,0,0,0,0,0,0,0,0,0,0.3799574158311343,0.3,0.6666666666666666,0,4,0,0,0,40.89367290833866,0.13333333333333333,0,0,0,0,0
293,3190267,Paraguai,1998,4-5-1,tiki,Dinamarca,2022,3-5-2,balanced,True,11941,90.20799999999181,1,1,CONSISTENT,2,17,3,2.17832421481141,187,160,6,9,3,1,13,30,7,14,4,23,10,18,14,0,1,3,0,0,0,0,0,0,0,0,0,0.35981533333333604,0.3,0.6666666666666666,0,4,0,0,0,53.451517872889575,0.13333333333333333,1,0,0,0,1
294,3198186,Bulgária,1994,4-3-2-1,press,Argélia,2010,4-3-3,balanced,True,11854,90.00799999999192,4,0,CONSISTENT,4,20,8,2.8830737449531405,197,166,5,9,2,0,11,40,10,19,17,13,7,21,17,0,4,3,0,0,0,0,0,0,0,0,0,0.42188333333333716,0.3,0.6666666666666666,0,3,0,0,0,53.42411004338739,0.13333333333333333,3,0,0,0,1
295,3206105,Portugal,2014,3-5-2,press,Uruguai,2022,3-4-2-1,park,True,11740,90.07999999999188,1,0,CONSISTENT,1,14,3,1.007679353617174,202,164,5,11,5,0,7,29,16,9,7,12,2,12,8,0,2,5,0,0,0,0,0,0,0,0,0,0.3835136526221718,0.3,0.6,0,4,0,0,0,53.40088666072427,0.13333333333333333,1,0,0,0,0
296,3214024,Argentina,2018,3-1-4-2,park,Rússia,2018,4-5-1,wings,True,11821,90.2399999999918,2,1,CONSISTENT,3,12,6,1.6079595660970374,200,173,7,7,2,0,12,34,9,18,9,19,6,9,8,0,3,3,1,0,0,0,0,0,0,0,0,0.3569439999999963,0.3,0.3333333333333333,0,4,0,0,0,53.42170674180936,0.13333333333333333,2,0,0,0,1
297,3221943,Japão,2006,3-5-2,tiki,França,1986,3-4-2-1,balanced,True,11686,90.06399999999189,0,0,CONSISTENT,0,14,5,1.4387179257105664,199,173,5,5,1,0,13,29,5,11,7,11,6,7,4,0,5,3,0,0,0,0,0,0,0,0,0,0.3848313333333368,0.3,0.6666666666666666,0,2,0,0,0,43.493481504519416,0.13333333333333333,0,0,0,0,0
298,3229862,Argentina,2026,5-4-1,press,Bélgica,1982,4-5-1,wings,True,11770,90.01599999999192,1,1,CONSISTENT,2,10,3,1.595380658457745,194,168,2,9,1,0,5,25,2,14,9,9,0,14,11,1,1,1,0,0,0,0,0,0,0,0,0,0.4256200000000009,0.3,0.7,0,4,0,0,0,53.418305401964524,0.13333333333333333,1,0,0,0,1
299,3237781,Portugal,2018,3-5-2,tiki,Paraguai,1986,5-4-1,press,True,11808,90.37599999999172,2,1,CONSISTENT,3,17,4,2.8298062793714367,187,160,6,5,3,0,10,23,4,10,6,13,4,11,9,0,1,1,0,0,0,0,0,0,0,0,0,0.3545053333333341,0.3,0.6666666666666666,0,3,0,0,0,53.42938743439965,0.13333333333333333,1,0,0,0,2
300,3245700,Bulgária,1998,5-2-3,tiki,Tunísia,2022,5-4-1,park,True,11883,90.21599999999181,1,3,CONSISTENT,4,18,7,2.2357726088456875,191,168,7,7,2,0,6,16,6,10,2,12,6,14,11,0,3,4,0,0,0,0,0,0,0,0,0,0.3659906666666701,0.3,0.6666666666666666,0,3,0,0,14,53.41531279274395,0.13333333333333333,3,0,0,0,1
301,3253619,Paraguai,2022,4-2-4,press,Camarões,1990,4-2-3-1,balanced,True,11784,90.37599999999172,1,1,CONSISTENT,2,9,4,1.4267441561961507,189,165,4,8,2,0,8,23,7,10,4,12,4,12,9,0,2,4,0,0,0,0,0,0,0,0,0,0.3948613333333358,0.3,0.6666666666666666,0,2,0,0,0,53.431553175464586,0.13333333333333333,2,0,0,0,0
302,3261538,Camarões,1994,4-2-3-1,counter,Alemanha,1966,3-5-2,balanced,True,11812,90.0479999999919,1,1,CONSISTENT,2,17,7,1.731388261291383,205,178,4,8,2,0,13,35,3,16,7,11,6,20,15,2,5,1,0,0,0,0,0,0,0,0,0,0.397905735718319,0.3,0.6,0,4,0,0,0,53.45528347041914,0.13333333333333333,2,0,0,0,0
303,3269457,Romênia,1934,4-1-4-1,counter,Marrocos,2018,3-4-3,park,True,12181,90.03199999999191,1,1,CONSISTENT,2,21,6,2.4578125983228745,183,144,13,14,1,0,11,39,16,16,8,30,12,28,19,1,4,7,0,0,0,0,0,0,0,0,0,0.38711266666666316,0.3,0.6333333333333333,0,7,0,0,0,53.458462660335584,0.16666666666666666,2,0,0,0,0
304,3277376,Inglaterra,1962,3-4-3,tiki,Espanha,1950,4-3-1-2,direct,True,12065,90.21599999999181,1,3,CONSISTENT,4,19,7,3.7917547284279265,183,158,10,11,1,0,25,50,8,25,6,25,7,17,11,0,3,2,0,0,0,0,0,0,0,0,0,0.3993269649517894,0.3133333333333333,0.6666666666666666,0,8,0,0,7,53.43235764314975,0.19999999999999998,2,0,0,0,2
305,3285295,Senegal,2026,4-2-2-2,direct,Irã,1978,4-2-2-2,wings,True,12127,90.21599999999181,0,3,CONSISTENT,3,19,6,2.530030215806711,169,137,8,14,4,0,21,56,5,26,11,26,10,26,20,0,3,4,0,0,0,0,0,0,0,0,0,0.4033646997851922,0.3,0.6666666666666666,0,9,0,0,0,53.4755821194918,0.13333333333333333,3,0,0,0,0
306,3293214,Inglaterra,1950,4-4-2,counter,Romênia,1994,3-4-2-1,press,True,11563,90.19999999999182,0,1,CONSISTENT,1,9,3,0.8113453665849695,205,179,1,4,0,0,6,30,6,16,11,9,1,14,9,0,2,1,0,0,0,0,0,0,0,0,0,0.356511333333329,0.3133333333333333,0.6666666666666666,0,1,0,0,0,53.43985985879373,0.19999999999999998,0,0,0,0,1
307,3301133,Chile,1950,4-3-1-2,direct,Austrália,1974,4-2-3-1,park,True,12004,90.00799999999192,2,3,CONSISTENT,5,18,7,2.7891489467005655,202,171,5,14,1,0,11,40,13,24,10,13,5,21,18,1,2,3,0,0,0,0,0,0,0,0,0,0.3783345756997325,0.3,0.49999999999999994,0,11,0,0,0,53.44725925834264,0.13333333333333333,5,0,0,0,0
308,3309052,Arábia Saudita,2002,3-1-4-2,direct,Suécia,1974,5-4-1,direct,True,11959,90.19999999999182,2,1,CONSISTENT,3,16,4,2.6299113626150175,189,164,4,15,1,0,13,43,10,22,8,12,2,14,9,0,1,2,1,0,0,0,0,0,0,0,0,0.3512013333333356,0.3,0.6333333333333333,0,10,0,0,0,53.43189599168017,0.13333333333333333,1,1,0,0,1
309,3316971,Brasil,2010,4-2-2-2,wings,Japão,2018,4-3-2-1,press,True,12015,90.15199999999184,1,1,CONSISTENT,2,20,6,2.3929455044594237,198,170,11,11,0,0,15,39,7,17,7,17,6,31,25,0,4,4,0,0,0,0,0,0,0,0,0,0.4142776145108175,0.3,0.6666666666666666,0,3,0,0,0,53.41772750145118,0.13333333333333333,2,0,0,0,0
310,3324890,Arábia Saudita,2002,4-4-2,press,Hungria,1982,5-2-3,tiki,True,11723,90.43999999999168,3,0,CONSISTENT,3,13,4,1.3894238280524065,199,163,5,3,1,0,4,11,6,1,1,12,4,14,12,0,1,3,0,0,0,0,0,0,0,0,0,0.3534845618700622,0.3,0.39999999999999997,0,1,0,0,0,53.42156347755841,0.13333333333333333,3,0,0,0,0
311,3332809,Chile,2010,5-2-3,park,Camarões,2010,4-1-2-1-2,press,True,12075,90.11199999999187,1,3,CONSISTENT,4,20,6,1.7574297670127748,195,172,11,11,2,0,21,43,8,18,3,18,8,27,24,0,2,6,1,0,0,0,0,0,0,0,0,0.39442866666666726,0.3,0.6666666666666666,0,6,0,0,0,53.42292734393545,0.13333333333333333,3,0,0,0,1
312,3340728,Arábia Saudita,2018,5-4-1,park,Uruguai,1966,3-1-4-2,park,True,11945,90.0479999999919,0,2,CONSISTENT,2,17,5,1.7492034852637268,193,162,3,18,2,1,14,66,7,34,20,9,4,14,10,0,3,1,0,0,0,0,0,0,0,0,0,0.376768000000001,0.3,0.6666666666666666,0,12,0,0,0,53.42201270528609,0.13333333333333333,2,0,0,0,0
313,3348647,Argentina,1994,4-2-4,wings,Nigéria,1994,4-1-2-1-2,direct,True,12088,90.24799999999179,2,2,CONSISTENT,4,22,6,2.7594753758542065,200,165,6,14,4,1,12,38,14,12,7,21,10,24,18,0,2,1,0,0,0,0,0,0,0,0,0,0.393720666666666,0.3,0.6666666666666666,0,11,0,0,0,53.46284115271885,0.13333333333333333,4,0,0,0,0
314,3356566,Arábia Saudita,2006,4-4-2,tiki,Brasil,1986,4-2-4,direct,True,11723,90.08799999999188,1,1,CONSISTENT,2,13,5,2.3046716121921667,174,153,9,4,0,0,7,14,5,4,1,14,3,7,5,0,3,1,0,0,0,0,0,0,0,0,0,0.3835333333333354,0.3,0.5666666666666667,0,2,0,0,0,53.42133587250456,0.13333333333333333,1,0,0,0,1
315,3364485,Chile,2014,5-2-3,wings,Alemanha,1990,3-4-3,balanced,True,12043,90.00799999999192,3,1,CONSISTENT,4,25,6,4.019443556047509,171,144,11,10,1,0,17,45,4,21,12,22,11,25,15,0,2,5,1,0,0,0,0,0,0,0,0,0.4402519999999989,0.3,0.6666666666666666,0,2,0,0,0,53.428495583928,0.13333333333333333,2,1,0,0,1
316,3372404,Arábia Saudita,1994,3-4-3,park,Arábia Saudita,1998,3-1-4-2,direct,True,12168,90.2239999999918,3,2,CONSISTENT,5,20,10,3.1405323947000636,188,150,14,10,0,0,12,34,14,16,7,27,7,18,13,0,5,2,0,0,0,0,0,0,0,0,0,0.42625832982158934,0.3,0.6666666666666666,0,7,0,0,0,53.47825521320016,0.13333333333333333,3,0,0,0,2
317,3380323,Brasil,2002,3-5-2,park,Tunísia,1998,5-3-2,press,True,11826,90.08799999999188,2,1,CONSISTENT,3,20,7,1.566640732665608,202,170,3,8,3,0,4,14,14,3,0,6,1,21,13,0,4,0,0,0,0,0,0,0,0,0,0,0.4454527012723134,0.3,0.5666666666666667,0,6,0,0,7,53.426095074213634,0.13333333333333333,2,0,0,0,1
318,3388242,Arábia Saudita,1994,4-3-1-2,tiki,Bélgica,1986,4-5-1,tiki,True,11645,90.32799999999175,0,2,CONSISTENT,2,13,5,2.640271037738665,201,182,3,3,1,0,8,19,0,7,1,13,7,8,6,0,3,1,0,0,0,0,0,0,0,0,0,0.3568601575218831,0.3,0.6666666666666666,0,1,0,0,0,53.44621142946118,0.13333333333333333,2,0,0,0,0
319,3396161,Chile,1998,4-5-1,wings,Inglaterra,1990,5-2-3,press,True,11782,90.06399999999189,1,3,CONSISTENT,4,15,6,2.3627029410589513,196,167,3,3,1,0,7,15,4,6,4,14,4,23,15,0,2,1,0,0,0,0,0,0,0,0,0,0.4032000000000011,0.3,0.6,0,1,0,0,0,53.43633066942654,0.13333333333333333,4,0,0,0,0
320,3404080,Rússia,2018,4-5-1,wings,México,1998,5-2-3,park,True,12087,90.16799999999184,2,1,CONSISTENT,3,20,6,3.0389928186804314,177,151,9,12,1,0,19,53,4,24,11,25,13,12,9,0,3,4,0,0,0,0,0,0,0,0,0,0.35895000000000027,0.30666666666666664,0.3333333333333333,0,12,0,0,0,53.441906724122035,0.16666666666666666,3,0,0,0,0
321,3411999,Escócia,1986,4-3-1-2,tiki,Espanha,2014,4-2-3-1,park,True,11821,90.15999999999184,0,2,CONSISTENT,2,19,6,2.2161506747761752,211,180,4,9,1,0,11,29,5,12,8,11,8,18,14,0,4,4,0,0,0,0,0,0,0,0,0,0.3672886666666737,0.3,0.6666666666666666,0,5,0,0,0,53.41606957694567,0.13333333333333333,2,0,0,0,0
322,3419918,Costa Rica,2022,5-2-3,direct,Alemanha,1974,5-3-2,tiki,True,11749,90.11199999999187,1,2,CONSISTENT,3,14,5,1.87215468548328,203,178,8,4,0,0,10,15,4,4,1,21,9,10,6,0,2,4,0,0,0,0,0,0,0,0,0,0.37720066666666346,0.3,0.39999999999999997,0,2,0,0,0,53.45570797674396,0.13333333333333333,3,0,0,0,0
323,3427837,Romênia,1994,4-2-3-1,press,Arábia Saudita,2018,5-4-1,direct,True,12076,90.26399999999178,2,1,CONSISTENT,3,20,5,1.895389062744644,176,152,6,14,3,0,9,39,5,19,6,16,8,24,22,0,2,5,1,0,0,0,0,0,0,0,0,0.37189066666667175,0.3,0.6666666666666666,0,7,0,0,0,53.426053707427315,0.13333333333333333,2,0,0,0,1
324,3435756,Colômbia,1998,4-2-4,counter,Uruguai,2014,4-1-2-1-2,balanced,True,11805,90.00799999999192,1,0,CONSISTENT,1,13,1,1.9138813123974532,192,164,2,8,0,0,10,27,9,9,6,17,6,25,20,1,0,0,0,0,0,0,0,0,0,0,0,0.40060400000000007,0.3,0.6,0,6,0,0,0,53.428888998545915,0.13333333333333333,1,0,0,0,0
325,3443675,Romênia,1994,5-4-1,direct,Áustria,1978,3-4-2-1,tiki,True,11995,90.00799999999192,3,3,CONSISTENT,6,20,10,2.2960796403870916,197,173,5,10,2,0,12,37,6,23,9,14,6,19,17,0,4,4,0,0,0,0,0,0,0,0,0,0.3718906666666684,0.3,0.6,0,4,0,0,0,53.43558141233434,0.13333333333333333,5,0,0,0,1
326,3451594,Colômbia,1998,4-2-3-1,park,França,1958,4-5-1,wings,True,12012,90.00799999999192,1,2,CONSISTENT,3,25,6,2.7332689218722934,192,158,10,12,3,0,17,52,10,23,11,17,4,18,13,0,3,4,0,0,0,0,0,0,0,0,0,0.42502999999999985,0.3133333333333333,0.6,0,7,0,0,0,53.440563422099764,0.19999999999999998,2,0,0,0,1
327,3459513,Romênia,1998,4-3-3,tiki,México,2002,3-1-4-2,park,True,11854,90.11199999999187,5,1,CONSISTENT,6,18,8,2.5976690790219896,201,168,5,7,1,0,10,35,6,21,11,18,8,13,11,0,2,2,0,0,0,0,0,0,0,0,0,0.3789313333333302,0.3,0.6,0,3,0,0,0,53.46400980711393,0.13333333333333333,6,0,0,0,0
328,3467432,Colômbia,2014,4-1-2-1-2,press,Escócia,1974,4-2-4,press,True,12117,90.2319999999918,3,4,CONSISTENT,7,26,10,3.4272494285560455,197,170,8,13,4,0,12,38,12,8,3,21,8,21,16,0,3,3,0,0,0,0,0,0,0,0,0,0.4358073333333338,0.3,0.6666666666666666,0,4,0,0,0,53.42316008923729,0.13333333333333333,4,0,0,0,3
329,3475351,Romênia,1990,5-4-1,balanced,Croácia,2018,5-2-3,direct,True,12263,90.3999999999917,0,4,CONSISTENT,4,19,7,2.8132922515488046,169,153,10,19,4,0,22,61,4,30,9,23,7,25,23,0,3,3,1,0,0,0,0,0,0,0,0,0.43336866666666657,0.3,0.9999999999999999,0,10,0,0,0,53.463385430601555,0.13333333333333333,1,0,0,0,3
330,3483270,Colômbia,1998,4-2-3-1,wings,Austrália,2010,4-1-2-1-2,counter,True,11973,90.08799999999188,2,0,CONSISTENT,2,18,7,1.807315775939458,191,158,7,12,1,0,21,53,8,22,8,22,9,18,11,0,5,4,1,0,0,0,0,0,0,0,0,0.3644173333333346,0.3,0.6666666666666666,0,6,0,0,0,53.44440585315392,0.13333333333333333,1,0,0,0,1
331,3491189,Rússia,2014,4-1-4-1,tiki,Suécia,1970,4-1-2-1-2,direct,True,12062,90.32799999999175,0,1,CONSISTENT,1,22,2,3.091732086698043,185,155,7,17,4,1,15,62,9,38,21,17,8,22,17,0,1,2,0,0,0,0,0,0,0,0,0,0.365557999999998,0.3133333333333333,0.6,0,9,0,0,0,53.40001182775061,0.19999999999999998,1,0,0,0,0
332,3499108,Colômbia,2026,4-5-1,counter,México,2022,5-4-1,balanced,True,11838,90.01599999999192,0,3,CONSISTENT,3,18,4,2.5470782891374033,184,153,9,9,2,0,24,64,13,32,24,15,5,15,10,0,1,2,0,0,0,0,0,0,0,0,0,0.3701533790216672,0.3,0.6333333333333333,0,6,0,0,0,53.42811891979472,0.13333333333333333,0,0,0,0,3
333,3507027,Rússia,2014,3-4-3,park,Irã,1978,3-4-3,tiki,True,11839,90.31199999999176,0,1,CONSISTENT,1,14,2,1.4772952047444248,190,166,6,9,2,0,12,28,9,7,3,21,6,17,17,0,1,3,0,0,0,0,0,0,0,0,0,0.36225399999999963,0.3,0.5333333333333333,0,8,0,0,0,53.422154021100724,0.13333333333333333,1,0,0,0,0
334,3514946,Costa Rica,1990,4-1-4-1,wings,Colômbia,2022,3-4-3,wings,True,11768,90.49599999999165,1,1,CONSISTENT,2,10,2,1.72900361132401,195,170,8,5,0,0,4,14,4,3,1,16,6,7,5,0,0,2,1,0,0,0,0,0,0,0,0,0.3805046666666681,0.3,0.6,0,3,0,0,0,53.41673550890242,0.13333333333333333,1,0,0,0,1
335,3522865,Rússia,1994,5-3-2,direct,Tunísia,2022,4-2-4,park,True,11917,90.18399999999183,2,0,CONSISTENT,2,23,5,2.7378171969094596,184,145,7,9,3,0,16,44,16,18,9,20,12,22,14,1,3,3,0,0,0,0,0,0,0,0,0,0.3556460000000011,0.3,0.6666666666666666,0,5,0,0,0,53.400361360711116,0.13333333333333333,2,0,0,0,0
336,3530784,Colômbia,2018,5-2-3,tiki,Nigéria,2002,3-1-4-2,press,True,11973,90.11199999999187,4,1,CONSISTENT,5,19,7,3.840330977501886,185,157,10,6,0,0,13,27,12,11,8,20,7,10,8,0,2,3,1,0,0,0,0,0,0,0,0,0.41425266666666605,0.3,0.6666666666666666,0,2,0,0,0,54.65300909211175,0.13333333333333333,3,0,1,0,1
337,3538703,Tchecoslováquia,1934,3-4-2-1,tiki,Suíça,2006,5-4-1,counter,True,11686,90.07999999999188,0,0,CONSISTENT,0,14,0,1.5726415409653052,194,168,5,7,2,0,11,36,5,23,13,11,3,13,7,0,0,0,0,0,0,0,0,0,0,0,0,0.36469266666666805,0.3,0.3333333333333333,0,7,0,0,0,39.32811739631384,0.13333333333333333,0,0,0,0,0
338,3546622,Portugal,2006,4-4-2,press,Costa Rica,2014,4-2-4,wings,True,11994,90.00799999999192,3,2,CONSISTENT,5,23,8,3.3777627857444665,198,167,15,7,2,0,9,25,10,6,4,30,10,16,8,0,3,2,0,0,0,0,0,0,0,0,0,0.3867355015538821,0.3,0.6666666666666666,0,1,0,0,0,53.835228815773476,0.13333333333333333,4,0,0,0,1
339,3554541,Chile,1966,5-4-1,park,Irã,2026,4-5-1,tiki,True,11594,90.44799999999168,1,0,CONSISTENT,1,6,1,0.840515639610663,204,182,5,3,2,0,5,15,1,10,4,8,1,3,1,0,0,1,0,0,0,0,0,0,0,0,0,0.3207898436455722,0.3,0.3333333333333333,0,2,0,0,0,53.43975284740673,0.13333333333333333,1,0,0,0,0
340,3562460,Nigéria,2018,3-4-2-1,tiki,Japão,2006,4-3-1-2,wings,True,11803,90.15199999999184,1,2,CONSISTENT,3,19,5,2.7120972935627865,196,163,5,8,1,0,16,40,6,15,11,12,2,11,8,0,2,2,1,0,0,0,0,0,0,0,0,0.3713006666666667,0.3133333333333333,0.6666666666666666,0,4,0,0,0,53.457643761397534,0.19999999999999998,2,1,0,0,0
341,3570379,Brasil,1986,4-2-3-1,press,Espanha,1950,5-4-1,wings,True,11869,90.24799999999179,0,0,CONSISTENT,0,17,3,1.5704739662919767,181,156,9,11,2,0,9,34,4,13,9,15,5,19,15,0,3,4,0,0,0,0,0,0,0,0,0,0.36225614178557686,0.3133333333333333,0.6333333333333333,0,3,0,0,0,47.2268364363901,0.19999999999999998,0,0,0,0,0
342,3578298,Portugal,2010,3-5-2,counter,Austrália,2006,4-1-2-1-2,tiki,True,11935,90.19999999999182,1,3,CONSISTENT,4,20,7,2.8536039086653666,189,160,11,6,0,0,12,36,10,18,10,23,9,16,12,1,3,1,0,0,0,0,0,0,0,0,0,0.382510666666664,0.3,0.6,0,4,0,0,0,53.48412869625874,0.13333333333333333,4,0,0,0,0
343,3586217,Chile,1966,3-1-4-2,direct,Dinamarca,2010,3-4-2-1,direct,True,11764,90.31999999999175,2,0,CONSISTENT,2,10,2,1.734985467825466,193,156,2,10,2,0,9,44,6,26,16,8,3,11,7,0,0,1,0,0,0,0,0,0,0,0,0,0.36473364392712093,0.3,0.6666666666666666,0,7,0,0,0,53.4274764581753,0.13333333333333333,2,0,0,0,0
344,3594136,Itália,1998,3-5-2,counter,EUA,1990,3-4-3,wings,True,11744,90.06399999999189,1,2,CONSISTENT,3,16,5,1.6251003684679155,195,162,2,5,1,0,7,18,10,7,1,10,5,14,12,0,2,0,0,0,0,0,0,0,0,0,0,0.38738799999999934,0.3133333333333333,0.6,0,3,0,0,0,53.405138791136636,0.19999999999999998,3,0,0,0,0
345,3602055,Argélia,2014,4-3-3,balanced,Itália,2006,4-2-2-2,balanced,True,12004,90.0559999999919,1,1,CONSISTENT,2,19,5,1.8422797914049833,191,165,9,11,4,0,8,30,11,14,9,23,9,20,15,2,3,3,0,0,0,0,0,0,0,0,0,0.47946666666667004,0.3,0.6666666666666666,0,7,0,0,0,53.41870518144067,0.13333333333333333,2,0,0,0,0
346,3609974,Portugal,2002,4-1-4-1,counter,França,2002,3-1-4-2,wings,True,12133,90.14399999999185,0,1,CONSISTENT,1,21,3,2.3519270064514286,176,155,13,15,4,0,28,59,4,25,10,22,7,18,12,2,2,4,0,0,0,0,0,0,0,0,0,0.3796393333333334,0.3,0.6666666666666666,0,8,0,0,0,63.06263573090754,0.13333333333333333,1,0,0,0,0
347,3617893,Chile,1950,4-2-2-2,wings,Bélgica,1990,5-2-3,tiki,True,11930,90.15999999999184,3,3,CONSISTENT,6,20,8,3.2592546637809274,185,146,7,6,0,0,10,25,14,9,6,22,13,14,11,0,2,4,0,0,0,0,0,0,0,0,0,0.36929466666666166,0.3133333333333333,0.6666666666666666,0,4,0,0,0,53.478975837289504,0.19999999999999998,6,0,0,0,0
348,3625812,Nigéria,2014,3-1-4-2,press,Suíça,1994,4-1-4-1,wings,True,11646,90.00799999999192,0,0,CONSISTENT,0,7,0,0.804715183603381,206,167,4,6,0,0,13,27,10,12,4,12,4,14,10,0,0,2,0,0,0,0,0,0,0,0,0,0.3646926666666698,0.3,0.6666666666666666,0,2,0,0,0,40.865080397335944,0.13333333333333333,0,0,0,0,0
349,3633731,Brasil,1982,4-3-2-1,tiki,Portugal,1966,4-1-2-1-2,wings,True,12175,90.00799999999192,4,3,CONSISTENT,7,23,10,2.5829115891722383,192,161,7,15,3,0,17,51,12,21,15,19,11,9,7,0,3,5,0,0,0,0,0,0,0,0,0,0.4478826666666689,0.3,0.8333333333333333,0,12,0,0,7,53.45903217472166,0.13333333333333333,6,0,0,0,1
350,3641650,Polônia,2006,4-2-2-2,counter,Alemanha,2022,5-4-1,tiki,True,11773,90.03199999999191,2,1,CONSISTENT,3,16,5,1.2551803882131698,214,178,3,5,2,0,7,29,7,21,14,6,1,11,4,0,2,0,0,0,0,0,0,0,0,0,0,0.42118400000000084,0.3,0.6666666666666666,0,2,0,0,0,53.40568597603749,0.13333333333333333,3,0,0,0,0
351,3649569,Camarões,2002,3-4-3,park,Brasil,2026,3-4-3,direct,True,11754,90.30399999999176,0,0,CONSISTENT,0,20,3,3.202891850424051,190,159,8,5,2,0,7,18,8,5,3,19,4,17,15,0,3,2,0,0,0,0,0,0,0,0,0,0.365125333333335,0.3,0.6333333333333333,0,3,0,0,0,42.54342793403083,0.13333333333333333,0,0,0,0,0
352,3657488,Escócia,1978,4-2-3-1,balanced,Áustria,1990,3-1-4-2,tiki,True,11667,90.12799999999186,1,0,CONSISTENT,1,11,6,1.267734834775225,198,170,6,3,1,0,1,6,6,2,1,13,4,8,6,0,5,1,0,0,0,0,0,0,0,0,0,0.394428666666669,0.3,0.6,0,2,0,0,0,53.43706708872454,0.13333333333333333,0,0,0,0,1
353,3665407,Dinamarca,2022,4-2-2-2,tiki,Arábia Saudita,2002,5-4-1,park,True,11845,90.00799999999192,0,1,CONSISTENT,1,12,2,1.2290139531954305,177,151,6,11,2,0,22,94,4,72,39,10,3,13,10,1,1,3,0,0,0,0,0,0,0,0,0,0.3560786666666709,0.3,0.6,0,9,0,0,0,53.40970368492714,0.13333333333333333,0,0,0,0,1
354,3673326,Chile,1998,4-3-1-2,wings,Camarões,2010,4-3-1-2,counter,True,11892,90.29599999999176,1,1,CONSISTENT,2,19,4,2.466766017082419,201,170,4,10,2,0,13,35,12,17,9,11,5,26,23,1,2,0,0,0,0,0,0,0,0,0,0,0.4132656900004296,0.3,0.6666666666666666,0,7,0,0,7,53.40898018857748,0.13333333333333333,1,0,0,0,1
355,3681245,Polônia,1978,4-4-2,direct,Escócia,1982,4-1-2-1-2,tiki,True,11902,90.3999999999917,2,0,CONSISTENT,2,16,3,2.1069175169938688,194,158,7,8,0,0,13,34,11,11,5,22,6,15,10,0,1,1,0,0,0,0,0,0,0,0,0,0.3928553333333338,0.3,0.6,0,5,0,0,0,53.44188467116551,0.13333333333333333,1,0,0,0,1
356,3689164,Brasil,2002,3-1-4-2,park,Japão,2026,5-4-1,press,True,12157,90.00799999999192,0,2,CONSISTENT,2,23,6,2.178390722184563,196,164,14,10,1,0,7,27,9,9,5,18,5,14,11,2,4,2,0,0,0,0,0,0,0,0,0,0.45390066666667,0.3,0.6,0,5,0,0,7,53.42759950614545,0.13333333333333333,0,0,0,0,2
357,3697083,Polônia,1978,3-4-3,balanced,Inglaterra,1954,4-3-2-1,press,True,11817,90.00799999999192,3,0,CONSISTENT,3,18,9,2.358159366045947,190,165,3,9,1,0,4,20,7,8,3,12,5,20,14,2,6,2,0,0,0,0,0,0,0,0,0,0.3928553333333358,0.3133333333333333,0.6666666666666666,0,1,0,0,0,53.413682687607995,0.19999999999999998,1,0,0,0,2
358,3705002,Chile,1982,4-3-2-1,park,Argélia,1982,4-3-2-1,park,True,12092,90.00799999999192,0,1,CONSISTENT,1,15,4,2.09227195973507,202,170,8,21,5,0,12,67,9,37,21,15,3,16,12,0,3,1,0,0,0,0,0,0,0,0,0,0.36268666666666427,0.3,0.6,0,15,0,0,0,53.430905612585434,0.13333333333333333,1,0,0,0,0
359,3712921,México,1998,4-5-1,wings,Portugal,2022,5-3-2,tiki,True,11596,90.07199999999189,1,0,CONSISTENT,1,11,4,0.9366020640500123,201,182,3,3,0,0,8,19,3,10,4,10,4,20,18,0,3,3,0,0,0,0,0,0,0,0,0,0.37936399999999976,0.3,0.5666666666666667,0,2,0,0,0,53.46038241641223,0.13333333333333333,1,0,0,0,0
360,3720840,Argentina,1982,4-1-4-1,park,EUA,2002,4-4-2,press,True,12136,90.2319999999918,1,2,CONSISTENT,3,21,7,2.2788588162860544,194,168,11,12,3,1,5,29,12,14,9,17,7,17,14,1,4,6,0,0,0,0,0,0,0,0,0,0.40146933333333235,0.3133333333333333,0.5666666666666667,0,7,0,0,0,59.650366684192896,0.19999999999999998,1,0,0,0,2
361,3728759,México,2002,4-2-4,counter,Bélgica,2022,5-3-2,tiki,True,11541,90.36799999999172,0,0,CONSISTENT,0,11,2,1.3628048249498754,208,174,5,0,0,0,2,6,6,2,2,8,2,7,6,0,2,1,0,0,0,0,0,0,0,0,0,0.36886200000000025,0.3,0.3333333333333333,0,0,0,0,0,39.02674757964487,0.13333333333333333,0,0,0,0,0
362,3736678,Chile,2010,4-4-2,park,Inglaterra,1998,4-1-4-1,counter,True,11992,90.06399999999189,2,2,CONSISTENT,4,22,7,2.133742957171857,192,168,4,12,2,0,10,50,8,29,23,9,3,16,13,0,3,1,0,0,0,0,0,0,0,0,0,0.3961593333333334,0.3,0.6,0,10,0,0,0,53.44712399904612,0.13333333333333333,4,0,0,0,0
363,3744597,Polônia,1982,4-1-4-1,park,Paraguai,2006,5-4-1,tiki,True,11873,90.07199999999189,3,0,CONSISTENT,3,18,3,2.756021166340118,185,158,8,6,1,0,12,36,4,19,13,17,7,15,10,1,0,3,0,0,0,0,0,0,0,0,0,0.3714579999999991,0.3,0.5666666666666667,0,5,0,0,0,53.44207403161819,0.13333333333333333,1,0,0,0,2
364,3752516,Brasil,2010,3-4-3,wings,Tunísia,2018,3-1-4-2,direct,True,12125,90.27199999999178,4,3,CONSISTENT,7,27,14,4.04504334051637,175,152,11,6,2,0,8,23,11,10,8,25,17,11,9,0,7,8,1,0,0,0,0,0,0,0,0,0.4250299999999982,0.3,0.6666666666666666,0,17,0,0,0,53.41744728332153,0.13333333333333333,5,0,0,0,2
365,3760435,Polônia,2006,4-2-4,balanced,Bulgária,1998,5-3-2,press,True,11621,90.00799999999192,2,1,CONSISTENT,3,11,3,1.136023127934295,205,174,4,2,0,0,2,11,7,7,4,8,0,4,4,0,0,0,0,0,0,0,0,0,0,0,0,0.36599066666666785,0.3,0.6,0,1,0,0,0,53.45844544856532,0.13333333333333333,1,0,0,0,2
366,3768354,Colômbia,1994,5-3-2,direct,Alemanha,1958,5-3-2,park,True,12183,90.01599999999192,2,0,CONSISTENT,2,18,2,1.2635005977388891,195,168,6,25,7,1,8,67,3,38,23,14,3,12,8,0,0,3,1,0,0,0,0,0,0,0,0,0.38538199999999995,0.3,0.6666666666666666,0,18,0,0,0,53.410027360300376,0.13333333333333333,1,0,1,0,0
367,3776273,Tchecoslováquia,1990,4-2-3-1,balanced,Inglaterra,2026,5-2-3,park,True,12266,90.20799999999181,1,3,CONSISTENT,4,20,5,2.6228993010158392,190,159,19,7,1,0,13,36,5,17,8,33,12,29,21,5,1,5,1,0,0,0,0,0,0,0,0,0.510594302758231,0.3,0.6666666666666666,0,4,0,0,0,53.44688291396937,0.13333333333333333,1,0,0,0,3
368,3784192,Coreia do Sul,1990,3-1-4-2,direct,Bélgica,2022,4-1-2-1-2,press,True,12162,90.19199999999182,1,1,CONSISTENT,2,21,5,2.481031856087626,184,156,8,18,2,0,15,42,10,15,3,23,7,25,18,0,3,3,0,0,0,0,0,0,0,0,0,0.3639846666666661,0.3,0.6666666666666666,0,11,0,0,0,53.40472632258123,0.13333333333333333,1,0,0,0,1
369,3792111,Inglaterra,1962,5-3-2,counter,Portugal,1986,4-2-4,direct,True,11796,90.02399999999191,1,0,CONSISTENT,1,14,5,1.6197869563951774,186,149,4,12,3,0,7,24,15,10,2,20,7,29,20,0,4,1,0,0,0,0,0,0,0,0,0,0.3569439999999963,0.3,0.6333333333333333,0,6,0,0,0,53.434763255075836,0.13333333333333333,1,0,0,0,0
370,3800030,Espanha,1998,4-2-3-1,balanced,Dinamarca,2022,4-4-2,tiki,True,12059,90.0559999999919,1,2,CONSISTENT,3,19,9,2.422405932512492,197,171,8,10,3,0,11,35,2,16,13,15,9,7,7,2,6,3,0,0,0,0,0,0,0,0,0,0.39041666666665975,0.3,0.6,0,8,0,0,0,53.42705678384108,0.13333333333333333,2,0,0,0,1
371,3807949,Camarões,1994,4-1-2-1-2,tiki,Argélia,1982,3-4-3,wings,True,12029,90.27199999999178,1,2,CONSISTENT,3,21,7,3.319509523209578,187,162,14,9,1,0,11,24,9,6,3,24,9,8,8,0,4,5,0,0,0,0,0,0,0,0,0,0.3602480000000071,0.3,0.6666666666666666,0,4,0,0,0,53.42416601456195,0.13333333333333333,3,0,0,0,0
372,3815868,Paraguai,2010,4-1-2-1-2,counter,Suécia,1978,3-4-3,tiki,True,11861,90.15199999999184,1,1,CONSISTENT,2,14,4,1.6524562460450338,184,147,8,9,2,1,11,31,15,11,5,19,4,20,15,0,2,3,0,0,0,0,0,0,0,0,0,0.4403413333333341,0.3,0.6666666666666666,0,4,0,0,0,53.427510233266105,0.13333333333333333,1,0,0,0,1
373,3823787,Camarões,1994,4-3-2-1,counter,México,1966,4-2-3-1,balanced,True,11883,90.21599999999181,1,0,CONSISTENT,1,15,7,1.8365377983446645,194,162,4,12,3,0,24,49,4,20,11,16,6,32,24,0,6,1,0,0,0,0,0,0,0,0,0,0.3602479999999999,0.3,0.6666666666666666,0,6,0,0,0,53.44266858543313,0.13333333333333333,1,0,0,0,0
374,3831706,Marrocos,2026,5-2-3,park,Colômbia,1994,4-3-3,counter,True,12319,90.0559999999919,2,2,CONSISTENT,4,26,9,3.573911891438775,169,148,23,5,0,0,5,14,11,4,1,43,15,26,23,0,5,9,1,0,0,0,0,0,0,0,0,0.45433333333333265,0.3133333333333333,0.6,0,2,0,0,0,53.42299038359579,0.19999999999999998,2,0,0,0,2
375,3839625,Austrália,2010,4-2-2-2,counter,Gana,2026,4-1-4-1,wings,True,12390,90.33599999999174,2,0,CONSISTENT,2,15,4,2.8318184264273163,180,152,13,21,5,0,13,43,15,16,6,29,6,30,23,0,2,2,0,0,0,0,0,0,0,0,0,0.36441733333333426,0.3,0.6666666666666666,0,9,0,0,7,53.469994365446674,0.13333333333333333,1,0,0,0,1
376,3847544,Itália,2010,4-4-2,press,Peru,1982,4-4-2,tiki,True,11971,90.30399999999176,0,1,CONSISTENT,1,14,2,1.8983295191357543,195,158,10,12,3,0,9,33,7,13,7,19,4,12,10,0,1,2,0,0,0,0,0,0,0,0,0,0.3705926666666655,0.3,0.6333333333333333,0,6,0,0,0,54.23535462171895,0.13333333333333333,0,0,0,0,1
377,3855463,Argentina,2018,3-5-2,balanced,Suécia,1994,4-4-2,balanced,True,11981,90.08799999999188,1,2,CONSISTENT,3,17,4,2.398268805443103,195,167,8,14,1,0,11,36,3,12,6,17,7,14,11,0,1,3,0,0,0,0,0,0,0,0,0,0.3565113333333348,0.3,0.6666666666666666,0,8,0,0,0,55.451872381945265,0.13333333333333333,2,0,0,0,1
378,3863382,Marrocos,1986,4-3-1-2,counter,Brasil,1986,4-2-4,balanced,True,11884,90.35999999999173,0,1,CONSISTENT,1,14,3,1.5465725732885498,198,169,3,15,1,0,17,54,8,27,16,15,6,25,21,0,2,2,0,0,0,0,0,0,0,0,0,0.3835333333333276,0.3,0.5666666666666667,0,9,0,0,0,43.53291578629636,0.13333333333333333,1,0,0,0,0
379,3871301,Bulgária,1994,3-4-2-1,direct,Alemanha,1958,4-5-1,balanced,True,11859,90.09599999999188,0,0,CONSISTENT,0,15,2,1.8103352866642675,201,170,9,7,1,0,6,27,4,13,11,21,4,24,19,3,2,0,0,0,0,0,0,0,0,0,0,0.36024800000000157,0.3,0.6,0,4,0,0,0,43.28166420707343,0.13333333333333333,0,0,0,0,0
380,3879220,Paraguai,2002,5-2-3,press,Arábia Saudita,1994,4-5-1,tiki,True,11804,90.00799999999192,2,2,CONSISTENT,4,16,7,3.3740803084740763,196,164,6,5,0,0,6,15,10,4,1,14,6,16,10,0,3,2,0,0,0,0,0,0,0,0,0,0.3708680000000058,0.3,0.6666666666666666,0,3,0,0,0,53.423500581079374,0.13333333333333333,2,0,0,0,2
381,3887139,Camarões,1990,5-3-2,counter,Suíça,2026,4-4-2,balanced,True,11674,90.0479999999919,1,0,CONSISTENT,1,16,2,0.8992554920410597,205,172,4,6,2,0,7,27,11,15,11,9,3,21,15,0,1,2,0,0,0,0,0,0,0,0,0,0.3838086666666652,0.3,0.6,0,4,0,0,0,53.43200873152995,0.13333333333333333,1,0,0,0,0
382,3895058,Espanha,1998,3-4-2-1,direct,Espanha,1990,4-3-2-1,wings,True,11835,90.14399999999185,1,1,CONSISTENT,2,13,3,1.3463753683241568,196,171,5,10,3,0,5,27,3,14,8,13,5,13,9,0,1,1,0,0,0,0,0,0,0,0,0,0.3904166666666661,0.3,0.6666666666666666,0,7,0,0,0,53.41266500271917,0.13333333333333333,2,0,0,0,0
383,3902977,Inglaterra,1954,4-3-2-1,wings,Marrocos,1970,4-4-2,tiki,True,11775,90.11999999999186,0,2,CONSISTENT,2,14,5,1.3207172796073907,201,180,2,10,2,0,15,39,4,22,10,10,2,17,16,0,3,2,0,0,0,0,0,0,0,0,0,0.35851733333333385,0.3,0.6,0,5,0,0,0,53.40601841206972,0.13333333333333333,2,0,0,0,0
384,3910896,Arábia Saudita,2026,5-2-3,wings,Croácia,1998,3-1-4-2,wings,True,11819,90.26399999999178,1,1,CONSISTENT,2,14,5,1.2056430412462769,208,175,5,7,1,0,8,27,10,12,9,14,3,16,12,0,3,1,0,0,0,0,0,0,0,0,0,0.38865774824960014,0.3,0.6,0,5,0,0,0,53.446640488622634,0.13333333333333333,1,0,0,0,1
385,3918815,Inglaterra,1982,3-4-2-1,park,Escócia,1986,4-1-2-1-2,counter,True,11977,90.17599999999183,0,1,CONSISTENT,1,17,3,2.202627099950651,196,161,10,13,4,0,15,56,11,29,14,20,7,17,10,1,2,3,0,0,0,0,0,0,0,0,0,0.3593826666666672,0.3,0.6666666666666666,0,7,0,0,0,53.44148576914585,0.13333333333333333,1,0,0,0,0
386,3926734,União Soviética,1986,5-3-2,wings,Japão,2018,5-4-1,park,True,11908,90.19999999999182,1,0,CONSISTENT,1,21,3,2.4357196345598937,190,166,8,12,0,0,14,72,8,38,32,14,5,14,9,0,2,2,0,0,0,0,0,0,0,0,0,0.43380133333333054,0.3133333333333333,0.6,0,5,0,0,0,53.41385369143379,0.19999999999999998,1,0,0,0,0
387,3934653,Nigéria,2002,3-5-2,balanced,Arábia Saudita,2002,5-2-3,tiki,True,11790,90.07199999999189,0,1,CONSISTENT,1,15,4,1.5363625070951183,188,154,8,8,0,0,14,33,9,16,6,21,7,17,14,0,3,5,0,0,0,0,0,0,0,0,0,0.3618213333333349,0.3,0.6,0,3,0,0,0,53.41749046383611,0.13333333333333333,0,0,0,0,1
388,3942572,Brasil,1974,5-4-1,direct,Uruguai,2002,4-5-1,wings,True,12044,90.35999999999173,0,1,CONSISTENT,1,19,4,1.527500233032656,184,159,3,21,4,0,15,53,4,24,11,11,5,24,19,0,3,4,0,0,0,0,0,0,0,0,0,0.4300646666666657,0.3,0.6666666666666666,0,9,0,0,0,53.43533968204196,0.13333333333333333,1,0,0,0,0
389,3950491,México,2018,4-2-2-2,tiki,Inglaterra,2022,4-4-2,counter,True,12102,90.14399999999185,0,2,CONSISTENT,2,19,5,2.698137441787119,179,150,13,15,2,0,14,42,8,15,7,22,8,21,15,1,3,2,0,0,0,0,0,0,0,0,0,0.3777082646786621,0.3133333333333333,0.6,0,12,0,0,0,53.43402724329622,0.19999999999999998,0,0,0,0,2
390,3958410,Austrália,2018,4-5-1,counter,Bélgica,2014,4-2-3-1,direct,True,12146,90.26399999999178,0,0,CONSISTENT,0,24,4,2.360479076490471,186,158,9,20,2,0,14,56,6,26,13,16,5,21,14,0,4,2,0,0,0,0,0,0,0,0,0,0.4823139520429085,0.3133333333333333,0.6666666666666666,0,15,0,0,0,43.47705274137105,0.19999999999999998,0,0,0,0,0
391,3966329,Itália,1998,4-2-4,wings,Coreia do Sul,2010,4-4-2,tiki,True,11613,90.32799999999175,0,0,CONSISTENT,0,14,2,1.3848076153144646,204,179,4,4,3,0,4,10,6,3,0,8,2,11,9,0,2,1,0,0,0,0,0,0,0,0,0,0.44134493405153,0.3,0.6333333333333333,0,1,0,0,0,46.87259753363838,0.13333333333333333,0,0,0,0,0
392,3974248,Argélia,2014,4-2-3-1,park,Japão,2010,3-5-2,balanced,True,12033,90.25599999999179,1,5,CONSISTENT,6,18,9,1.968262925763038,186,156,6,12,0,0,17,90,12,61,46,12,1,11,7,0,3,1,0,0,0,0,0,0,0,0,0,0.3681540000000043,0.3,0.6666666666666666,0,8,0,0,0,53.463858392221276,0.13333333333333333,5,0,0,0,1
393,3982167,México,2026,4-5-1,balanced,Croácia,2022,5-4-1,park,True,11915,90.39199999999171,2,0,CONSISTENT,2,11,4,1.2170414645380156,195,165,6,10,1,0,11,50,4,28,20,12,3,13,10,1,2,1,0,0,0,0,0,0,0,0,0,0.3747620000000017,0.3,0.6,0,7,0,0,0,57.27403857554663,0.13333333333333333,1,0,0,0,1
394,3990086,Áustria,1934,4-1-4-1,direct,Austrália,2010,4-1-2-1-2,press,True,11927,90.08799999999188,1,1,CONSISTENT,2,16,3,2.2985598374402665,189,159,11,10,0,0,10,25,3,6,3,26,7,18,13,0,1,2,0,0,0,0,0,0,0,0,0,0.364417333333335,0.3,0.6666666666666666,0,4,0,0,0,53.435886465806554,0.13333333333333333,2,0,0,0,0
395,3998005,Paraguai,1950,4-2-2-2,wings,Suécia,1950,4-2-2-2,tiki,True,11702,90.0479999999919,1,0,CONSISTENT,1,10,3,1.053304058481529,195,168,2,8,1,0,11,31,8,9,4,8,3,27,22,0,2,1,0,0,0,0,0,0,0,0,0,0.3895513333333315,0.3,0.6666666666666666,0,5,0,0,0,53.400257632177954,0.13333333333333333,1,0,0,0,0
396,4005924,Brasil,1990,4-5-1,park,México,2010,5-2-3,wings,True,11739,90.00799999999192,1,0,CONSISTENT,1,13,3,1.103741823400795,204,167,10,3,1,0,8,17,8,7,3,15,3,16,9,1,2,2,0,0,0,0,0,0,0,0,0,0.38380866666666313,0.3,0.6,0,1,0,0,0,53.42958244374481,0.13333333333333333,1,0,0,0,0
397,4013843,França,1998,4-1-2-1-2,press,Portugal,2022,4-1-2-1-2,tiki,True,11825,90.11199999999187,0,1,CONSISTENT,1,14,6,0.8499611770323678,191,163,9,11,0,0,25,57,9,16,6,18,6,12,10,1,5,8,0,0,0,0,0,0,0,0,0,0.42640022632429797,0.3,0.6,0,4,0,0,0,53.40063712031017,0.13333333333333333,1,0,0,0,0
398,4021762,Espanha,1986,4-3-3,counter,EUA,1994,4-2-4,press,True,11927,90.27199999999178,3,0,CONSISTENT,3,17,6,3.0290758614575575,201,156,9,8,0,0,6,26,10,10,7,27,9,28,17,0,3,0,0,0,0,0,0,0,0,0,0,0.41181400000000135,0.3,0.6666666666666666,0,4,0,0,0,53.4291070482859,0.13333333333333333,3,0,0,0,0
399,4029681,França,1998,3-4-3,balanced,Brasil,1990,4-3-1-2,balanced,True,11884,90.33599999999174,0,1,CONSISTENT,1,16,1,1.0034442597062414,200,176,8,9,0,0,9,26,7,7,6,12,3,16,12,0,0,2,0,0,0,0,0,0,0,0,0,0.3838086666666736,0.3,0.6666666666666666,0,6,0,0,7,53.41366945979809,0.13333333333333333,1,0,0,0,0
400,4037600,Espanha,2026,4-5-1,wings,França,2010,5-2-3,tiki,True,11977,90.02399999999191,1,1,CONSISTENT,2,22,5,2.55839163505679,182,154,10,7,0,0,8,22,5,10,4,26,12,22,16,1,3,4,0,0,0,0,0,0,0,0,0,0.424164666666664,0.3,0.7,0,6,0,0,0,53.43547841214226,0.13333333333333333,2,0,0,0,0
401,4045519,França,1998,4-4-2,wings,Suíça,2022,4-3-1-2,direct,True,11781,90.2239999999918,1,0,CONSISTENT,1,17,4,1.656757069630495,200,169,2,8,1,0,17,40,7,21,6,10,5,15,13,1,3,0,0,0,0,0,0,0,0,0,0,0.39003230096411323,0.3,0.4333333333333333,0,6,0,0,0,53.40675362834656,0.13333333333333333,1,0,0,0,0
402,4053438,Espanha,2018,4-3-3,wings,Colômbia,1990,4-3-1-2,tiki,True,11885,90.24799999999179,1,2,CONSISTENT,3,18,7,2.371004402274194,206,176,5,9,1,0,13,29,8,13,5,15,7,22,18,1,4,3,0,0,0,0,0,0,0,0,0,0.3777906666666695,0.3,0.6,0,7,0,0,0,62.82099311072223,0.13333333333333333,2,0,0,0,1
403,4061357,França,1978,5-4-1,tiki,Hungria,1958,4-3-3,wings,True,11637,90.00799999999192,1,1,CONSISTENT,2,10,3,1.5971805025837702,198,178,6,3,1,0,14,19,3,6,1,18,6,8,7,0,1,2,1,0,0,0,0,0,0,0,0,0.3622540000000064,0.3,0.3333333333333333,0,2,0,0,0,53.42619861886019,0.13333333333333333,0,0,0,0,2
404,4069276,Holanda,2006,4-4-2,park,Coreia do Sul,1954,5-4-1,press,True,12114,90.01599999999192,2,3,CONSISTENT,5,24,7,3.7796303831445326,188,164,10,15,4,0,22,43,7,14,4,20,6,16,13,1,2,5,1,0,0,0,0,0,0,0,0,0.3770253558491836,0.3,0.6666666666666666,0,7,0,0,0,53.457758458374904,0.13333333333333333,1,1,0,0,3
405,4077195,Bélgica,2014,3-4-3,wings,Marrocos,1970,4-3-1-2,press,True,11944,90.0479999999919,1,1,CONSISTENT,2,19,6,3.379438471786168,203,164,10,10,0,0,10,29,15,11,3,21,8,20,16,1,4,3,0,0,0,0,0,0,0,0,0,0.3637093333333336,0.3,0.6666666666666666,0,6,0,0,0,53.417058114361254,0.13333333333333333,2,0,0,0,0
406,4085114,Holanda,1978,4-1-2-1-2,park,Dinamarca,1998,3-5-2,counter,True,11906,90.25599999999179,1,0,CONSISTENT,1,28,7,3.410778358938,191,169,11,8,2,0,15,47,8,26,20,19,4,17,13,0,6,3,0,0,0,0,0,0,0,0,0,0.43321133333333656,0.3133333333333333,0.6333333333333333,0,4,0,0,0,53.4185274637727,0.19999999999999998,1,0,0,0,0
407,4093033,Bélgica,1994,4-2-3-1,press,Austrália,1974,4-3-2-1,wings,True,11987,90.00799999999192,2,2,CONSISTENT,4,23,10,4.516800507557527,180,152,5,12,1,0,12,38,10,12,8,21,9,15,11,0,6,5,1,0,0,0,0,0,0,0,0,0.4405119999999976,0.3,0.6666666666666666,0,7,0,0,7,53.457409079285846,0.13333333333333333,3,1,0,0,0
408,4100952,Holanda,1978,4-1-4-1,balanced,Uruguai,1990,3-4-3,balanced,True,11821,90.2319999999918,2,1,CONSISTENT,3,22,4,3.328713254877974,196,170,6,2,0,0,11,26,5,12,10,17,8,18,13,0,1,0,0,0,0,0,0,0,0,0,0,0.3929768658280724,0.3,0.3333333333333333,0,1,0,0,0,53.467916403634746,0.13333333333333333,2,0,0,0,1
409,4108871,Bélgica,1994,4-3-2-1,press,Japão,2006,4-5-1,wings,True,12129,90.06399999999189,0,2,CONSISTENT,2,25,8,3.342557089104174,180,146,14,14,1,0,12,39,9,10,7,25,9,25,18,1,6,5,0,0,0,0,0,0,0,0,0,0.35954000000000463,0.3,0.6666666666666666,0,17,0,0,0,53.41498505918428,0.13333333333333333,0,0,0,0,2
410,4116790,Holanda,1978,4-3-2-1,press,França,1958,3-4-3,park,True,12040,90.12799999999186,0,0,CONSISTENT,0,26,7,2.2838119500832432,193,167,13,8,2,0,4,21,7,6,6,21,6,21,18,0,7,5,0,0,0,0,0,0,0,0,0,0.43816419358086595,0.3,0.6,0,3,0,0,0,54.035151881043724,0.13333333333333333,0,0,0,0,0
411,4124709,Bélgica,1998,3-4-2-1,balanced,Bélgica,2026,5-2-3,press,True,11730,90.00799999999192,0,0,CONSISTENT,0,12,2,0.806615805336954,187,162,6,7,1,0,13,30,6,14,7,19,2,24,18,0,2,1,0,0,0,0,0,0,0,0,0,0.388686,0.3,0.6666666666666666,0,5,0,0,0,41.8913420020017,0.13333333333333333,0,0,0,0,0
412,4132628,Espanha,2018,4-4-2,direct,Brasil,2002,3-4-2-1,park,True,12157,90.37599999999172,0,1,CONSISTENT,1,24,7,3.203934498791818,201,176,11,14,2,0,17,50,10,16,12,22,5,17,12,0,6,2,0,0,0,0,0,0,0,0,0,0.45390066666667284,0.3,0.6666666666666666,0,11,0,0,7,53.41988278694962,0.13333333333333333,1,0,0,0,0
413,4140547,França,1978,4-5-1,tiki,Gana,2026,4-2-3-1,park,True,11802,90.00799999999192,3,1,CONSISTENT,4,16,7,2.866789823302595,205,171,3,9,1,0,12,28,10,10,3,12,8,14,10,0,3,2,0,0,0,0,0,0,0,0,0,0.385106666666668,0.3,0.6,0,6,0,0,0,53.4246249476872,0.13333333333333333,4,0,0,0,0
414,4148466,Suécia,1970,3-5-2,tiki,Paraguai,1986,5-2-3,balanced,True,11954,90.21599999999181,3,1,CONSISTENT,4,21,6,2.3315163258899405,192,168,15,1,0,0,2,14,12,10,6,30,14,7,6,0,2,7,1,0,0,0,0,0,0,0,0,0.36555799999999694,0.3,0.3333333333333333,0,1,0,0,0,53.4390600756521,0.13333333333333333,2,0,0,0,2
415,4156385,Tchecoslováquia,1934,4-3-3,park,Espanha,2006,4-3-2-1,press,True,11991,90.00799999999192,0,3,CONSISTENT,3,19,4,2.9269120949401684,193,159,8,9,0,0,7,24,12,12,6,24,8,33,25,0,1,2,0,0,0,0,0,0,0,0,0,0.38624733333333583,0.3,0.6333333333333333,0,4,0,0,0,53.44200771710903,0.13333333333333333,2,0,0,0,1
416,4164304,Suécia,1970,4-2-2-2,counter,Bélgica,1990,4-1-4-1,press,True,11999,90.00799999999192,0,4,CONSISTENT,4,18,7,2.3809870502107002,192,161,9,11,0,0,19,44,14,20,8,17,6,25,19,0,3,5,0,0,0,0,0,0,0,0,0,0.3872225286124408,0.3,0.6,0,7,0,0,0,53.44056977103798,0.13333333333333333,3,0,0,0,1
417,4172223,Inglaterra,2006,3-4-3,balanced,Arábia Saudita,2018,3-4-3,direct,True,11753,90.00799999999192,1,0,CONSISTENT,1,13,2,1.5758440899212518,194,164,11,4,0,0,10,23,11,10,5,20,5,14,7,0,1,4,0,0,0,0,0,0,0,0,0,0.43277866666667264,0.3,0.6666666666666666,0,1,0,0,0,54.50740934383347,0.13333333333333333,1,0,0,0,0
418,4180142,Suécia,1950,4-1-4-1,park,Uruguai,1990,4-5-1,park,True,11995,90.00799999999192,1,1,CONSISTENT,2,13,4,0.8856950503131655,191,170,3,19,5,0,17,68,5,37,22,8,2,13,10,0,2,2,0,0,0,0,0,0,0,0,0,0.3659906666666685,0.3,0.6666666666666666,0,13,0,0,0,53.45182882610633,0.13333333333333333,2,0,0,0,0
419,4188061,Alemanha,1974,4-2-2-2,balanced,Tchecoslováquia,1962,5-2-3,counter,True,11978,90.00799999999192,0,2,CONSISTENT,2,18,5,2.34289164095583,177,143,9,11,1,0,11,37,12,20,7,25,6,27,22,1,3,4,0,0,0,0,0,0,0,0,0,0.43321133333333417,0.3,0.6666666666666666,0,4,0,0,0,53.444267552935926,0.13333333333333333,1,0,0,0,1
420,4195980,Austrália,2026,4-2-4,tiki,Áustria,1978,4-1-4-1,direct,True,11890,90.07999999999188,2,1,CONSISTENT,3,15,5,1.5616725183368063,188,164,9,5,1,0,10,26,8,10,9,18,7,10,7,0,2,4,0,0,0,0,0,0,0,0,0,0.405638666666664,0.3,0.6666666666666666,0,2,0,0,0,53.47472884294962,0.13333333333333333,3,0,0,0,0
421,4203899,Holanda,1978,5-4-1,press,Espanha,2002,5-2-3,wings,True,12083,90.00799999999192,2,3,CONSISTENT,5,28,9,3.0953796771824997,172,156,15,9,1,0,12,40,5,18,13,29,13,26,22,0,4,8,0,0,0,0,0,0,0,0,0,0.43997666666666674,0.3,0.39999999999999997,0,5,0,0,0,53.45418130228237,0.13333333333333333,4,0,0,0,1
422,4211818,Austrália,2022,3-5-2,tiki,Holanda,1998,4-5-1,park,True,11678,90.00799999999192,1,1,CONSISTENT,2,17,3,1.8958865267713203,199,179,2,5,0,0,11,29,8,19,10,8,4,13,13,0,1,0,0,0,0,0,0,0,0,0,0,0.39102509546606257,0.3,0.6,0,3,0,0,0,53.438736404262755,0.13333333333333333,1,0,0,0,1
423,4219737,Japão,2022,4-2-2-2,tiki,Gana,2010,5-3-2,wings,True,11954,90.16799999999184,0,0,CONSISTENT,0,16,3,2.1225586259989546,198,169,0,16,5,0,7,31,9,12,5,10,3,17,12,0,3,1,0,0,0,0,0,0,0,0,0,0.3598153333333347,0.3,0.6666666666666666,0,9,0,0,0,14.863502957280875,0.13333333333333333,0,0,0,0,0
424,4227656,Austrália,2018,4-5-1,counter,Brasil,1982,3-5-2,tiki,True,11853,90.14399999999185,0,1,CONSISTENT,1,16,4,1.3431750840508443,193,165,10,7,0,0,18,39,8,18,8,20,10,9,7,0,3,7,0,0,0,0,0,0,0,0,0,0.4006028622332183,0.3,0.6666666666666666,0,4,0,0,7,53.42964874234307,0.13333333333333333,1,0,0,0,0
425,4235575,Holanda,1978,5-3-2,balanced,Senegal,2022,4-4-2,direct,True,11907,90.28799999999177,1,0,CONSISTENT,1,22,7,1.3384459502026238,192,164,5,9,2,0,6,29,9,11,9,12,3,29,24,0,6,4,0,0,0,0,0,0,0,0,0,0.4399766666666682,0.3133333333333333,0.6,0,4,0,0,0,53.407771054043735,0.16666666666666666,1,0,0,0,0
426,4243494,Austrália,2018,5-2-3,wings,México,1970,5-3-2,tiki,True,11649,90.07199999999189,1,1,CONSISTENT,2,11,5,2.7575418840460664,199,166,6,4,0,0,13,19,7,7,2,14,2,6,5,0,3,1,1,0,0,0,0,0,0,0,0,0.3474646666666681,0.3,0.3333333333333333,0,3,0,0,0,53.41897540578262,0.13333333333333333,0,1,0,0,1
427,4251413,Gana,2014,3-4-3,balanced,Arábia Saudita,2002,5-2-3,counter,True,12265,90.21599999999181,2,3,CONSISTENT,5,21,8,3.3139257664187864,185,154,15,12,3,0,10,31,11,11,3,34,7,30,19,0,3,3,0,0,0,0,0,0,0,0,0,0.364244630478349,0.3,0.6666666666666666,0,6,0,0,0,57.92008379090631,0.13333333333333333,3,0,0,0,2
428,4259332,Uruguai,1966,4-3-2-1,wings,Uruguai,2002,4-2-2-2,direct,True,12195,90.00799999999192,0,0,CONSISTENT,0,17,3,1.8924348798115829,194,157,10,20,2,0,20,57,13,23,13,15,3,25,20,1,3,1,0,0,0,0,0,0,0,0,0,0.38408400000000575,0.3,0.6666666666666666,0,9,0,0,0,53.73953942283306,0.13333333333333333,0,0,0,0,0
429,4267251,França,1958,3-4-3,counter,Costa Rica,2014,5-2-3,counter,True,12081,90.00799999999192,3,0,CONSISTENT,3,18,6,2.2996601406967394,179,156,13,7,2,0,20,35,8,10,5,24,6,30,25,1,3,3,0,0,0,0,0,0,0,0,0,0.42503000000000324,0.3,0.6,0,3,0,0,0,53.42679912429263,0.13333333333333333,0,0,0,0,3
430,4275170,Arábia Saudita,2022,4-5-1,press,Croácia,2006,4-3-3,wings,True,11748,90.11999999999186,2,2,CONSISTENT,4,18,9,3.340907080930119,182,155,6,4,0,0,10,18,5,6,3,18,6,16,13,0,5,2,0,0,0,0,0,0,0,0,0,0.35651133333333235,0.3,0.6666666666666666,0,2,0,0,0,53.446907796570784,0.13333333333333333,3,0,0,0,1
431,4283089,Tchecoslováquia,1990,4-2-3-1,tiki,Japão,2002,5-3-2,press,True,11673,90.2399999999918,1,0,CONSISTENT,1,8,1,0.8771316646686174,188,159,3,6,2,0,9,19,5,5,2,12,5,9,6,1,0,1,0,0,0,0,0,0,0,0,0,0.38825333333333656,0.3,0.6666666666666666,0,4,0,0,0,53.430730739460785,0.13333333333333333,1,0,0,0,0
432,4291008,Arábia Saudita,2022,4-2-2-2,direct,Espanha,2010,4-2-2-2,park,True,12089,90.17599999999183,0,4,CONSISTENT,4,24,12,2.510663298854656,213,188,8,16,2,0,16,53,9,23,9,16,6,14,12,0,8,2,0,0,0,0,0,0,0,0,0,0.46661222849052164,0.3,0.6,0,13,0,0,0,58.13165316040143,0.13333333333333333,4,0,0,0,0
433,4298927,França,1978,5-4-1,balanced,Alemanha,2018,4-5-1,tiki,True,11805,90.30399999999176,0,0,CONSISTENT,0,16,5,2.224310253196565,189,167,8,9,1,0,8,31,6,14,6,16,7,16,14,0,5,4,0,0,0,0,0,0,0,0,0,0.4253053333333344,0.3,0.4666666666666666,0,7,0,0,0,43.646341312222226,0.13333333333333333,0,0,0,0,0
434,4306846,Suécia,2006,4-4-2,tiki,União Soviética,1986,3-4-3,park,True,11896,90.07999999999188,1,3,CONSISTENT,4,24,8,2.8505226213347488,188,151,5,5,0,0,10,29,10,14,8,20,9,25,18,0,4,3,0,0,0,0,0,0,0,0,0,0.43380133333333487,0.3,0.6,0,3,0,0,0,53.47990191061294,0.13333333333333333,3,0,0,0,1
435,4314765,Alemanha,1994,5-4-1,balanced,Marrocos,1994,3-1-4-2,balanced,True,12024,90.14399999999185,0,2,CONSISTENT,2,17,3,2.6459570750688766,193,165,8,16,1,0,13,45,11,22,11,18,6,16,11,0,1,5,1,0,0,0,0,0,0,0,0,0.4356499999999963,0.3,0.6,0,11,0,0,0,53.41066007925846,0.13333333333333333,1,1,0,0,0
436,4322684,Suíça,1954,3-4-2-1,park,Inglaterra,1962,3-4-3,tiki,True,11926,90.00799999999192,1,1,CONSISTENT,2,20,4,1.9301991086535644,185,155,14,4,1,0,3,17,9,10,7,23,8,10,9,1,2,4,1,0,0,0,0,0,0,0,0,0.37002163579525793,0.3,0.6666666666666666,0,2,0,0,0,53.43742830598051,0.13333333333333333,1,0,0,0,1
437,4330603,Bélgica,2018,4-2-3-1,balanced,Áustria,1934,3-1-4-2,counter,True,11941,90.06399999999189,2,0,CONSISTENT,2,26,4,3.3841761473196614,199,169,11,10,3,0,9,35,10,14,6,22,8,30,24,0,2,5,0,0,0,0,0,0,0,0,0,0.4368300000000054,0.3,0.6333333333333333,0,4,0,0,0,53.45144293506732,0.13333333333333333,2,0,0,0,0
438,4338522,Itália,1998,5-3-2,counter,Uruguai,1950,3-5-2,press,True,11815,90.19999999999182,0,1,CONSISTENT,1,18,5,2.0705653342057655,200,164,7,8,3,0,14,42,10,21,11,13,4,25,20,0,4,2,0,0,0,0,0,0,0,0,0,0.426828604373692,0.3,0.6666666666666666,0,5,0,0,0,53.40051869797662,0.13333333333333333,1,0,0,0,0
439,4346441,Argentina,2014,4-5-1,wings,Peru,2026,4-1-4-1,tiki,True,12371,90.27999999999177,2,4,CONSISTENT,6,28,12,4.663608563104905,167,136,16,12,3,0,15,37,5,11,4,32,14,16,11,1,6,6,0,0,0,0,0,0,0,0,0,0.40138666666666384,0.3,0.6666666666666666,0,7,0,0,7,53.47484741969709,0.13333333333333333,5,0,0,0,1
440,4354360,Itália,1998,3-4-3,wings,Hungria,1982,4-1-4-1,wings,True,11637,90.0479999999919,0,0,CONSISTENT,0,14,4,1.5681264314444574,204,179,2,6,0,0,5,18,5,8,3,7,4,14,7,0,4,1,0,0,0,0,0,0,0,0,0,0.3873880000000039,0.3,0.6333333333333333,0,4,0,0,0,34.69211536512312,0.13333333333333333,0,0,0,0,0
441,4362279,Bélgica,2014,3-4-2-1,press,Argélia,2010,4-3-1-2,balanced,True,11717,90.00799999999192,0,1,CONSISTENT,1,12,5,2.2158833561011115,199,172,7,6,1,0,15,34,6,16,8,12,2,16,11,0,4,1,0,0,0,0,0,0,0,0,0,0.4297010997428749,0.3,0.6,0,4,0,0,0,55.1521459710996,0.13333333333333333,0,0,0,0,1
442,4370198,Suécia,2018,4-2-3-1,tiki,Costa Rica,2018,4-2-3-1,wings,True,11921,90.00799999999192,1,1,CONSISTENT,2,18,6,2.5826228273493936,197,168,5,16,5,0,9,49,7,25,15,10,1,12,7,0,4,3,1,0,0,0,0,0,0,0,0,0.36555799999999883,0.3,0.6666666666666666,0,9,0,0,0,53.42736995413262,0.13333333333333333,1,1,0,0,0
443,4378117,Alemanha,2002,4-1-2-1-2,balanced,Itália,1934,4-3-2-1,balanced,True,12207,90.00799999999192,2,0,CONSISTENT,2,18,9,2.5132483686506557,199,167,10,22,3,0,22,55,12,17,6,21,6,10,7,0,7,4,0,0,0,0,0,0,0,0,0,0.4197200000000024,0.3,0.6333333333333333,0,10,0,0,0,53.41740531327243,0.13333333333333333,1,0,0,0,1
444,4386036,Suíça,2006,5-3-2,balanced,Peru,1978,4-5-1,press,True,11840,90.20799999999181,1,0,CONSISTENT,1,16,3,1.5851374418231183,191,164,1,16,5,1,11,59,5,31,19,12,8,19,14,0,2,3,0,0,0,0,0,0,0,0,0,0.37676800000000005,0.3,0.6666666666666666,0,8,0,0,0,53.40952501647239,0.13333333333333333,1,0,0,0,0
445,4393955,Tchecoslováquia,1962,4-3-3,direct,Coreia do Sul,1994,3-1-4-2,balanced,True,11655,90.00799999999192,0,0,CONSISTENT,0,10,3,0.9536612618814555,204,167,6,5,0,0,3,12,9,4,2,14,3,11,8,0,3,2,0,0,0,0,0,0,0,0,0,0.37519466666666734,0.3,0.6,0,1,0,0,0,43.59123530420075,0.13333333333333333,0,0,0,0,0
446,4401874,Senegal,2022,3-4-3,balanced,Argentina,1974,4-2-4,balanced,True,11546,90.07199999999189,1,0,CONSISTENT,1,6,1,0.8001915868282001,201,168,4,2,0,0,5,10,10,4,2,15,4,12,11,0,0,0,0,0,0,0,0,0,0,0,0,0.4204627667805445,0.3,0.6666666666666666,0,1,0,0,0,53.47199105715992,0.13333333333333333,1,0,0,0,0
447,4409793,Tchecoslováquia,1954,3-1-4-2,press,Inglaterra,1982,3-4-3,wings,True,11625,90.00799999999192,0,0,CONSISTENT,0,7,1,0.7495028200261903,196,175,5,6,0,0,9,22,5,11,4,9,2,12,8,0,1,1,0,0,0,0,0,0,0,0,0,0.36886199999999897,0,0.6,0,2,0,0,0,46.942900359449204,0,0,0,0,0,0
448,4417712,Coreia do Sul,1986,5-3-2,counter,Nigéria,1994,4-5-1,counter,True,11832,90.35999999999173,0,0,CONSISTENT,0,17,2,1.3089694011873971,181,158,4,11,1,0,14,43,8,21,12,16,5,16,13,0,2,1,0,0,0,0,0,0,0,0,0,0.3679966666666663,0.3,0.6,0,6,0,0,0,46.5170447164947,0.13333333333333333,0,0,0,0,0
449,4425631,Alemanha,1986,4-2-2-2,tiki,França,1978,4-3-1-2,wings,True,11868,90.00799999999192,1,1,CONSISTENT,2,15,5,2.2835023341442686,194,162,5,5,0,0,12,25,11,7,4,20,8,17,12,1,3,1,0,0,0,0,0,0,0,0,0,0.4217260000000007,0.3,0.6333333333333333,0,2,0,0,0,53.40293795839133,0.13333333333333333,2,0,0,0,0
450,4433550,Suíça,2010,4-3-2-1,direct,Áustria,1990,4-3-2-1,tiki,True,11802,90.00799999999192,0,0,CONSISTENT,0,7,2,0.6909446130292525,199,175,6,11,4,0,8,34,5,14,6,18,5,12,9,1,2,2,0,0,0,0,0,0,0,0,0,0.36182133333334016,0.3,0.6666666666666666,0,6,0,0,0,41.743166587335224,0.13333333333333333,0,0,0,0,0
451,4441469,Alemanha,1978,3-5-2,park,Coreia do Sul,1954,4-2-2-2,press,True,11661,90.00799999999192,0,0,CONSISTENT,0,13,4,1.3829150201683027,207,174,6,8,1,0,11,30,14,9,3,12,3,15,11,0,4,2,0,0,0,0,0,0,0,0,0,0.38754533333333463,0.3,0.6,0,6,0,0,0,41.40366956371812,0.13333333333333333,0,0,0,0,0
452,4449388,Suíça,1994,5-2-3,wings,México,1966,5-3-2,park,True,12084,90.21599999999181,2,1,CONSISTENT,3,14,4,2.345183547310716,173,145,17,7,2,0,16,38,15,13,8,40,6,18,15,0,1,2,0,0,0,0,0,0,0,0,0,0.45920000000000033,0.3,0.6,0,3,0,0,0,53.4589751325767,0.13333333333333333,0,0,0,0,3
453,4457307,Japão,2002,4-2-2-2,balanced,México,2006,3-5-2,press,True,11657,90.31999999999175,0,0,CONSISTENT,0,7,1,0.41002525721205574,202,172,2,9,2,0,9,32,8,15,9,5,2,14,12,1,1,2,0,0,0,0,0,0,0,0,0,0.35327189558882566,0.3,0.36666666666666664,0,7,0,0,0,35.08749928693009,0.13333333333333333,0,0,0,0,0
454,4465226,Argentina,1982,4-3-2-1,wings,Escócia,1978,4-3-3,park,True,11967,90.2319999999918,2,4,CONSISTENT,6,20,9,3.082330791298693,194,172,3,8,0,0,12,32,9,12,8,11,6,10,6,0,3,1,1,0,0,0,0,0,0,0,0,0.40446583577987755,0.3,0.6666666666666666,0,5,0,0,7,53.47070485436482,0.13333333333333333,5,0,0,0,1
455,4473145,Itália,2010,4-1-4-1,press,Áustria,1990,4-3-2-1,balanced,True,12120,90.31199999999176,2,2,CONSISTENT,4,19,9,2.088023135885649,187,161,9,13,0,0,17,42,5,15,4,21,9,17,15,0,5,5,0,0,0,0,0,0,0,0,0,0.3639846666666689,0.3,0.6333333333333333,0,7,0,0,0,53.4433187546148,0.13333333333333333,2,0,0,0,2
456,4481064,Argentina,1974,3-4-2-1,tiki,França,1978,4-3-1-2,tiki,True,11767,90.32799999999175,0,2,CONSISTENT,2,8,2,1.7387261845906594,191,160,3,10,3,0,8,29,7,14,4,10,3,5,4,0,0,1,0,0,0,0,0,0,0,0,0,0.3655580000000034,0.3,0.39999999999999997,0,7,0,0,0,53.43607843857253,0.13333333333333333,1,0,0,0,1
457,4488983,Itália,1934,4-2-2-2,direct,França,1998,4-5-1,balanced,True,12168,90.15999999999184,0,2,CONSISTENT,2,30,5,4.2864576949499735,181,152,12,11,1,0,9,32,10,10,5,26,10,24,18,0,3,3,0,0,0,0,0,0,0,0,0,0.46818494245434233,0.3,0.6666666666666666,0,3,0,0,7,53.41885190656417,0.13333333333333333,2,0,0,0,0
458,4496902,Suíça,1954,4-5-1,press,Áustria,1934,4-2-2-2,press,True,11754,90.06399999999189,0,2,CONSISTENT,2,19,6,2.112053845785943,204,184,1,10,0,0,19,39,7,13,7,11,8,18,17,0,4,3,0,0,0,0,0,0,0,0,0,0.35312860719199585,0.3,0.4666666666666666,0,4,0,0,0,53.44215743254774,0.13333333333333333,2,0,0,0,0
459,4504821,Alemanha,2018,4-3-3,wings,Coreia do Sul,1994,4-4-2,park,True,12053,90.25599999999179,1,2,CONSISTENT,3,20,6,2.204278741444019,185,156,13,6,1,0,20,42,10,16,7,26,9,22,16,0,3,4,0,0,0,0,0,0,0,0,0,0.4031037226540269,0.3,0.6,0,4,0,0,0,53.414628440983265,0.13333333333333333,2,0,0,0,1
460,4512740,Iugoslávia,1954,4-3-3,wings,Portugal,2014,5-4-1,balanced,True,11861,90.11999999999186,2,1,CONSISTENT,3,17,4,1.9995893827103657,194,164,5,8,2,0,10,21,7,4,3,16,7,10,8,0,1,1,0,0,0,0,0,0,0,0,0,0.3730313333333317,0.3,0.36666666666666664,0,16,0,0,0,53.45596244342922,0.13333333333333333,3,0,0,0,0
461,4520659,Itália,1954,3-1-4-2,tiki,França,2026,4-1-4-1,press,True,11613,90.20799999999181,1,1,CONSISTENT,2,15,5,1.256527019196269,212,175,4,1,0,0,6,17,11,7,5,9,4,5,3,0,3,2,0,0,0,0,0,0,0,0,0,0.45563133333333417,0.3,0.36666666666666664,0,0,0,0,0,53.466544432100115,0.13333333333333333,2,0,0,0,0
462,4528578,Coreia do Sul,2026,4-2-2-2,wings,Colômbia,2018,4-2-2-2,tiki,True,11980,90.10399999999187,2,2,CONSISTENT,4,14,8,2.440388970531457,191,162,4,15,2,0,17,59,4,27,22,15,6,10,8,0,4,2,1,0,0,0,0,0,0,0,0,0.4346666666666667,0.3,0.6,0,10,0,0,0,53.411395583066366,0.13333333333333333,3,1,0,0,0
463,4536497,Dinamarca,2026,4-3-3,press,Iugoslávia,1982,4-2-3-1,wings,True,11822,90.09599999999188,1,2,CONSISTENT,3,19,5,2.8542607443975463,176,151,11,2,1,0,8,14,8,1,0,23,9,20,15,1,2,4,0,0,0,0,0,0,0,0,0,0.36555799999999794,0.3,0.49999999999999994,0,0,0,0,0,53.469083083544184,0.13333333333333333,1,0,0,0,2
464,4544416,Iugoslávia,1958,3-4-2-1,tiki,Escócia,1978,4-2-3-1,tiki,True,11540,90.33599999999174,1,0,CONSISTENT,1,8,2,1.2749990479545934,215,183,4,3,0,0,1,5,4,2,1,8,2,2,1,1,1,1,0,0,0,0,0,0,0,0,0,0.38868599999999803,0.3,0.6666666666666666,0,0,0,0,0,53.4377639455245,0.13333333333333333,0,0,0,0,1
465,4552335,Itália,1950,3-5-2,tiki,Irã,1998,4-2-4,press,True,12017,90.31999999999175,1,3,CONSISTENT,4,18,6,3.0228168085258647,188,164,9,9,2,0,8,26,12,10,6,25,8,14,9,0,2,5,0,0,0,0,0,0,0,0,0,0.3626866666666727,0.3,0.6666666666666666,0,3,0,0,0,53.40592826708872,0.13333333333333333,4,0,0,0,0
466,4560254,Uruguai,1966,4-3-1-2,tiki,Polônia,2002,4-5-1,park,True,11874,90.00799999999192,3,0,CONSISTENT,3,12,4,1.5570673254848328,210,179,4,13,6,0,12,48,6,25,14,8,1,13,11,0,1,0,0,0,0,0,0,0,0,0,0,0.3767680000000043,0.3,0.6666666666666666,0,10,0,0,0,53.45802768233988,0.13333333333333333,2,0,0,0,1
467,4568173,Gana,2014,4-5-1,wings,Tunísia,2006,5-4-1,press,True,11889,90.07199999999189,1,0,CONSISTENT,1,17,5,2.563326599014091,179,150,14,5,0,0,10,30,9,13,6,25,11,16,9,0,4,4,0,0,0,0,0,0,0,0,0,0.442083185019125,0.3,0.3,0,5,0,0,0,53.40362361656986,0.13333333333333333,1,0,0,0,0
468,4576092,Iugoslávia,1990,3-1-4-2,counter,Bélgica,1990,4-4-2,balanced,True,11803,90.00799999999192,0,0,CONSISTENT,0,12,2,1.0257378481443302,199,168,5,12,2,0,16,43,10,19,9,12,4,10,8,0,2,4,0,0,0,0,0,0,0,0,0,0.3778992657998123,0.3,0.6333333333333333,0,6,0,0,0,38.040980150928156,0.13333333333333333,0,0,0,0,0
469,4584011,Itália,1978,4-1-4-1,counter,Croácia,2022,4-5-1,balanced,True,12009,90.21599999999181,1,1,CONSISTENT,2,15,6,1.857056119538522,206,161,8,13,2,0,11,41,13,17,8,15,4,19,15,2,4,1,0,0,0,0,0,0,0,0,0,0.3908493333333346,0.3,0.6666666666666666,0,6,0,0,7,53.428983844241735,0.13333333333333333,1,0,0,0,1
470,4591930,México,2002,4-1-4-1,direct,Marrocos,1986,4-1-4-1,press,True,12155,90.27999999999177,2,2,CONSISTENT,4,16,8,2.060946208345602,187,155,8,12,0,0,17,40,6,12,7,20,8,18,14,0,4,3,2,0,0,0,0,0,0,0,0,0.361978666666667,0.3,0.6666666666666666,0,6,0,0,0,54.14274052620602,0.13333333333333333,2,0,0,0,2
471,4599849,Austrália,1974,5-2-3,balanced,União Soviética,1970,5-3-2,balanced,True,11786,90.2399999999918,2,0,CONSISTENT,2,16,3,1.6063100204372716,197,164,3,9,1,0,5,24,7,12,7,11,6,15,10,0,1,2,0,0,0,0,0,0,0,0,0,0.3558033333333355,0.3,0.6,0,5,0,0,0,53.47336025641908,0.13333333333333333,2,0,0,0,0
472,4607768,Iugoslávia,1958,5-3-2,direct,Tunísia,2018,5-3-2,counter,True,11970,90.00799999999192,0,2,CONSISTENT,2,17,4,2.1066275165125274,186,151,10,11,3,0,22,56,12,31,15,22,7,21,17,0,2,3,0,0,0,0,0,0,0,0,0,0.3527746666666651,0.3,0.36666666666666664,0,10,0,0,0,53.45058666241882,0.13333333333333333,2,0,0,0,0
473,4615687,Itália,1966,4-4-2,tiki,Holanda,1978,4-3-1-2,counter,True,11987,90.00799999999192,0,0,CONSISTENT,0,20,4,2.1098282215794417,189,163,17,10,0,0,10,35,7,22,11,28,7,16,9,0,4,5,0,0,0,0,0,0,0,0,0,0.43997666666666896,0.3,0.6,0,6,0,0,7,47.94795953273497,0.13333333333333333,0,0,0,0,0
474,4623606,Tunísia,2002,5-2-3,press,Dinamarca,1986,4-5-1,wings,True,12066,90.36799999999172,2,3,CONSISTENT,5,16,9,2.2725930462075503,184,154,2,12,0,0,8,30,8,13,8,14,4,18,12,0,4,0,0,0,0,0,0,0,0,0,0,0.34832999999999387,0.3,0.6666666666666666,0,7,0,0,0,53.478856598057284,0.13333333333333333,5,0,0,0,0
475,4631525,Hungria,1958,3-4-3,wings,Costa Rica,2006,5-3-2,press,True,12133,90.15999999999184,2,2,CONSISTENT,4,20,8,2.6912609649534227,188,146,14,10,0,0,9,20,17,2,1,24,5,21,15,0,4,4,0,0,0,0,0,0,0,0,0,0.3622540000000051,0.3133333333333333,0.6666666666666666,0,3,0,0,7,53.45203197911531,0.19999999999999998,2,0,0,0,2
476,4639444,EUA,2026,4-3-3,counter,Uruguai,1990,4-4-2,wings,True,12125,90.14399999999185,1,2,CONSISTENT,3,15,5,2.0185441853599824,179,152,14,13,2,0,17,49,10,20,8,30,9,22,17,0,2,3,1,0,0,0,0,0,0,0,0,0.3684293333333307,0.3,0.6666666666666666,0,9,0,0,0,53.45492592247643,0.13333333333333333,2,0,0,0,1
477,4647363,Hungria,1958,4-2-3-1,direct,Portugal,2026,4-5-1,wings,True,12241,90.0399999999919,1,1,CONSISTENT,2,24,5,3.656645363848413,177,146,16,15,2,0,16,38,10,11,1,31,13,31,22,1,3,5,0,0,0,0,0,0,0,0,0,0.4231813333333333,0.3133333333333333,0.8999999999999999,0,11,0,0,7,53.45138970321533,0.19999999999999998,2,0,0,0,0
478,4655282,Coreia do Sul,2010,5-2-3,wings,Itália,1974,4-5-1,balanced,True,11890,90.10399999999187,0,1,CONSISTENT,1,20,5,1.7748497744084721,190,164,8,10,2,0,8,30,5,11,7,13,4,14,12,0,4,3,0,0,0,0,0,0,0,0,0,0.3796393333333329,0.3,0.6666666666666666,0,6,0,0,0,53.40361634356332,0.13333333333333333,1,0,0,0,0
479,4663201,Hungria,1958,3-5-2,counter,Dinamarca,1998,4-2-4,balanced,True,11915,90.09599999999188,0,4,CONSISTENT,4,24,9,3.722171144692739,186,158,11,5,1,0,13,24,12,5,2,23,9,14,9,0,5,4,0,0,0,0,0,0,0,0,0,0.4126287390499923,0.3,0.4333333333333333,0,2,0,0,0,53.43855517039168,0.13333333333333333,2,0,0,0,2
480,4671120,EUA,2010,3-4-3,wings,Japão,2010,4-1-2-1-2,direct,True,12078,90.00799999999192,1,4,CONSISTENT,5,19,5,3.0017487635651388,179,147,10,11,2,1,15,40,9,19,7,25,9,15,9,0,0,1,1,0,0,0,0,0,0,0,0,0.3816554522616155,0.3,0.5666666666666667,0,8,0,0,0,53.46474898804469,0.13333333333333333,3,0,0,0,2
481,4679039,Hungria,1954,5-4-1,counter,Brasil,2002,5-3-2,balanced,True,11888,90.4239999999917,1,0,CONSISTENT,1,26,3,2.160002198263018,182,159,7,9,2,0,11,28,11,12,7,12,3,26,23,0,2,1,0,0,0,0,0,0,0,0,0,0.4531926666666666,0.3133333333333333,0.6,0,6,0,0,0,53.41078168722152,0.19999999999999998,1,0,0,0,0
482,4686958,Tunísia,1978,5-3-2,direct,Alemanha,2014,5-3-2,tiki,True,11947,90.02399999999191,0,1,CONSISTENT,1,22,5,0.8298716409760388,194,162,8,13,3,0,8,36,11,20,8,14,3,17,14,1,4,4,0,0,0,0,0,0,0,0,0,0.4459946666666659,0.3,0.6666666666666666,0,8,0,0,0,53.44371589555858,0.13333333333333333,1,0,0,0,0
483,4694877,Gana,2026,4-2-2-2,press,Holanda,2026,3-1-4-2,press,True,11743,90.09599999999188,0,1,CONSISTENT,1,12,4,2.0979242038854795,202,166,6,5,1,0,12,25,10,9,3,12,4,22,17,2,3,2,1,0,0,0,0,0,0,0,0,0.38093733333333335,0.3,0.6,0,2,0,0,0,53.425397668673256,0.13333333333333333,0,0,1,0,0
484,4702796,EUA,2010,4-2-2-2,counter,Espanha,1966,5-4-1,counter,True,12203,90.0399999999919,1,1,CONSISTENT,2,27,7,1.9963446298608878,178,157,14,16,2,0,19,63,4,34,21,20,5,19,14,0,5,5,1,0,0,0,0,0,0,0,0,0.3998960000000046,0.3,0.6666666666666666,0,11,0,0,0,54.36352867671096,0.13333333333333333,0,0,0,0,2
485,4710715,Gana,2022,4-1-2-1-2,counter,Áustria,1954,4-1-4-1,tiki,True,12111,90.03199999999191,0,3,CONSISTENT,3,21,6,2.729410591990788,182,148,13,9,0,0,16,38,13,17,6,29,13,21,16,0,3,8,0,0,0,0,0,0,0,0,0,0.4278079060900355,0.3,0.6,0,4,0,0,0,53.446668882098834,0.13333333333333333,2,0,0,0,1
486,4718634,Argentina,2006,4-2-3-1,wings,Holanda,1998,3-1-4-2,direct,True,11922,90.09599999999188,2,1,CONSISTENT,3,16,6,2.2833013221113543,189,167,4,12,3,0,15,38,6,12,9,14,7,11,9,0,3,2,0,0,0,0,0,0,0,0,0,0.40233466666666584,0.3133333333333333,0.6,0,6,0,0,0,53.42556793844671,0.19999999999999998,3,0,0,0,0
487,4726553,Irã,1998,4-3-3,park,Polônia,1986,4-1-4-1,wings,True,11932,90.00799999999192,0,3,CONSISTENT,3,14,5,2.6907357925094733,188,165,6,8,1,0,12,27,5,10,5,20,5,16,14,0,2,0,0,0,0,0,0,0,0,0,0,0.35851733333333435,0.3,0.6666666666666666,0,16,0,0,0,53.44341231832907,0.13333333333333333,1,0,0,0,2
488,4734472,EUA,1950,4-1-2-1-2,balanced,Suécia,2026,4-3-1-2,tiki,True,11893,90.15199999999184,1,2,CONSISTENT,3,15,8,2.503238573917726,202,168,7,11,2,0,9,28,8,8,5,13,5,8,5,1,5,2,0,0,0,0,0,0,0,0,0,0.42058533333333487,0.3,0.6333333333333333,0,15,0,0,0,53.446714044021746,0.13333333333333333,1,0,0,0,2
489,4742391,Gana,2022,3-4-3,press,Argentina,1994,3-4-3,wings,True,11746,90.36799999999172,1,2,CONSISTENT,3,16,7,2.1641585300578643,194,162,6,4,1,0,6,16,7,3,2,13,5,13,11,0,4,2,0,0,0,0,0,0,0,0,0,0.39989599999999975,0.3,0.6,0,2,0,0,0,53.42298131102623,0.13333333333333333,2,0,0,0,1
490,4750310,Tunísia,1978,3-4-3,direct,Hungria,1966,4-3-1-2,counter,True,12013,90.00799999999192,1,0,CONSISTENT,1,26,8,2.9641450809500887,181,156,12,7,2,0,13,29,7,11,6,25,13,30,28,1,7,5,0,0,0,0,0,0,0,0,0,0.4353746666666713,0.3133333333333333,0.6,0,5,0,0,0,53.44735178287956,0.19999999999999998,1,0,0,0,0
491,4758229,Gana,2026,3-5-2,press,Portugal,2014,3-5-2,direct,True,11540,90.31999999999175,0,0,CONSISTENT,0,9,2,0.7202629526559693,191,167,3,2,0,0,8,21,8,11,7,7,3,13,13,0,2,1,0,0,0,0,0,0,0,0,0,0.3591517252712561,0.3,0.36666666666666664,0,1,0,0,0,45.720972811613386,0.13333333333333333,0,0,0,0,0
492,4766148,EUA,2006,4-1-4-1,counter,Uruguai,1966,4-3-3,park,True,11959,90.31199999999176,2,2,CONSISTENT,4,20,6,3.715103898099579,186,161,8,11,5,1,12,53,7,25,18,21,3,19,13,0,2,1,1,0,0,0,0,0,0,0,0,0.3767680000000008,0.3,0.6,0,8,0,0,0,53.442151909408565,0.13333333333333333,3,1,0,0,0
493,4774067,Gana,2022,3-4-2-1,tiki,Colômbia,2014,5-2-3,tiki,True,12157,90.10399999999187,3,2,CONSISTENT,5,26,7,3.5698026707581842,180,152,10,13,2,0,5,28,8,12,5,24,14,17,14,0,2,5,0,0,0,0,0,0,0,0,0,0.37963933333333416,0.3,0.6666666666666666,0,6,0,0,0,53.47524071644816,0.13333333333333333,5,0,0,0,0
494,4781986,Coreia do Sul,1990,4-4-2,press,Argentina,1978,4-5-1,counter,True,11818,90.02399999999191,0,0,CONSISTENT,0,17,4,1.2046773397757153,201,171,4,9,1,0,10,40,8,17,11,9,4,22,16,1,4,4,0,0,0,0,0,0,0,0,0,0.46758080000000135,0.3,0.6333333333333333,0,5,0,0,7,42.065281205886805,0.13333333333333333,0,0,0,0,0
495,4789905,Hungria,1954,3-4-3,park,Escócia,1986,5-4-1,wings,True,11939,90.01599999999192,1,0,CONSISTENT,1,30,9,3.097274982178288,192,163,11,9,0,0,14,36,4,13,6,18,11,18,14,1,8,4,0,0,0,0,0,0,0,0,0,0.4349420000000053,0.3133333333333333,0.6666666666666666,0,4,0,0,0,53.40017567288778,0.19999999999999998,1,0,0,0,0
496,4797824,EUA,2010,5-4-1,direct,Holanda,1978,3-1-4-2,tiki,True,12151,90.31199999999176,1,2,CONSISTENT,3,26,7,3.2266101353776184,179,160,12,9,1,0,14,38,6,18,12,23,9,5,4,0,4,2,0,0,0,0,0,0,0,0,0,0.4399766666666685,0.3,1.3666666666666676,0,6,0,0,0,53.44718760616575,0.13333333333333333,2,0,0,0,1
497,4805743,Hungria,1954,4-4-2,direct,Bulgária,1974,4-3-1-2,counter,True,12174,90.03199999999191,4,2,CONSISTENT,6,20,8,1.8058738394556255,192,170,3,17,2,0,15,54,8,21,13,10,4,34,27,0,2,1,1,0,0,0,0,0,0,0,0,0.42833400000000166,0.3,0.6666666666666666,0,9,0,0,0,53.44937809691441,0.13333333333333333,4,0,0,0,2
498,4813662,Tunísia,1998,4-2-2-2,direct,Espanha,2002,4-2-2-2,press,True,11829,90.01599999999192,1,0,CONSISTENT,1,23,6,2.481751289770831,197,170,6,13,2,0,10,52,9,30,18,10,5,21,18,0,5,5,0,0,0,0,0,0,0,0,0,0.3866799999999992,0.3,0.49999999999999994,0,8,0,0,0,53.41634675608991,0.13333333333333333,0,0,0,0,1
499,4821581,Hungria,1954,5-2-3,press,México,2018,3-1-4-2,balanced,True,12048,90.00799999999192,4,0,CONSISTENT,4,20,8,4.318891470208741,192,159,5,14,2,0,10,42,9,15,10,16,7,29,20,0,4,1,0,0,0,0,0,0,0,0,0,0.43494200000000344,0.3,0.6666666666666666,0,11,0,0,0,53.41938670212777,0.13333333333333333,3,0,0,0,1
500,4829500,Iugoslávia,1950,3-4-2-1,direct,Inglaterra,1950,3-1-4-2,press,True,11720,90.47199999999167,0,1,CONSISTENT,1,10,2,0.9270857236838782,206,173,6,5,2,0,11,27,8,9,6,11,3,6,6,0,1,2,0,0,0,0,0,0,0,0,0,0.41050591732513464,0.3,0.6,0,4,0,0,0,54.74303695415961,0.13333333333333333,1,0,0,0,0
501,4837419,Hungria,1962,3-5-2,tiki,Bélgica,2022,4-3-2-1,balanced,True,11843,90.15199999999184,2,2,CONSISTENT,4,13,6,1.8496628143802247,189,165,4,10,3,0,8,28,5,13,7,17,6,22,20,0,2,1,1,0,0,0,0,0,0,0,0,0.3773580000000017,0.3,0.6,0,7,0,0,7,53.44184243715192,0.13333333333333333,3,0,1,0,0
502,4845338,Japão,2022,5-2-3,press,Brasil,2010,4-3-3,park,True,12068,90.02399999999191,1,3,CONSISTENT,4,18,10,2.612352864346953,183,146,11,7,2,0,15,29,11,12,4,32,11,30,20,0,6,4,1,0,0,0,0,0,0,0,0,0.42503000000000646,0.3,0.6666666666666666,0,4,0,0,0,53.44304423589054,0.13333333333333333,3,0,0,0,1
503,4853257,Gana,2022,4-3-2-1,wings,Alemanha,2006,5-2-3,counter,True,12155,90.0479999999919,0,0,CONSISTENT,0,22,5,1.987927165099233,193,159,19,9,2,0,10,26,9,10,4,30,7,24,17,2,5,5,0,0,0,0,0,0,0,0,0,0.426328,0.3,0.6333333333333333,0,5,0,0,0,60.15349075390975,0.13333333333333333,0,0,0,0,0
504,4861176,Iugoslávia,1990,4-2-4,wings,Romênia,1994,4-3-1-2,balanced,True,12058,90.34399999999174,2,3,CONSISTENT,5,22,9,3.9902975823067033,181,166,5,12,1,0,20,46,1,16,6,23,14,27,21,0,4,2,0,0,0,0,0,0,0,0,0,0.4467413333333375,0.3,0.6666666666666666,0,7,0,0,0,53.44781560019622,0.13333333333333333,5,0,0,0,0
505,4869095,Gana,2014,4-3-3,press,Iugoslávia,1958,5-2-3,tiki,True,11949,90.25599999999179,0,1,CONSISTENT,1,21,5,2.7832844342908025,184,151,10,7,3,0,3,14,10,4,1,29,10,21,14,0,4,2,0,0,0,0,0,0,0,0,0,0.37189066666667087,0.3133333333333333,0.6666666666666666,0,3,0,0,0,53.40073659110715,0.19999999999999998,1,0,0,0,0
506,4877014,Uruguai,1954,4-5-1,park,Chile,1950,4-2-2-2,tiki,True,12038,90.10399999999187,0,0,CONSISTENT,0,14,4,1.4544787229685543,188,158,9,17,5,0,15,52,6,30,13,17,1,12,8,0,4,0,0,0,0,0,0,0,0,0,0,0.36929466666666927,0.3,0.6666666666666666,0,14,0,0,0,41.7984889468163,0.13333333333333333,0,0,0,0,0
507,4884933,Itália,1978,4-1-2-1-2,tiki,Alemanha,1986,4-2-4,wings,True,11690,90.00799999999192,1,1,CONSISTENT,2,15,3,1.6267952314526637,201,170,6,6,0,0,5,25,6,11,6,14,5,8,5,0,1,2,0,0,0,0,0,0,0,0,0,0.4217260000000008,0.3,0.6333333333333333,0,0,0,0,0,53.42959567520887,0.13333333333333333,1,0,0,0,1
508,4892852,Iugoslávia,1982,4-1-4-1,tiki,Paraguai,2026,3-1-4-2,counter,True,11729,90.01599999999192,1,1,CONSISTENT,2,13,4,1.9065021992973508,200,170,4,5,0,0,6,19,6,10,4,10,5,12,9,0,2,1,0,0,0,0,0,0,0,0,0,0.3618213333333333,0.3,0.6,0,2,0,0,0,53.429103169952015,0.13333333333333333,2,0,0,0,0
509,4900771,Inglaterra,1962,4-2-2-2,direct,México,1998,4-2-2-2,tiki,True,11850,90.00799999999192,2,1,CONSISTENT,3,14,4,1.5948987461668631,191,160,2,12,2,1,20,42,6,20,5,13,9,11,7,0,1,2,0,0,0,0,0,0,0,0,0,0.4413442104841529,0.3,0.6666666666666666,0,6,0,0,0,53.47538091088882,0.13333333333333333,3,0,0,0,0
510,4908690,União Soviética,1970,4-4-2,balanced,Croácia,2002,5-3-2,tiki,True,11981,90.11999999999186,1,1,CONSISTENT,2,20,8,3.5352461076318127,184,157,13,10,0,0,9,36,7,18,13,25,7,10,9,0,6,2,0,0,0,0,0,0,0,0,0,0.38955133333333586,0.3,0.39999999999999997,0,7,0,0,0,55.33120521331553,0.13333333333333333,1,0,0,0,1
511,4916609,Itália,1978,4-3-1-2,wings,Austrália,2014,4-3-3,press,True,11712,90.25599999999179,0,0,CONSISTENT,0,11,0,1.2102152971244278,199,167,7,4,1,0,2,12,7,6,5,14,3,17,13,2,0,0,0,0,0,0,0,0,0,0,0,0.36068066666666804,0.3,0.6,0,2,0,0,0,38.41150392505006,0.13333333333333333,0,0,0,0,0
512,4924528,Iugoslávia,1954,4-5-1,park,Espanha,2026,4-2-2-2,balanced,True,11995,90.27199999999178,1,1,CONSISTENT,2,19,5,2.04441616246236,187,168,6,13,3,0,18,55,2,28,14,12,6,15,13,0,3,2,0,0,0,0,0,0,0,0,0,0.4531926666666638,0.3,0.6,0,12,0,0,7,53.42342507738887,0.13333333333333333,1,0,0,0,1
513,4932447,Alemanha,2014,3-1-4-2,wings,França,2018,4-3-2-1,tiki,True,11883,90.18399999999183,1,0,CONSISTENT,1,17,3,1.4614636281976692,193,164,2,13,2,0,23,42,8,6,0,12,6,18,15,0,2,2,0,0,0,0,0,0,0,0,0,0.40622866666666585,0.3133333333333333,0.6,0,9,0,0,7,53.41715707439642,0.19999999999999998,1,0,0,0,0
514,4940366,Tunísia,2018,4-4-2,park,Áustria,1934,4-3-1-2,wings,True,12161,90.10399999999187,2,3,CONSISTENT,5,26,7,3.4515182240040487,187,160,10,13,3,0,16,36,6,10,2,22,15,16,9,0,2,7,0,0,0,0,0,0,0,0,0,0.3871126666666686,0.3,0.6666666666666666,0,11,0,0,7,53.43376081006564,0.13333333333333333,3,0,0,0,2
515,4948285,Itália,1970,4-2-3-1,press,Senegal,2026,4-3-3,counter,True,12045,90.00799999999192,2,1,CONSISTENT,3,20,11,3.0565049537356828,181,150,11,10,2,0,15,41,12,13,9,34,15,30,21,0,8,4,0,0,0,0,0,0,0,0,0,0.42660333333333456,0.3,0.6666666666666666,0,7,0,0,0,53.425259191138935,0.13333333333333333,3,0,0,0,0
516,4956204,Iugoslávia,1962,4-2-4,tiki,México,1966,3-5-2,direct,True,11813,90.19199999999182,1,1,CONSISTENT,2,10,2,1.264809878565488,187,162,2,10,2,0,8,23,9,5,2,11,3,8,8,0,0,1,0,0,0,0,0,0,0,0,0,0.3840840000000064,0.3,0.6666666666666666,0,4,0,0,0,53.45856523971682,0.13333333333333333,2,0,0,0,0
517,4964123,Itália,1998,3-4-2-1,direct,Polônia,2002,4-3-2-1,counter,True,12093,90.00799999999192,3,2,CONSISTENT,5,23,8,3.391234685871119,197,180,4,17,4,0,19,55,5,29,14,10,2,16,14,0,3,4,2,0,0,0,0,0,0,0,0,0.4330828696789394,0.3,0.6666666666666666,0,8,0,0,7,53.45485079693949,0.13333333333333333,2,1,1,0,1
518,4972042,Argentina,2010,4-3-1-2,park,Suíça,1954,4-3-1-2,counter,True,12064,90.00799999999192,0,0,CONSISTENT,0,25,6,3.3535069709276835,192,162,15,14,1,0,16,67,13,26,20,24,5,24,18,0,6,5,0,0,0,0,0,0,0,0,0,0.4333686666666676,0.3,0.49999999999999994,0,10,0,0,0,47.03600016077056,0.13333333333333333,0,0,0,0,0
519,4979961,Japão,2002,5-4-1,counter,Colômbia,2018,5-2-3,park,True,12330,90.27999999999177,2,3,CONSISTENT,5,22,11,2.2075327860301437,180,162,11,15,2,0,7,48,0,28,16,20,7,19,16,2,6,2,0,0,0,0,0,0,0,0,0,0.41641599999999657,0.3,0.6,0,11,0,0,0,53.45381517053403,0.13333333333333333,3,0,0,0,2
520,4987880,Suíça,1994,4-5-1,wings,Paraguai,1998,4-4-2,press,True,11837,90.15199999999184,1,1,CONSISTENT,2,19,4,2.0742283377279738,196,165,4,13,3,0,18,47,8,26,10,14,7,20,15,0,2,3,0,0,0,0,0,0,0,0,0,0.37582145452101867,0.3,0.6666666666666666,0,5,0,0,0,53.446842483021975,0.13333333333333333,1,0,0,0,1
521,4995799,Alemanha,1978,4-2-4,park,Inglaterra,1982,4-3-3,wings,True,11899,90.00799999999192,2,3,CONSISTENT,5,22,7,2.4366474147891126,182,161,9,3,0,0,7,23,10,12,8,24,6,20,15,0,2,1,1,0,0,0,0,0,0,0,0,0.3915573333333343,0.3133333333333333,0.6,0,2,0,0,0,53.47658473834162,0.19999999999999998,2,0,0,0,3
522,5003718,Suíça,2006,4-5-1,direct,Argentina,2018,4-2-3-1,balanced,True,11943,90.27999999999177,0,2,CONSISTENT,2,17,2,2.184889255070077,191,166,10,11,0,0,14,43,3,25,13,16,0,11,10,0,0,0,0,0,0,0,0,0,0,0,0,0.42849133333333606,0.3,0.3333333333333333,0,11,0,0,0,53.4119117416973,0.13333333333333333,1,0,0,0,1
523,5011637,Alemanha,1970,4-3-3,direct,Coreia do Sul,2006,5-3-2,direct,True,11786,90.15199999999184,1,1,CONSISTENT,2,17,6,2.442547783488577,186,151,5,6,1,0,11,29,8,10,8,16,3,19,14,0,4,0,0,0,0,0,0,0,0,0,0,0.4053155497019353,0.3,0.8666666666666666,0,2,0,0,7,53.40093810714646,0.13333333333333333,2,0,0,0,0
524,5019556,Senegal,2022,3-4-2-1,counter,Uruguai,2026,4-3-1-2,counter,True,12132,90.19199999999182,0,3,CONSISTENT,3,21,8,3.8641445442941875,195,171,9,17,3,0,21,65,7,26,13,15,6,11,11,0,5,3,0,0,0,0,0,0,0,0,0,0.4501640000000027,0.3,0.6666666666666666,0,9,0,0,0,53.440406836395105,0.13333333333333333,1,0,0,0,2
525,5027475,Tchecoslováquia,1934,4-1-4-1,balanced,Brasil,1978,5-4-1,wings,True,11979,90.27199999999178,2,0,CONSISTENT,2,17,7,2.45786251721451,171,144,13,9,3,0,21,51,3,24,9,30,10,22,18,0,5,4,1,0,0,0,0,0,0,0,0,0.38322501308900453,0.3,0.6666666666666666,0,4,0,0,0,53.46348718997129,0.19999999999999998,1,0,0,0,1
526,5035394,Escócia,1990,4-3-3,wings,Itália,1966,3-1-4-2,balanced,True,12287,90.2239999999918,6,0,CONSISTENT,6,25,10,4.265900311276466,187,152,18,11,1,0,10,35,12,14,9,34,10,11,6,0,4,3,0,0,0,0,0,0,0,0,0,0.35765200000000263,0.3,0.6,0,7,0,0,0,53.41707250050828,0.13333333333333333,4,0,0,0,2
527,5043313,Tchecoslováquia,1958,3-1-4-2,tiki,Arábia Saudita,2002,4-1-2-1-2,direct,True,11989,90.0399999999919,0,3,CONSISTENT,3,13,3,2.1314980758521647,195,157,8,15,0,0,16,47,14,22,10,19,3,15,10,0,0,2,0,0,0,0,0,0,0,0,0,0.3710253333333356,0.3,0.6666666666666666,0,11,0,0,0,53.44460618730524,0.13333333333333333,2,0,0,0,1
528,5051232,Suíça,2006,4-2-4,park,Senegal,2026,4-2-3-1,press,True,12078,90.09599999999188,0,3,CONSISTENT,3,20,4,2.073588146152622,195,169,10,12,4,0,11,41,7,22,10,21,8,23,17,0,1,4,0,0,0,0,0,0,0,0,0,0.3646926666666674,0.3,0.6666666666666666,0,8,0,0,0,56.939632692356724,0.13333333333333333,3,0,0,0,0
529,5059151,Alemanha,1982,4-1-4-1,park,Hungria,1962,4-2-4,counter,True,11937,90.27999999999177,1,2,CONSISTENT,3,16,6,1.5574789135034908,188,147,7,10,5,0,6,26,22,12,3,21,9,20,15,0,3,4,1,0,0,0,0,0,0,0,0,0.4521699999999991,0.3,0.6333333333333333,0,5,0,0,0,53.48290476468781,0.13333333333333333,2,0,0,0,1
530,5067070,Suíça,2014,4-1-4-1,park,Polônia,1982,5-4-1,counter,True,11879,90.00799999999192,1,1,CONSISTENT,2,27,5,2.030673053055751,188,169,6,8,2,1,11,37,3,21,14,8,2,15,11,0,3,1,0,0,0,0,0,0,0,0,0,0.36728866666667237,0.3,0.6,0,7,0,0,0,53.44492951867478,0.13333333333333333,2,0,0,0,0
531,5074989,Alemanha,1986,4-2-2-2,direct,Tunísia,1978,4-5-1,balanced,True,11964,90.00799999999192,0,0,CONSISTENT,0,23,4,3.229953080335191,186,161,12,11,2,0,8,31,4,11,5,24,8,21,17,1,4,3,0,0,0,0,0,0,0,0,0,0.42172600000000166,0.3,0.6666666666666666,0,5,0,0,0,55.02616060458345,0.13333333333333333,0,0,0,0,0
532,5082908,Itália,2010,4-4-2,press,Espanha,1998,5-4-1,wings,True,11866,90.16799999999184,2,2,CONSISTENT,4,14,6,1.4191162354827027,194,178,4,10,2,0,9,32,5,11,6,14,3,14,13,0,2,1,0,0,0,0,0,0,0,0,0,0.37059266666667195,0.3133333333333333,0.6666666666666666,0,7,0,0,0,53.426879287026274,0.19999999999999998,4,0,0,0,0
533,5090827,Argélia,2026,3-4-3,counter,Itália,1994,4-3-1-2,direct,True,12098,90.0559999999919,1,1,CONSISTENT,2,22,8,2.636527146691066,184,152,12,13,3,0,16,41,12,14,7,27,13,22,17,1,6,8,0,0,0,0,0,0,0,0,0,0.39674933333333295,0.3133333333333333,0.6666666666666666,0,8,0,0,0,53.448493635352264,0.19999999999999998,1,0,0,0,1
534,5098746,Itália,2006,4-2-3-1,counter,Inglaterra,1970,3-4-2-1,balanced,True,11889,90.19199999999182,2,1,CONSISTENT,3,15,6,1.319732512937467,195,173,3,13,2,0,12,41,2,21,13,9,3,15,11,0,3,4,0,0,0,0,0,0,0,0,0,0.39730000000000304,0.3,0.6666666666666666,0,6,0,0,0,53.445465122372156,0.13333333333333333,3,0,0,0,0
535,5106665,Bélgica,2018,4-3-3,balanced,Brasil,1998,4-2-3-1,counter,True,12136,90.29599999999176,2,1,CONSISTENT,3,28,8,3.918591731103962,177,145,13,8,1,0,10,31,8,12,9,34,15,26,19,0,5,3,0,0,0,0,0,0,0,0,0,0.4510293333333385,0.3133333333333333,0.6,0,3,0,0,0,53.47743460367652,0.19999999999999998,2,0,0,0,1
536,5114584,Suíça,1962,3-4-3,tiki,Suécia,2006,5-4-1,tiki,True,11537,90.00799999999192,0,1,CONSISTENT,1,10,3,1.4959816765857843,213,188,3,2,0,0,2,7,5,2,2,4,1,2,1,1,2,1,0,0,0,0,0,0,0,0,0,0.362254000000002,0.3,0.3333333333333333,0,1,0,0,0,53.429656653938096,0.13333333333333333,1,0,0,0,0
537,5122503,Alemanha,2014,4-4-2,wings,Japão,2002,4-2-4,press,True,11885,90.00799999999192,2,1,CONSISTENT,3,22,4,2.457461701137026,198,157,10,4,1,0,4,24,13,12,9,17,8,19,13,3,1,5,1,0,0,0,0,0,0,0,0,0.42630276584856197,0.3,0.36666666666666664,0,1,0,0,7,53.40092741492263,0.13333333333333333,0,0,1,0,2
538,5130422,Suécia,2026,3-4-2-1,balanced,Dinamarca,2010,5-4-1,tiki,True,11634,90.00799999999192,0,0,CONSISTENT,0,7,0,0.6663293636467755,215,185,3,6,1,0,6,16,1,6,2,6,2,4,4,1,0,2,0,0,0,0,0,0,0,0,0,0.38157363948806944,0.3,0.5666666666666667,0,5,0,0,0,27.13140826244057,0.13333333333333333,0,0,0,0,0
539,5138341,França,1998,3-5-2,tiki,Itália,1982,4-5-1,press,True,11560,90.19199999999182,0,1,CONSISTENT,1,9,2,1.1029684086931875,211,187,0,5,0,0,7,21,7,11,6,5,3,17,14,0,1,1,0,0,0,0,0,0,0,0,0,0.3947719469693924,0.3,0.6333333333333333,0,3,0,0,0,53.42304098598422,0.13333333333333333,1,0,0,0,0
540,5146260,Escócia,1978,5-2-3,balanced,Polônia,2006,4-2-2-2,press,True,12002,90.31999999999175,1,1,CONSISTENT,2,26,12,3.476309971155188,182,162,9,11,2,0,11,41,4,19,13,20,9,26,22,0,10,5,0,0,0,0,0,0,0,0,0,0.3944286666666695,0.3,0.6666666666666666,0,6,0,0,7,53.416884038282156,0.13333333333333333,2,0,0,0,0
541,5154179,Dinamarca,2010,3-4-3,direct,Uruguai,2018,4-4-2,press,True,11822,90.0559999999919,2,1,CONSISTENT,3,22,10,3.201150524768349,208,174,6,4,1,0,6,16,13,3,1,18,9,19,15,0,7,3,1,0,0,0,0,0,0,0,0,0.3851066666666682,0.3,0.6666666666666666,0,2,0,0,0,53.4708274081287,0.13333333333333333,2,0,0,0,1
542,5162098,Arábia Saudita,2022,4-1-4-1,balanced,Costa Rica,2018,4-3-2-1,tiki,True,11970,90.00799999999192,2,0,CONSISTENT,2,10,2,1.3024514489269499,189,163,12,11,2,0,18,36,4,13,4,25,6,5,3,0,0,2,0,0,0,0,0,0,0,0,0,0.36555800000000266,0.3,0.6666666666666666,0,4,0,0,0,53.44292627789876,0.13333333333333333,2,0,0,0,0
543,5170017,França,1958,4-2-2-2,counter,Dinamarca,2002,4-2-4,park,True,11938,90.2319999999918,1,2,CONSISTENT,3,22,6,2.82263863569847,188,156,8,8,3,0,6,26,12,11,5,21,8,23,15,0,3,3,0,0,0,0,0,0,0,0,0,0.4250300000000016,0.3,0.6666666666666666,0,4,0,0,21,53.43242515237642,0.13333333333333333,2,0,0,0,1
544,5177936,Suécia,2002,4-2-4,direct,Itália,2006,4-1-2-1-2,tiki,True,11914,90.20799999999181,0,1,CONSISTENT,1,24,7,2.932546901662844,193,164,14,5,0,0,9,19,3,6,3,31,12,18,15,0,6,7,0,0,0,0,0,0,0,0,0,0.39903066666666975,0.3,0.6666666666666666,0,0,0,0,0,56.204851355613464,0.13333333333333333,1,0,0,0,0
545,5185855,Alemanha,1998,5-4-1,park,Brasil,1998,3-5-2,park,True,12276,90.29599999999176,1,1,CONSISTENT,2,26,8,3.1247237119130356,176,153,6,25,1,0,16,75,7,40,26,12,4,15,9,0,6,3,0,0,0,0,0,0,0,0,0,0.4327013693510738,0.3,0.6,0,21,0,0,0,53.41924939043644,0.13333333333333333,1,0,0,0,1
546,5193774,Suécia,2006,3-5-2,wings,Alemanha,1998,4-2-3-1,wings,True,12213,90.26399999999178,1,2,CONSISTENT,3,20,9,2.437626982732972,185,161,7,21,2,0,17,57,8,25,12,14,4,19,14,0,6,3,0,0,0,0,0,0,0,0,0,0.3944286666666685,0.3,0.6666666666666666,0,13,0,0,0,53.44591996404522,0.13333333333333333,3,0,0,0,0
547,5201693,Holanda,2026,4-4-2,park,França,2002,3-4-3,direct,True,11717,90.00799999999192,0,0,CONSISTENT,0,24,6,2.109742979592557,190,160,11,2,0,0,8,16,8,6,5,20,9,11,7,0,6,5,0,0,0,0,0,0,0,0,0,0.37963933333333216,0.3,0.3333333333333333,0,2,0,0,0,43.02124533571046,0.13333333333333333,0,0,0,0,0
548,5209612,Brasil,1962,3-1-4-2,wings,Austrália,2018,3-4-3,counter,True,11648,90.08799999999188,0,0,CONSISTENT,0,11,1,2.059692263998733,206,174,7,3,1,0,8,18,13,6,4,17,3,13,10,0,1,2,0,0,0,0,0,0,0,0,0,0.39263146014531153,0.3,0.3333333333333333,0,3,0,0,0,37.3385921092502,0.13333333333333333,0,0,0,0,0
549,5217531,Japão,2026,3-5-2,park,Espanha,2010,5-4-1,tiki,True,11945,90.00799999999192,1,1,CONSISTENT,2,19,4,1.5231450147479326,192,161,7,11,2,0,7,48,8,35,22,14,2,19,16,0,2,2,0,0,0,0,0,0,0,0,0,0.38282533333333596,0.3,0.5666666666666667,0,10,0,0,0,55.53403591918891,0.13333333333333333,1,0,0,0,1
550,5225450,Austrália,2022,3-5-2,park,Paraguai,2002,4-3-3,balanced,True,12025,90.27199999999178,1,3,CONSISTENT,4,16,8,2.268984186257667,197,166,11,9,3,0,17,51,12,26,15,21,6,16,14,0,4,4,0,0,0,0,0,0,0,0,0,0.38330655809830927,0.3,0.6,0,6,0,0,0,53.43920681223456,0.13333333333333333,3,0,0,0,1
551,5233369,Holanda,1990,4-5-1,wings,Alemanha,1954,5-3-2,counter,True,11851,90.29599999999176,1,1,CONSISTENT,2,17,3,2.0475496494951555,191,164,6,8,1,0,19,31,7,6,2,14,4,13,12,0,1,2,0,0,0,0,0,0,0,0,0,0.40736933333332975,0.3,0.6666666666666666,0,4,0,0,0,53.459851835204915,0.13333333333333333,1,0,0,0,1
552,5241288,Austrália,2022,4-2-4,balanced,Costa Rica,2014,4-2-2-2,wings,True,12080,90.08799999999188,0,1,CONSISTENT,1,14,4,1.4845080389806795,181,156,14,16,3,0,23,56,10,21,7,28,6,13,12,0,3,3,1,0,0,0,0,0,0,0,0,0.3659906666666687,0.3,0.6666666666666666,0,8,0,0,0,53.40009034598604,0.13333333333333333,0,0,0,0,1
553,5249207,Alemanha,2014,4-1-4-1,balanced,Dinamarca,2026,5-2-3,counter,True,11951,90.24799999999179,0,0,CONSISTENT,0,23,3,2.7222174481807544,180,160,17,5,0,0,3,25,3,16,13,33,11,21,17,1,3,4,0,0,0,0,0,0,0,0,0,0.4118140000000052,0.3133333333333333,0.6666666666666666,0,4,0,0,0,48.015582012414704,0.19999999999999998,0,0,0,0,0
554,5257126,Espanha,1950,5-4-1,park,Hungria,1954,4-5-1,tiki,True,12070,90.14399999999185,2,3,CONSISTENT,5,24,8,3.677556704717572,190,178,4,16,3,0,17,46,3,20,8,13,7,8,8,0,3,1,0,0,0,0,0,0,0,0,0,0.4243220000000003,0.3133333333333333,0.6333333333333333,0,10,0,0,0,53.48342472537535,0.19999999999999998,2,0,0,0,3
555,5265045,França,1982,4-2-2-2,balanced,Portugal,2022,4-2-4,park,True,12052,90.2319999999918,0,2,CONSISTENT,2,19,5,3.0496276668967472,192,161,13,11,2,0,9,31,7,15,4,31,11,21,16,1,3,4,0,0,0,0,0,0,0,0,0,0.4008988790259922,0.3,0.6666666666666666,0,8,0,0,0,53.44660419474132,0.13333333333333333,1,0,0,0,1
556,5272964,Espanha,1966,4-2-3-1,balanced,Tunísia,1978,3-1-4-2,direct,True,11959,90.4079999999917,1,0,CONSISTENT,1,12,3,1.6676646044826968,192,174,12,9,3,0,10,25,3,9,4,23,5,16,15,0,2,1,0,0,0,0,0,0,0,0,0,0.39989600000000114,0.3,0.6333333333333333,0,4,0,0,0,53.40071421379186,0.13333333333333333,0,0,0,0,1
557,5280883,Dinamarca,1986,4-5-1,balanced,Colômbia,1998,4-3-3,press,True,11897,90.0399999999919,1,0,CONSISTENT,1,19,2,2.7203341368101546,169,143,14,3,1,0,7,12,5,3,1,33,11,28,20,0,1,4,0,0,0,0,0,0,0,0,0,0.37779066666666894,0.3,0.6666666666666666,0,2,0,0,0,53.42338040224528,0.13333333333333333,0,0,0,0,1
558,5288802,União Soviética,1990,4-2-2-2,balanced,Tchecoslováquia,1934,5-4-1,direct,True,11880,90.09599999999188,0,0,CONSISTENT,0,14,4,1.4533871370024873,203,172,3,15,4,0,21,56,7,27,15,11,2,13,11,0,4,1,0,0,0,0,0,0,0,0,0,0.45779200000000103,0.3,0.6333333333333333,0,8,0,0,0,37.90539763047117,0.13333333333333333,0,0,0,0,0
559,5296721,França,1966,3-5-2,direct,Itália,1982,4-2-2-2,direct,True,12188,90.34399999999174,1,2,CONSISTENT,3,16,7,1.659970105497865,199,175,4,21,0,0,14,57,5,29,12,13,6,21,18,0,4,2,0,0,0,0,0,0,0,0,0,0.43380133333333476,0.3,0.6666666666666666,0,12,0,0,0,53.411117469644054,0.13333333333333333,2,0,0,0,1
560,5304640,União Soviética,1986,4-1-4-1,park,Suécia,1950,5-2-3,park,True,11871,90.12799999999186,0,1,CONSISTENT,1,22,4,1.95389231687864,195,168,8,10,2,0,12,48,6,26,20,15,5,22,14,1,3,2,0,0,0,0,0,0,0,0,0,0.3659906666666691,0.3,0.6666666666666666,0,8,0,0,7,53.40042979847743,0.13333333333333333,1,0,0,0,0
561,5312559,Alemanha,1998,3-1-4-2,wings,Gana,2010,4-3-2-1,park,True,11922,90.01599999999192,0,1,CONSISTENT,1,16,4,1.7724138532954503,209,175,10,9,4,0,14,36,14,14,7,21,5,22,15,0,3,3,0,0,0,0,0,0,0,0,0,0.39442866666666526,0.3,0.6666666666666666,0,2,0,0,0,53.43476049988569,0.13333333333333333,1,0,0,0,0
562,5320478,Marrocos,1986,4-3-2-1,park,Inglaterra,1986,4-3-3,wings,True,11730,90.38399999999172,1,1,CONSISTENT,2,12,3,1.3304676309452415,206,176,6,5,0,0,10,33,12,17,11,19,5,20,15,0,1,1,0,0,0,0,0,0,0,0,0,0.41971999999999887,0.3,0.39999999999999997,0,4,0,0,0,53.45612589194561,0.13333333333333333,2,0,0,0,0
563,5328397,Bélgica,2018,5-2-3,press,Bélgica,1990,4-3-1-2,park,True,11951,90.00799999999192,1,1,CONSISTENT,2,19,7,2.4370295137685396,188,158,5,12,2,0,17,57,11,28,18,13,6,27,20,0,5,4,0,0,0,0,0,0,0,0,0,0.4368299999999977,0.3,0.6666666666666666,0,6,0,0,0,53.408736084228465,0.13333333333333333,2,0,0,0,0
564,5336316,Marrocos,1986,4-3-3,press,Escócia,1986,3-4-2-1,press,True,11993,90.38399999999172,3,1,CONSISTENT,4,21,8,3.0336781778771766,189,152,11,5,1,0,14,28,16,6,3,20,5,22,14,1,4,2,1,0,0,0,0,0,0,0,0,0.3573766666666694,0.3,0.6666666666666666,0,3,0,0,0,53.464723860471715,0.13333333333333333,2,0,0,0,2
565,5344235,Áustria,1978,4-1-4-1,tiki,Nigéria,2014,3-1-4-2,tiki,True,11799,90.00799999999192,2,2,CONSISTENT,4,17,7,2.6584892314689137,194,166,9,3,0,0,7,13,8,2,1,19,7,11,6,0,3,2,0,0,0,0,0,0,0,0,0,0.4056386666666656,0.3,0.6,0,14,0,0,0,53.459160612697964,0.13333333333333333,1,0,0,0,3
566,5352154,Marrocos,1986,4-1-2-1-2,wings,Gana,2010,4-2-4,tiki,True,12089,90.24799999999179,1,1,CONSISTENT,2,17,3,2.2252575390901335,178,147,14,9,3,1,4,23,9,11,7,33,11,13,9,0,1,4,0,0,0,0,0,0,0,0,0,0.357376666666665,0.3,0.6666666666666666,0,1,0,0,0,53.41043350957875,0.13333333333333333,1,0,0,0,1
567,5360073,Áustria,1978,4-5-1,counter,Colômbia,2022,4-5-1,direct,True,12073,90.29599999999176,1,0,CONSISTENT,1,22,5,3.171516460384362,179,146,15,9,1,0,11,33,9,15,11,32,14,29,24,0,4,5,0,0,0,0,0,0,0,0,0,0.4056386666666686,0.3,0.6,0,4,0,0,0,53.44226360718149,0.13333333333333333,1,0,0,0,0
568,5367992,Marrocos,1998,4-2-3-1,counter,Uruguai,2026,4-5-1,park,True,11861,90.25599999999179,1,1,CONSISTENT,2,16,6,1.3855013948870756,196,167,0,15,2,0,12,73,8,49,26,10,5,20,16,0,4,2,0,0,0,0,0,0,0,0,0,0.3796442707230816,0.3,0.6666666666666666,0,9,0,0,0,53.43914482222853,0.13333333333333333,2,0,0,0,0
569,5375911,Inglaterra,2006,4-3-1-2,balanced,EUA,2006,4-2-2-2,press,True,12030,90.21599999999181,1,1,CONSISTENT,2,27,6,2.7500441795194415,196,169,5,13,1,0,9,36,9,15,7,9,4,22,16,1,4,2,0,0,0,0,0,0,0,0,0,0.389346130860073,0.3133333333333333,0.6,0,7,0,0,0,53.418120917596,0.19999999999999998,2,0,0,0,0
570,5383830,Espanha,1986,5-4-1,direct,Chile,1982,5-3-2,press,True,11988,90.15999999999184,1,0,CONSISTENT,1,19,5,1.6968141415626143,189,159,8,11,2,0,15,41,9,16,11,15,4,27,20,3,4,3,0,0,0,0,0,0,0,0,0,0.4118140000000023,0.3,0.6333333333333333,0,7,0,0,0,53.42955376013327,0.13333333333333333,0,0,0,0,1
571,5391749,Inglaterra,2010,5-2-3,park,Alemanha,1958,4-3-3,counter,True,11911,90.15199999999184,3,0,CONSISTENT,3,20,6,3.814940331872254,175,150,13,3,0,0,8,19,5,12,3,32,10,22,15,2,3,5,1,0,0,0,0,0,0,0,0,0.36972733333333624,0.3,0.6,0,1,0,0,7,53.461446171996144,0.13333333333333333,1,1,0,0,1
572,5399668,Espanha,2002,4-3-2-1,wings,Peru,1982,4-3-2-1,wings,True,12142,90.16799999999184,1,1,CONSISTENT,2,24,10,2.976440043695148,196,171,11,13,2,0,16,37,9,11,5,20,8,9,9,3,8,4,0,0,0,0,0,0,0,0,0,0.3573766666666705,0.3,0.6666666666666666,0,5,0,0,0,53.439499100789014,0.13333333333333333,1,0,0,0,1
573,5407587,Inglaterra,2026,4-4-2,park,Coreia do Sul,2022,4-2-3-1,balanced,True,12159,90.16799999999184,2,0,CONSISTENT,2,23,4,2.102723436626132,176,150,17,12,1,0,10,32,7,12,7,30,11,23,18,0,2,7,1,0,0,0,0,0,0,0,0,0.44945600000000074,0.3,0.6666666666666666,0,7,0,0,0,53.44543343441278,0.13333333333333333,1,0,0,0,1
574,5415506,Espanha,1998,4-5-1,counter,Argélia,1986,4-4-2,park,True,11904,90.00799999999192,0,3,CONSISTENT,3,21,10,1.6523869106655904,206,170,5,15,5,1,12,55,10,29,19,10,3,18,14,0,7,3,0,0,0,0,0,0,0,0,0,0.3805046666666674,0.3,0.6,0,6,0,0,7,53.42487720434957,0.13333333333333333,1,0,0,0,2
575,5423425,Inglaterra,2022,4-1-2-1-2,balanced,Inglaterra,2010,4-3-1-2,wings,True,12223,90.07999999999188,2,1,CONSISTENT,3,23,8,2.449106888588039,191,159,11,21,2,0,14,56,11,22,13,19,6,14,6,1,5,5,0,0,0,0,0,0,0,0,0,0.40032866666666345,0.3133333333333333,0.6666666666666666,0,11,0,0,0,53.41560100139738,0.19999999999999998,1,0,0,0,2
576,5431344,Espanha,1998,4-3-1-2,balanced,Holanda,2006,4-3-1-2,counter,True,12062,90.28799999999177,2,1,CONSISTENT,3,19,4,1.510207241292744,191,167,4,16,6,0,22,73,7,38,24,13,5,17,13,0,1,2,1,0,0,0,0,0,0,0,0,0.3924226666666689,0.3,0.6666666666666666,0,11,0,0,0,53.46873080675798,0.13333333333333333,1,0,0,0,2
577,5439263,Peru,1978,5-3-2,balanced,Suécia,1978,4-2-2-2,press,True,11691,90.35999999999173,2,0,CONSISTENT,2,11,5,1.3824205473017708,201,179,2,7,1,0,3,24,4,11,7,11,4,12,9,0,3,1,0,0,0,0,0,0,0,0,0,0.39214733333333307,0.3,0.6666666666666666,0,2,0,0,0,53.410082749698574,0.13333333333333333,1,0,0,0,1
578,5447182,Austrália,2022,4-2-2-2,press,Marrocos,2018,4-3-1-2,tiki,True,11748,90.00799999999192,0,1,CONSISTENT,1,14,3,1.2446762722998492,197,160,7,8,0,0,6,21,10,9,6,9,2,13,12,0,2,1,0,0,0,0,0,0,0,0,0,0.37357407838035683,0.3,0.6666666666666666,0,4,0,0,0,53.41982248369107,0.13333333333333333,0,0,0,0,1
579,5455101,Holanda,2026,4-4-2,direct,Dinamarca,2026,5-2-3,balanced,True,12137,90.11999999999186,2,2,CONSISTENT,4,17,10,3.2980945223212155,178,151,11,14,2,0,10,38,9,15,7,26,7,21,13,0,6,2,1,0,0,0,0,0,0,0,0,0.38093733333333535,0.3,0.6666666666666666,0,9,0,0,0,53.477544807342774,0.13333333333333333,2,1,0,0,1
580,5463020,Austrália,2006,4-4-2,wings,Camarões,2010,4-2-3-1,wings,True,11751,90.19199999999182,0,1,CONSISTENT,1,14,4,1.401371263509656,199,170,5,12,0,0,18,47,9,23,9,10,2,17,14,0,3,3,0,0,0,0,0,0,0,0,0,0.4090240000000016,0.3133333333333333,0.6666666666666666,0,3,0,0,0,53.46678998299093,0.19999999999999998,1,0,0,0,0
581,5470939,México,1998,4-1-2-1-2,tiki,Suíça,1994,4-2-2-2,tiki,True,11750,90.33599999999174,0,0,CONSISTENT,0,16,2,1.8339893271399856,199,165,7,7,2,0,9,31,10,13,8,15,5,10,9,0,2,2,0,0,0,0,0,0,0,0,0,0.36469266666666905,0.3133333333333333,0.5333333333333333,0,6,0,0,0,50.41716671442238,0.19999999999999998,0,0,0,0,0
582,5478858,Brasil,1962,5-2-3,tiki,Rússia,2014,4-2-2-2,direct,True,11948,90.15199999999184,2,2,CONSISTENT,4,21,5,2.439209760279261,194,156,9,9,0,0,8,25,7,12,3,22,7,29,19,0,1,1,0,0,0,0,0,0,0,0,0,0.454058,0.3,0.6,0,3,0,0,0,53.46913302984427,0.13333333333333333,3,0,0,0,1
583,5486777,Nigéria,1998,5-3-2,park,Itália,1950,4-2-4,tiki,True,11769,90.0559999999919,1,2,CONSISTENT,3,13,4,1.7538570203626445,207,182,4,8,3,0,10,29,10,12,7,16,4,14,9,0,1,0,0,0,0,0,0,0,0,0,0,0.38196000000000263,0.3,0.6666666666666666,0,4,0,0,0,53.45440890823443,0.13333333333333333,2,0,0,0,1
584,5494696,Camarões,1994,3-4-3,balanced,Croácia,2006,4-2-4,wings,True,11777,90.01599999999192,4,1,CONSISTENT,5,16,9,3.025065122152527,201,173,4,5,1,0,6,18,7,4,2,14,5,19,14,0,4,3,1,0,0,0,0,0,0,0,0,0.3714580000000071,0.3,0.3333333333333333,0,3,0,0,0,53.446757963902144,0.13333333333333333,3,0,0,0,2
585,5502615,Polônia,1986,5-4-1,balanced,Portugal,2018,5-4-1,press,True,12082,90.11199999999187,0,0,CONSISTENT,0,17,7,1.4242702301099013,190,164,8,18,2,0,11,48,5,26,14,15,2,20,15,0,7,3,0,0,0,0,0,0,0,0,0,0.35808466666666844,0.3,0.6666666666666666,0,13,0,0,0,40.491277820203116,0.13333333333333333,0,0,0,0,0
586,5510534,Suécia,1974,4-2-4,tiki,Argentina,2006,3-1-4-2,direct,True,11938,90.07999999999188,0,1,CONSISTENT,1,16,5,1.9037378009795773,194,164,8,11,3,1,9,35,13,13,9,19,6,13,8,0,4,2,0,0,0,0,0,0,0,0,0,0.3961593333333341,0.3,0.6333333333333333,0,6,0,0,0,53.41987653729722,0.13333333333333333,1,0,0,0,0
587,5518453,França,2006,3-5-2,balanced,Coreia do Sul,2006,4-1-2-1-2,counter,True,12169,90.28799999999177,0,1,CONSISTENT,1,25,5,3.858633198717098,185,160,14,10,1,0,13,40,11,15,10,26,15,24,17,0,4,8,0,0,0,0,0,0,0,0,0,0.4163275000000021,0.3,0.6666666666666666,0,8,0,0,7,53.423353692654445,0.13333333333333333,0,0,0,0,1
588,5526372,Coreia do Sul,2026,5-3-2,wings,Romênia,1970,4-2-3-1,counter,True,11989,90.03199999999191,2,2,CONSISTENT,4,15,7,1.6199987852397313,184,159,4,14,1,0,19,60,7,26,16,13,7,18,15,1,3,2,1,0,0,0,0,0,0,0,0,0.4333440000000012,0.3,0.6666666666666666,0,10,0,0,0,62.67929205056937,0.13333333333333333,3,0,0,0,1
589,5534291,Inglaterra,1950,5-4-1,counter,Alemanha,1958,5-2-3,wings,True,12158,90.36799999999172,1,1,CONSISTENT,2,14,4,1.4229519946129545,171,143,9,18,3,0,26,63,7,28,13,22,7,13,11,0,2,6,0,0,0,0,0,0,0,0,0,0.35986642532658053,0.3,0.6666666666666666,0,11,0,0,0,53.45797943275641,0.13333333333333333,1,0,0,0,1
590,5542210,Suécia,1970,3-4-3,counter,Costa Rica,2002,5-2-3,tiki,True,11689,90.35199999999173,0,0,CONSISTENT,0,9,1,1.023787675288689,198,174,9,0,0,0,4,5,4,1,1,16,4,12,9,0,1,4,0,0,0,0,0,0,0,0,0,0.37015999999999943,0.30666666666666664,0.3333333333333333,0,0,0,0,0,40.05575899732279,0.16666666666666666,0,0,0,0,0
591,5550129,França,1998,4-4-2,balanced,Iugoslávia,1950,4-2-4,balanced,True,11765,90.15999999999184,1,0,CONSISTENT,1,15,4,2.3731204669018116,199,166,8,9,1,0,12,31,10,14,5,15,4,18,11,0,3,3,0,0,0,0,0,0,0,0,0,0.4168150750595001,0.3,0.6666666666666666,0,1,0,0,0,53.45287710702317,0.13333333333333333,0,0,0,0,1
592,5558048,Polônia,2006,4-1-2-1-2,direct,Tchecoslováquia,1958,3-4-3,wings,True,12011,90.19199999999182,2,0,CONSISTENT,2,20,6,3.0360255382537544,188,145,12,7,2,0,13,29,10,9,6,25,9,18,11,0,4,4,0,0,0,0,0,0,0,0,0,0.37298412696211913,0.3,0.6,0,5,0,0,0,53.42302216703883,0.13333333333333333,1,0,0,0,1
593,5565967,Camarões,1998,4-2-2-2,direct,Uruguai,2014,4-3-1-2,park,True,11855,90.13599999999185,0,0,CONSISTENT,0,16,2,1.4989286630358352,201,173,3,15,2,0,14,50,7,26,14,8,0,28,22,0,2,0,0,0,0,0,0,0,0,0,0,0.400604000000003,0.3,0.6666666666666666,0,13,0,0,0,36.95117158138409,0.13333333333333333,0,0,0,0,0
594,5573886,Holanda,1974,4-1-2-1-2,direct,Brasil,1998,3-4-2-1,direct,True,12096,90.00799999999192,1,3,CONSISTENT,4,24,9,3.1924900380110013,185,162,7,16,3,1,21,66,7,22,17,20,7,17,13,0,5,1,0,0,0,0,0,0,0,0,0,0.45102933333333023,0.3,0.6666666666666666,0,9,0,0,7,53.44138079998242,0.13333333333333333,3,0,0,0,1
595,5581805,Argélia,1982,5-4-1,direct,Inglaterra,1966,4-2-3-1,press,True,11885,90.00799999999192,0,4,CONSISTENT,4,18,10,2.8553045370526027,190,165,6,10,1,0,10,35,5,15,8,16,4,18,15,0,6,1,0,0,0,0,0,0,0,0,0,0.4179893333333347,0.3,0.6666666666666666,0,3,0,0,0,53.45122424952533,0.13333333333333333,2,0,0,0,2
596,5589724,Japão,2022,4-3-1-2,balanced,Holanda,2010,3-5-2,wings,True,11818,90.0559999999919,0,1,CONSISTENT,1,13,4,1.2267893196499209,181,142,9,9,5,0,12,30,14,12,5,23,7,25,20,0,3,3,0,0,0,0,0,0,0,0,0,0.36485000000000173,0.3,0.6333333333333333,0,5,0,0,0,53.46920348920307,0.16666666666666666,1,0,0,0,0
597,5597643,Argélia,1986,4-1-4-1,wings,Espanha,2010,3-4-2-1,wings,True,11874,90.15999999999184,1,0,CONSISTENT,1,17,3,1.327824823378542,202,183,6,9,0,0,11,27,5,8,6,14,3,18,17,1,2,0,0,0,0,0,0,0,0,0,0,0.3993372608340324,0.3,0.6333333333333333,0,7,0,0,0,53.452325571398866,0.13333333333333333,1,0,0,0,0
598,5605562,Holanda,1978,5-4-1,park,Áustria,1982,4-5-1,tiki,True,11728,90.10399999999187,1,1,CONSISTENT,2,22,5,1.5735618028862306,194,179,4,6,1,0,3,27,3,16,12,10,4,20,18,0,3,2,0,0,0,0,0,0,0,0,0,0.40443050380132317,0.3133333333333333,0.6,0,3,0,0,7,53.41145722887521,0.19999999999999998,2,0,0,0,0
599,5613481,Brasil,1978,4-3-1-2,press,Brasil,1982,4-2-4,press,True,11972,90.00799999999192,1,2,CONSISTENT,3,21,7,2.3049662088780543,179,144,10,5,2,0,17,30,13,6,5,22,8,20,17,2,4,4,0,0,0,0,0,0,0,0,0,0.416416000000006,0.3,0.6,0,2,0,0,0,53.44425190698632,0.13333333333333333,3,0,0,0,0
600,5621400,Paraguai,2026,5-4-1,park,Tunísia,2026,4-1-2-1-2,wings,True,11914,90.07199999999189,2,2,CONSISTENT,4,22,7,1.7456294081374821,193,165,4,13,2,0,9,47,7,22,17,9,4,9,8,0,3,2,0,0,0,0,0,0,0,0,0,0.3899840000000001,0.3,0.6333333333333333,0,7,0,0,0,53.4016984480527,0.13333333333333333,4,0,0,0,0
601,5629319,Brasil,1974,5-3-2,counter,Japão,2026,3-1-4-2,park,True,11997,90.00799999999192,0,1,CONSISTENT,1,14,4,1.9047686044994823,187,159,11,12,3,0,9,34,11,14,7,25,7,13,9,0,3,4,0,0,0,0,0,0,0,0,0,0.3883459226510475,0.3,0.6333333333333333,0,8,0,0,0,53.42615839359553,0.13333333333333333,1,0,0,0,0
602,5637238,Espanha,2026,4-5-1,direct,Dinamarca,1998,4-3-2-1,press,True,12166,90.0479999999919,1,0,CONSISTENT,1,14,3,1.71331794639008,198,174,6,18,4,0,21,65,8,30,17,15,3,20,15,1,2,1,0,0,0,0,0,0,0,0,0,0.4294087433046859,0.3133333333333333,0.6666666666666666,0,9,0,0,0,53.40061647319068,0.19999999999999998,1,0,0,0,0
603,5645157,Croácia,2022,3-4-2-1,direct,Costa Rica,2014,4-2-4,wings,True,11987,90.37599999999172,1,3,CONSISTENT,4,16,4,1.641261450160835,186,166,9,10,0,0,12,31,9,13,6,21,6,27,22,1,0,2,0,0,0,0,0,0,0,0,0,0.3756273333333312,0.3,0.7,0,5,0,0,0,65.23274796511896,0.13333333333333333,2,0,0,0,2
604,5653076,Coreia do Sul,2010,3-5-2,counter,Uruguai,2002,4-1-2-1-2,press,True,11960,90.4079999999917,0,3,CONSISTENT,3,18,5,2.913544400571301,188,156,7,9,2,0,16,46,8,23,12,17,6,20,14,0,2,1,0,0,0,0,0,0,0,0,0,0.3593826666666659,0.3,0.6666666666666666,0,7,0,0,0,53.437933466487536,0.13333333333333333,3,0,0,0,0
605,5660995,Croácia,2022,4-4-2,direct,Romênia,1934,4-1-4-1,press,True,11850,90.4159999999917,2,0,CONSISTENT,2,15,3,1.7705301160573537,201,170,4,8,2,0,11,35,9,16,8,18,10,22,21,1,1,2,0,0,0,0,0,0,0,0,0,0.39084933333333044,0.3,0.7,0,3,0,0,0,53.46754742702708,0.13333333333333333,2,0,0,0,0
606,5668914,Espanha,2018,3-4-2-1,tiki,Itália,1934,4-3-1-2,balanced,True,11826,90.27199999999178,2,0,CONSISTENT,2,17,4,2.3066746912672436,190,166,10,2,0,0,10,16,6,3,1,24,8,18,15,0,2,1,0,0,0,0,0,0,0,0,0,0.4197199999999983,0.3,0.3333333333333333,0,2,0,0,0,53.41657018540359,0.13333333333333333,0,0,0,0,2
607,5676833,Paraguai,2006,3-1-4-2,wings,União Soviética,1970,4-2-4,press,True,11832,90.0559999999919,1,0,CONSISTENT,1,18,2,2.9555591119445745,185,154,7,6,2,0,22,31,17,3,0,15,3,21,15,1,1,1,0,0,0,0,0,0,0,0,0,0.37145799999999957,0.3,0.6,0,1,0,0,0,53.46656954823221,0.13333333333333333,0,0,0,0,1
608,5684752,Brasil,2002,4-2-2-2,tiki,Argélia,2014,3-1-4-2,counter,True,11986,90.17599999999183,1,0,CONSISTENT,1,19,5,2.1283046745387217,201,181,12,8,1,0,11,34,8,17,11,19,7,11,8,1,4,3,0,0,0,0,0,0,0,0,0,0.44030533371064257,0.3,0.6,0,6,0,0,0,53.400010837444334,0.13333333333333333,1,0,0,0,0
609,5692671,Nigéria,2018,4-2-4,wings,Peru,1970,5-4-1,direct,True,11854,90.06399999999189,0,1,CONSISTENT,1,17,1,2.311400467949035,191,163,6,11,1,0,8,36,7,20,12,15,3,24,14,1,0,4,1,0,0,0,0,0,0,0,0,0.3699553432984292,0.3,0.6666666666666666,0,2,0,0,0,53.41744490821863,0.13333333333333333,0,1,0,0,0
610,5700590,Colômbia,2022,4-2-4,balanced,Espanha,1986,4-3-3,wings,True,12136,90.09599999999188,1,1,CONSISTENT,2,32,8,5.013075312024574,188,151,13,12,3,0,9,30,9,8,4,29,13,27,18,2,6,6,1,0,0,0,0,0,0,0,0,0.3983226666666675,0.3133333333333333,0.6666666666666666,0,6,0,0,0,53.44263555406764,0.19999999999999998,1,0,1,0,0
611,5708509,Itália,1998,4-1-4-1,tiki,Áustria,1982,5-3-2,direct,True,11446,90.0479999999919,1,0,CONSISTENT,1,6,2,0.8354029914884663,205,186,0,2,1,0,4,7,1,2,0,0,0,8,7,0,1,1,0,0,0,0,0,0,0,0,0,0.3873879999999958,0.3,0.3333333333333333,0,0,0,0,0,53.41045313283783,0.13333333333333333,1,0,0,0,0
612,5716428,Argentina,2010,4-3-3,press,Dinamarca,1986,4-2-2-2,park,True,12044,90.18399999999183,6,1,CONSISTENT,7,31,11,4.543079947601871,195,173,8,7,0,0,8,22,8,10,7,20,10,22,18,0,4,3,0,0,0,0,0,0,0,0,0,0.40363266666666764,0.3,0.6666666666666666,0,4,0,0,14,53.44334094204386,0.13333333333333333,5,0,0,0,2
613,5724347,Itália,2006,5-4-1,press,Nigéria,1998,5-4-1,tiki,True,11786,90.01599999999192,0,1,CONSISTENT,1,17,7,2.200469150550619,188,169,8,11,1,0,12,33,1,15,4,15,4,9,6,0,6,4,0,0,0,0,0,0,0,0,0,0.37763333333333354,0.3,0.6333333333333333,0,4,0,0,7,53.411981675945526,0.13333333333333333,1,0,0,0,0
614,5732266,Colômbia,2022,4-2-2-2,tiki,Paraguai,1986,3-1-4-2,counter,True,11822,90.02399999999191,1,1,CONSISTENT,2,22,9,2.9843284966281707,199,173,9,4,0,0,7,19,5,9,6,16,8,5,4,0,7,7,0,0,0,0,0,0,0,0,0,0.38050466666666666,0.3,0.6666666666666666,0,2,0,0,0,53.40716360655681,0.13333333333333333,1,0,0,0,1
615,5740185,Nigéria,2014,4-2-4,counter,Alemanha,1970,4-5-1,direct,True,12023,90.4159999999917,1,1,CONSISTENT,2,22,6,2.6239682359869256,173,140,9,11,1,0,7,27,11,12,4,27,12,26,23,0,4,6,1,0,0,0,0,0,0,0,0,0.42475466666666584,0.3,0.6,0,6,0,0,0,53.40201210678771,0.13333333333333333,1,0,0,0,1
616,5748104,Bulgária,1966,4-2-2-2,press,Colômbia,1998,5-2-3,park,True,11906,90.35199999999173,0,1,CONSISTENT,1,17,3,1.7365664756232675,186,155,8,8,3,0,5,22,7,11,4,21,7,25,16,0,2,5,0,0,0,0,0,0,0,0,0,0.3606806666666618,0.3,0.6,0,5,0,0,0,53.406502113116595,0.13333333333333333,0,0,0,0,1
617,5756023,Nigéria,2014,3-4-3,balanced,Coreia do Sul,2006,4-1-2-1-2,direct,True,11896,90.15199999999184,1,3,CONSISTENT,4,10,4,1.121767076443646,201,160,1,14,2,0,18,57,11,23,13,12,4,15,9,0,0,0,0,0,0,0,0,0,0,0,0,0.36343087590605355,0.3,0.6666666666666666,0,10,0,0,0,53.450807627077324,0.13333333333333333,3,0,0,0,1
618,5763942,Colômbia,2014,4-5-1,balanced,Romênia,1934,3-5-2,wings,True,11716,90.17599999999183,0,0,CONSISTENT,0,14,4,1.3362348070450483,191,168,5,6,2,0,7,19,5,7,5,19,5,7,6,0,4,1,0,0,0,0,0,0,0,0,0,0.37963933333333305,0.3133333333333333,0.6,0,3,0,0,0,44.619167088742856,0.19999999999999998,0,0,0,0,0
619,5771861,Croácia,1998,4-3-3,press,Portugal,1966,4-2-4,direct,True,11865,90.57599999999161,1,2,CONSISTENT,3,21,7,3.282574540625214,192,156,8,1,0,0,6,13,10,4,4,23,11,19,15,1,4,3,0,0,0,0,0,0,0,0,0,0.4105121407687113,0.3,0.6,0,0,0,0,0,53.47849097485733,0.13333333333333333,2,0,0,0,1
620,5779780,Coreia do Sul,1986,4-3-1-2,counter,Tunísia,2022,3-1-4-2,tiki,True,11752,90.00799999999192,0,0,CONSISTENT,0,8,3,1.405622216859358,178,155,7,11,0,0,14,40,7,16,4,16,6,9,8,0,3,2,0,0,0,0,0,0,0,0,0,0.3556460000000049,0.3,0.49999999999999994,0,8,0,0,0,43.74416723751662,0.13333333333333333,0,0,0,0,0
621,5787699,Croácia,2006,4-2-2-2,tiki,Colômbia,2018,4-1-4-1,park,True,11973,90.00799999999192,0,2,CONSISTENT,2,18,7,2.8271696891636253,194,164,10,10,2,0,14,30,4,12,3,21,10,17,12,1,5,5,0,0,0,0,0,0,0,0,0,0.4120585558249262,0.3,0.6666666666666666,0,4,0,0,0,53.8668963863482,0.13333333333333333,1,0,0,0,1
622,5795618,Rússia,1994,4-3-2-1,wings,Japão,2006,3-5-2,tiki,True,11514,90.10399999999187,0,0,CONSISTENT,0,5,0,0.9504439187297304,202,180,1,5,0,0,4,11,2,4,2,3,2,3,3,0,0,0,0,0,0,0,0,0,0,0,0,0.34459333333333136,0.3,0.6,0,3,0,0,0,38.64264334413222,0.13333333333333333,0,0,0,0,0
623,5803537,Brasil,1990,5-4-1,direct,Croácia,2006,4-3-1-2,counter,True,11885,90.20799999999181,1,0,CONSISTENT,1,19,6,1.9705260648045484,194,163,6,11,2,0,13,45,7,24,15,11,3,19,11,2,5,2,0,0,0,0,0,0,0,0,0,0.3838086666666667,0.3,0.6666666666666666,0,8,0,0,0,53.407675121462646,0.13333333333333333,1,0,0,0,0
624,5811456,Peru,2022,4-5-1,park,Brasil,1958,4-3-2-1,wings,True,11798,90.10399999999187,0,1,CONSISTENT,1,24,8,2.3669120208223444,197,175,7,8,3,0,9,37,5,18,14,15,7,16,15,0,7,3,0,0,0,0,0,0,0,0,0,0.41986365978782314,0.3,0.3333333333333333,0,6,0,0,0,53.40000287906185,0.13333333333333333,1,0,0,0,0
625,5819375,Costa Rica,2006,4-1-4-1,tiki,Marrocos,2026,5-2-3,balanced,True,12330,90.0399999999919,0,0,CONSISTENT,0,25,4,3.2758269396044737,180,154,25,7,1,0,10,23,8,8,4,47,14,24,18,5,4,4,0,0,0,0,0,0,0,0,0,0.45433333333333564,0.3,0.6,0,3,0,0,0,49.126443095246195,0.13333333333333333,0,0,0,0,0
626,5827294,Arábia Saudita,1998,4-1-2-1-2,wings,França,1982,4-2-2-2,balanced,True,12011,90.15199999999184,1,1,CONSISTENT,2,11,5,1.1199341103077955,193,169,2,21,8,1,16,52,6,26,11,11,2,20,16,0,3,1,0,0,0,0,0,0,0,0,0,0.3685866666666698,0.3,0.6666666666666666,0,10,0,0,0,53.409841826423595,0.13333333333333333,2,0,0,0,0
627,5835213,Argentina,2026,3-4-2-1,park,Argentina,2006,5-2-3,direct,True,12145,90.30399999999176,2,2,CONSISTENT,4,26,9,4.823539219093291,180,149,14,11,2,0,13,37,8,12,9,29,11,15,10,0,5,1,0,0,0,0,0,0,0,0,0,0.39659200000000105,0.3133333333333333,0.6666666666666666,0,8,0,0,0,53.41270215832179,0.19999999999999998,2,0,0,0,2
628,5843132,México,1986,4-4-2,park,Escócia,1990,5-4-1,tiki,True,11950,90.00799999999192,1,3,CONSISTENT,4,20,7,2.5175307231728747,196,168,5,14,2,0,5,36,5,17,8,12,5,12,9,0,3,6,0,0,0,0,0,0,0,0,0,0.3626866666666699,0.3,0.5333333333333333,0,7,0,0,7,53.47264199578817,0.13333333333333333,3,0,0,0,1
629,5851051,Costa Rica,2006,5-4-1,wings,Suécia,2002,4-1-4-1,counter,True,12166,90.15199999999184,1,1,CONSISTENT,2,11,5,1.7891585066884241,184,156,11,20,2,0,21,57,6,21,10,22,5,10,9,0,3,2,0,0,0,0,0,0,0,0,0,0.3593826666666726,0.3133333333333333,0.6666666666666666,0,12,0,0,0,53.402264344241885,0.19999999999999998,1,0,0,0,1
630,5858970,Arábia Saudita,1998,4-3-1-2,counter,Camarões,1990,4-1-4-1,counter,True,11970,90.18399999999183,0,0,CONSISTENT,0,27,4,2.5354284331908765,184,154,10,10,1,0,17,64,13,37,25,19,9,19,17,0,4,4,0,0,0,0,0,0,0,0,0,0.39631666666666737,0.3,0.6333333333333333,0,7,0,0,0,53.18565752478562,0.16666666666666666,0,0,0,0,0
631,5866889,Camarões,1990,3-5-2,balanced,Itália,1934,4-3-3,direct,True,11909,90.4079999999917,0,5,CONSISTENT,5,15,6,2.86880306633914,188,153,8,7,1,0,7,39,9,18,12,21,9,14,8,0,1,2,0,0,0,0,0,0,0,0,0,0.4197199999999989,0.3133333333333333,0.6666666666666666,0,3,0,0,0,53.45046180112445,0.19999999999999998,5,0,0,0,0
632,5874808,Polônia,1982,4-1-2-1-2,wings,Portugal,1966,4-2-2-2,tiki,True,11785,90.07999999999188,1,0,CONSISTENT,1,16,5,2.555660852387824,189,164,9,9,0,0,22,49,5,19,10,17,4,11,7,0,4,3,0,0,0,0,0,0,0,0,0,0.46427679999999716,0.3,0.6333333333333333,0,4,0,0,0,53.421803330640515,0.13333333333333333,0,0,0,0,1
633,5882727,Costa Rica,2018,4-2-3-1,press,Uruguai,2026,4-5-1,balanced,True,11875,90.4079999999917,1,3,CONSISTENT,4,19,8,2.805927554482204,182,157,5,7,2,0,11,24,13,3,2,14,6,18,13,0,4,1,0,0,0,0,0,0,0,0,0,0.40276733333332654,0.3,0.6,0,4,0,0,0,53.4110420166067,0.13333333333333333,4,0,0,0,0
634,5890646,Arábia Saudita,2002,3-4-2-1,park,Colômbia,2014,3-4-2-1,balanced,True,11869,90.0559999999919,0,3,CONSISTENT,3,21,3,3.126427449625646,198,165,10,9,2,0,10,32,10,13,9,15,3,7,5,0,0,3,1,0,0,0,0,0,0,0,0,0.403975624411633,0.3,0.6,0,4,0,0,0,53.42403646162519,0.13333333333333333,1,1,0,0,1
635,5898565,Inglaterra,1950,5-4-1,tiki,Alemanha,1970,4-3-3,press,True,11913,90.00799999999192,0,4,CONSISTENT,4,23,10,2.9990241748908106,179,144,9,7,2,0,6,15,12,6,2,18,5,21,15,0,6,3,0,0,0,0,0,0,0,0,0,0.3690193333333382,0.3,0.36666666666666664,0,3,0,0,7,53.47352579649634,0.13333333333333333,3,0,0,0,1
636,5906484,União Soviética,1970,4-1-4-1,tiki,Peru,2022,4-3-3,balanced,True,11652,90.00799999999192,0,0,CONSISTENT,0,17,4,1.5064107856188724,195,171,6,4,0,0,8,27,5,17,9,18,7,25,21,0,4,2,0,0,0,0,0,0,0,0,0,0.3558033333333345,0.3,0.6,0,2,0,0,0,45.723342729892224,0.13333333333333333,0,0,0,0,0
637,5914403,Portugal,1966,4-3-2-1,press,Austrália,2010,5-3-2,balanced,True,11716,90.01599999999192,2,1,CONSISTENT,3,17,7,1.5559910934975323,202,173,2,6,1,0,9,25,8,9,4,9,3,19,16,0,4,1,0,0,0,0,0,0,0,0,0,0.38532243879759986,0.3,0.6666666666666666,0,3,0,0,7,53.411420743471425,0.13333333333333333,2,0,0,0,1
638,5922322,Colômbia,1998,3-1-4-2,park,Escócia,1978,4-3-2-1,tiki,True,11710,90.07999999999188,1,0,CONSISTENT,1,18,6,2.239464809869633,207,179,6,7,1,0,12,31,9,13,7,15,7,16,12,0,5,2,0,0,0,0,0,0,0,0,0,0.3886860000000016,0.3,0.6333333333333333,0,4,0,0,0,53.441108565777554,0.13333333333333333,1,0,0,0,0
639,5930241,Portugal,1966,4-5-1,counter,Marrocos,2026,3-5-2,wings,True,11770,90.0399999999919,1,1,CONSISTENT,2,20,7,3.775569322174479,184,159,6,8,2,0,6,29,2,15,9,18,10,12,12,0,5,2,0,0,0,0,0,0,0,0,0,0.45433333333333376,0.3,0.6333333333333333,0,3,0,0,0,54.21261614633659,0.13333333333333333,1,0,0,0,1
640,5938160,Colômbia,1994,4-3-2-1,press,Alemanha,1982,4-3-3,press,True,12120,90.18399999999183,1,4,CONSISTENT,5,28,10,5.870298976918058,187,158,9,11,4,0,8,29,6,6,2,24,10,27,21,0,5,3,1,0,0,0,0,0,0,0,0,0.4521700000000031,0.3,0.6666666666666666,0,5,0,0,0,53.44425994796737,0.13333333333333333,2,0,0,0,3
641,5946079,Romênia,1970,3-1-4-2,counter,Espanha,1966,4-1-2-1-2,tiki,True,11723,90.25599999999179,0,1,CONSISTENT,1,17,2,1.4956310948985851,201,176,2,10,0,0,15,33,10,13,5,9,5,16,13,0,1,4,0,0,0,0,0,0,0,0,0,0.3787591875292195,0.3133333333333333,0.6666666666666666,0,5,0,0,0,53.4303128093112,0.19999999999999998,1,0,0,0,0
642,5953998,Colômbia,1990,5-2-3,counter,México,2002,4-2-4,press,True,11933,90.00799999999192,1,0,CONSISTENT,1,21,8,2.585705136699508,181,154,6,15,2,0,14,49,2,21,12,24,11,26,22,0,7,4,0,0,0,0,0,0,0,0,0,0.3688620000000026,0.3,0.6666666666666666,0,4,0,0,0,53.40968866656388,0.13333333333333333,1,0,0,0,0
643,5961917,Romênia,1934,3-5-2,balanced,Dinamarca,1998,5-2-3,park,True,11800,90.17599999999183,2,0,CONSISTENT,2,14,8,1.139750919397926,196,168,4,9,0,0,18,55,6,31,23,12,4,18,13,0,6,1,0,0,0,0,0,0,0,0,0,0.39839311499087104,0.3,0.6,0,6,0,0,0,53.420397058572334,0.13333333333333333,2,0,0,0,0
644,5969836,Colômbia,1990,3-4-2-1,press,Gana,2026,4-5-1,press,True,11471,90.12799999999186,0,0,CONSISTENT,0,7,1,0.7843685439558292,205,188,1,3,1,0,5,11,1,4,2,2,0,6,4,0,1,1,0,0,0,0,0,0,0,0,0,0.37489020097590414,0.3,0.6333333333333333,0,1,0,0,0,30.1735222710719,0.13333333333333333,0,0,0,0,0
645,5977755,Romênia,1970,5-3-2,park,Paraguai,1986,4-4-2,park,True,12054,90.12799999999186,2,1,CONSISTENT,3,14,5,1.8229032636729845,201,170,8,16,1,0,13,44,9,16,8,15,3,18,12,0,2,0,0,0,0,0,0,0,0,0,0,0.351634,0.3,0.7,0,7,0,0,0,53.41248094181949,0.13333333333333333,2,0,0,0,1
646,5985674,Colômbia,1994,4-2-3-1,direct,EUA,2010,3-5-2,wings,True,11879,90.00799999999192,0,0,CONSISTENT,0,19,3,1.7487807866002312,188,160,6,12,2,0,15,41,8,18,7,23,13,17,12,1,3,5,0,0,0,0,0,0,0,0,0,0.4392726667482826,0.3,0.6666666666666666,0,4,0,0,0,40.21222876967855,0.13333333333333333,0,0,0,0,0
647,5993593,Portugal,2014,4-1-2-1-2,counter,Colômbia,2022,4-2-3-1,tiki,True,11825,90.26399999999178,1,2,CONSISTENT,3,14,4,2.005696213602606,189,166,7,4,1,0,12,31,5,18,10,23,9,23,20,0,1,3,0,0,0,0,0,0,0,0,0,0.3983226666666656,0.3,0.6666666666666666,0,2,0,0,0,53.41745300572045,0.13333333333333333,2,0,0,0,1
648,6001512,Chile,1998,3-1-4-2,press,Croácia,2026,4-2-4,balanced,True,11636,90.4159999999917,1,0,CONSISTENT,1,13,1,2.1728374418515073,211,178,2,6,1,0,3,12,10,5,2,9,6,15,11,1,0,2,0,0,0,0,0,0,0,0,0,0.39084933333333,0.3,0.6666666666666666,0,0,0,0,0,53.40004874463478,0.13333333333333333,1,0,0,0,0
649,6009431,Portugal,2014,3-4-3,counter,Portugal,1986,5-2-3,tiki,True,11707,90.0479999999919,2,2,CONSISTENT,4,16,5,1.8461187273974946,188,164,9,0,0,0,7,14,5,6,2,24,10,16,13,0,1,4,0,0,0,0,0,0,0,0,0,0.35694399999999865,0.3,0.3333333333333333,0,0,0,0,0,53.71732464169605,0.13333333333333333,3,0,0,0,1
650,6017350,Chile,1982,4-1-2-1-2,counter,Tunísia,2022,3-1-4-2,press,True,12043,90.00799999999192,1,1,CONSISTENT,2,9,4,1.047752909403518,196,162,4,20,2,0,17,49,12,19,6,12,3,15,10,0,2,1,0,0,0,0,0,0,0,0,0,0.3556459999999988,0.3,0.6666666666666666,0,12,0,0,0,53.414476781092596,0.13333333333333333,1,0,0,0,1
651,6025269,Portugal,2026,4-2-2-2,balanced,Bulgária,1986,4-5-1,park,True,12097,90.2239999999918,0,0,CONSISTENT,0,12,0,1.4530367024714776,194,161,9,14,4,1,11,34,5,15,6,22,5,19,13,0,0,1,0,0,0,0,0,0,0,0,0,0.43250333333333457,0.3,0.6666666666666666,0,9,0,0,0,45.367218484538505,0.13333333333333333,0,0,0,0,0
652,6033188,Romênia,1934,5-4-1,wings,Irã,1978,4-1-2-1-2,direct,True,11753,90.19199999999182,0,0,CONSISTENT,0,20,2,2.240844138806124,201,170,7,5,1,0,8,25,12,11,7,17,7,19,17,0,2,3,0,0,0,0,0,0,0,0,0,0.35808466666666616,0.3,0.6,0,3,0,0,0,39.5752474659837,0.13333333333333333,0,0,0,0,0
653,6041107,Chile,2014,4-2-3-1,counter,Paraguai,1986,4-3-2-1,balanced,True,12174,90.24799999999179,2,1,CONSISTENT,3,21,8,3.7607032754102763,176,163,5,19,6,1,24,64,5,32,13,16,10,26,23,0,5,3,0,0,0,0,0,0,0,0,0,0.4135134649948784,0.3,0.6,0,16,0,0,0,53.41595462277103,0.13333333333333333,2,0,0,0,1
654,6049026,Romênia,1934,4-2-2-2,press,Iugoslávia,1974,5-3-2,wings,True,12102,90.52799999999164,1,2,CONSISTENT,3,20,7,2.235711943929857,188,159,9,13,3,0,16,35,11,11,4,18,9,17,12,1,4,5,0,0,0,0,0,0,0,0,0,0.3593826666666709,0.3,0.6,0,8,0,0,0,53.45784482056457,0.13333333333333333,2,0,0,0,1
655,6056945,Brasil,2026,3-4-2-1,balanced,Argentina,1978,3-5-2,press,True,11736,90.32799999999175,1,0,CONSISTENT,1,14,4,1.2095508721713444,197,161,2,8,2,0,6,18,13,5,3,8,1,10,8,0,3,1,0,0,0,0,0,0,0,0,0,0.4037749389176381,0.3,0.6333333333333333,0,1,0,0,0,53.418284181902564,0.13333333333333333,1,0,0,0,0
656,6064864,Portugal,1986,4-1-4-1,park,Dinamarca,2018,4-2-3-1,park,True,11758,90.00799999999192,1,0,CONSISTENT,1,18,7,1.1236601957203565,189,166,0,12,1,0,19,57,7,34,24,4,1,15,9,0,6,0,0,0,0,0,0,0,0,0,0,0.3970099755150771,0.3133333333333333,0.6666666666666666,0,8,0,0,0,53.44779878363008,0.19999999999999998,1,0,0,0,0
657,6072783,Colômbia,2018,4-3-2-1,balanced,Uruguai,1950,4-2-4,direct,True,11902,90.11999999999186,0,2,CONSISTENT,2,21,4,2.1131145285507467,187,160,4,13,0,0,19,43,5,14,7,14,7,30,24,0,2,5,0,0,0,0,0,0,0,0,0,0.3932880000000003,0.3,0.6666666666666666,0,8,0,0,0,53.47779502217646,0.13333333333333333,2,0,0,0,0
658,6080702,Polônia,2006,4-2-4,balanced,Brasil,1978,5-4-1,balanced,True,11794,90.21599999999181,0,0,CONSISTENT,0,10,0,1.6794035938440863,195,160,7,11,1,0,10,30,8,11,4,16,3,17,12,0,0,1,0,0,0,0,0,0,0,0,0,0.3646926666666655,0.3,0.6666666666666666,0,6,0,0,0,40.408100405636404,0.13333333333333333,0,0,0,0,0
659,6088621,Argentina,2002,4-1-4-1,direct,Áustria,1978,4-2-2-2,balanced,True,11907,90.0559999999919,1,0,CONSISTENT,1,23,5,3.264848452025757,189,165,10,8,2,0,4,25,6,13,6,18,11,18,13,1,4,5,0,0,0,0,0,0,0,0,0,0.41511800000000165,0.3,0.6,0,1,0,0,0,53.42046811024533,0.13333333333333333,1,0,0,0,0
660,6096540,Portugal,1986,4-1-2-1-2,counter,Suécia,1970,3-4-3,press,True,11879,90.33599999999174,1,3,CONSISTENT,4,19,5,2.1920456873186924,206,166,6,4,1,0,7,23,15,11,7,17,4,20,14,0,1,1,0,0,0,0,0,0,0,0,0,0.3639720963464142,0.3,0.39999999999999997,0,4,0,0,0,53.42890157534221,0.13333333333333333,3,0,0,0,1
661,6104459,Colômbia,2014,4-2-4,press,Holanda,1978,3-5-2,direct,True,11857,90.00799999999192,1,4,CONSISTENT,5,25,7,2.7049227078225524,185,153,6,4,0,0,8,20,19,7,6,20,8,19,16,0,2,2,0,0,0,0,0,0,0,0,0,0.38942179477250416,0.3,0.6,0,2,0,0,7,53.47535632127629,0.13333333333333333,5,0,0,0,0
662,6112378,Portugal,2006,4-4-2,counter,Inglaterra,1998,4-3-1-2,counter,True,12044,90.29599999999176,1,2,CONSISTENT,3,27,8,2.9854223054287137,192,161,9,12,3,0,12,46,11,25,17,16,4,26,20,1,5,5,1,0,0,0,0,0,0,0,0,0.42464897708850313,0.3,0.5666666666666667,0,18,0,0,0,53.40088188907461,0.13333333333333333,0,1,0,0,2
663,6120297,Bulgária,1966,3-5-2,balanced,Brasil,2018,4-1-2-1-2,balanced,True,11757,90.00799999999192,1,1,CONSISTENT,2,13,6,1.7407767030560102,208,177,7,7,1,0,9,28,11,12,6,15,4,9,9,0,4,4,0,0,0,0,0,0,0,0,0,0.4296320000000002,0.3,0.6666666666666666,0,3,0,0,0,53.413325870249594,0.13333333333333333,2,0,0,0,0
664,6128216,Portugal,2006,5-2-3,tiki,Suíça,2022,4-1-2-1-2,balanced,True,11984,90.25599999999179,1,1,CONSISTENT,2,17,3,3.589257082779379,187,161,11,11,2,0,10,33,6,11,6,25,10,17,15,1,1,1,0,0,0,0,0,0,0,0,0,0.39443626381287616,0.3,0.6,0,7,0,0,0,53.43836812139825,0.13333333333333333,0,0,0,0,2
665,6136135,Colômbia,2022,3-5-2,wings,México,1970,3-1-4-2,direct,True,11628,90.01599999999192,0,0,CONSISTENT,0,8,2,0.44277506619344986,198,171,3,8,2,0,2,19,7,7,4,8,2,12,6,0,2,3,0,0,0,0,0,0,0,0,0,0.4518213070764131,0.3133333333333333,0.6666666666666666,0,4,0,0,0,44.0749211413904,0.19999999999999998,0,0,0,0,0
666,6144054,Portugal,2010,4-5-1,wings,Croácia,2018,4-1-2-1-2,balanced,True,11911,90.25599999999179,0,2,CONSISTENT,2,19,8,2.802829373442492,200,176,9,11,1,0,18,36,7,14,4,21,6,14,7,0,6,3,0,0,0,0,0,0,0,0,0,0.43336866666667245,0.3,0.6666666666666666,0,1,0,0,0,53.45148945248226,0.13333333333333333,1,0,0,0,1
667,6151973,Coreia do Sul,2022,5-4-1,tiki,Uruguai,2026,4-2-2-2,press,True,11855,90.00799999999192,0,1,CONSISTENT,1,16,4,1.2997110044726192,184,168,10,11,1,0,9,33,3,15,7,15,5,8,8,0,3,6,0,0,0,0,0,0,0,0,0,0.4119713333333348,0.3,0.6,0,4,0,0,0,53.42397679059349,0.13333333333333333,1,0,0,0,0
668,6159892,Dinamarca,2022,5-3-2,balanced,Colômbia,2026,5-3-2,press,True,11869,90.26399999999178,1,1,CONSISTENT,2,17,3,2.4043919212402716,189,150,4,12,0,0,10,32,14,15,7,19,8,16,9,0,1,3,0,0,0,0,0,0,0,0,0,0.3560786666666665,0.3,0.6666666666666666,0,6,0,0,0,53.40058582839384,0.13333333333333333,1,0,0,0,1
669,6167811,Rússia,2018,4-3-2-1,wings,Irã,2006,3-5-2,counter,True,11988,90.19999999999182,0,4,CONSISTENT,4,12,5,1.3317113975497363,194,156,7,14,2,0,20,47,16,24,7,14,3,17,11,0,1,4,0,0,0,0,0,0,0,0,0,0.35895000000000044,0.3,0.6666666666666666,0,8,0,0,0,53.43624370602331,0.13333333333333333,3,0,0,0,1
670,6175730,Brasil,1990,4-5-1,park,Japão,1998,5-3-2,direct,True,12074,90.38399999999172,1,0,CONSISTENT,1,18,1,1.6281253564857858,190,162,7,13,3,0,14,60,4,39,26,14,4,20,13,0,0,3,0,0,0,0,0,0,0,0,0,0.34396913909874416,0.3,0.6,0,9,0,0,0,53.51313015029605,0.13333333333333333,1,0,0,0,0
671,6183649,Peru,2022,4-1-4-1,press,Arábia Saudita,2026,4-3-2-1,balanced,True,11819,90.00799999999192,3,1,CONSISTENT,4,15,5,2.9807766621279654,194,158,5,6,0,0,11,24,10,7,2,17,7,17,14,0,1,0,0,0,0,0,0,0,0,0,0,0.3470320000000003,0.3,0.6666666666666666,0,4,0,0,0,53.47702123293963,0.13333333333333333,3,0,0,0,1
672,6191568,Brasil,1994,4-1-4-1,balanced,Bélgica,2022,4-3-1-2,park,True,12110,90.0559999999919,3,1,CONSISTENT,4,24,5,3.3698708236144155,193,167,11,14,1,0,22,57,11,25,16,17,6,13,9,0,1,2,0,0,0,0,0,0,0,0,0,0.4112618048202107,0.3133333333333333,0.5666666666666667,0,17,0,0,0,53.65455758503785,0.19999999999999998,1,0,0,0,3
673,6199487,Rússia,1994,5-4-1,tiki,Peru,1978,5-2-3,tiki,True,11931,90.00799999999192,1,2,CONSISTENT,3,17,6,1.850755374030502,184,163,6,11,4,1,12,43,7,24,14,18,6,13,9,0,3,3,0,0,0,0,0,0,0,0,0,0.3921473333333353,0.3,0.7,0,7,0,0,0,53.46148341565641,0.13333333333333333,2,0,0,0,1
674,6207406,Argélia,2026,4-1-4-1,counter,Marrocos,1998,4-5-1,press,True,11842,90.2319999999918,0,1,CONSISTENT,1,11,2,1.0907751315207008,193,160,5,12,1,0,19,48,7,25,9,11,2,15,10,0,1,1,0,0,0,0,0,0,0,0,0,0.3692946666666682,0.3,0.6,0,10,0,0,7,53.40266839464573,0.13333333333333333,1,0,0,0,0
675,6215325,México,1966,4-2-4,tiki,Inglaterra,1986,4-2-4,wings,True,11627,90.29599999999176,1,1,CONSISTENT,2,17,3,2.6238554547300916,205,170,3,1,0,0,1,4,10,2,1,8,3,11,9,0,1,1,0,0,0,0,0,0,0,0,0,0.3626866666666678,0.03333333333333333,0.39999999999999997,0,0,0,0,0,53.439403921771174,0,2,0,0,0,0
676,6223244,Argélia,2022,4-5-1,direct,Argentina,2026,4-2-4,counter,True,12064,90.13599999999185,1,2,CONSISTENT,3,27,9,3.1556340931357436,188,160,9,11,0,0,14,40,8,20,12,21,14,24,19,0,6,5,0,0,0,0,0,0,0,0,0,0.40206023015621656,0.3,0.6666666666666666,0,7,0,0,0,53.42374563398526,0.13333333333333333,3,0,0,0,0
677,6231163,Romênia,1994,4-3-3,park,Espanha,2018,4-2-3-1,park,True,11926,90.11199999999187,1,1,CONSISTENT,2,18,5,1.618883944197318,199,172,10,10,0,0,16,47,7,25,14,16,3,14,13,0,3,2,0,0,0,0,0,0,0,0,0,0.37828597024708127,0.3,0.6666666666666666,0,3,0,0,0,53.45850531151225,0.13333333333333333,2,0,0,0,0
678,6239082,Brasil,1974,4-3-3,park,Paraguai,2006,3-1-4-2,counter,True,11963,90.07999999999188,2,0,CONSISTENT,2,17,6,1.9119493910766412,191,167,6,9,3,0,11,30,4,12,4,20,8,27,24,1,4,4,1,0,0,0,0,0,0,0,0,0.36555800000000127,0.3,0.6666666666666666,0,5,0,0,0,53.478205847200975,0.13333333333333333,0,0,0,0,2
679,6247001,Peru,1970,5-2-3,balanced,Alemanha,1962,3-4-3,balanced,True,11876,90.00799999999192,3,1,CONSISTENT,4,23,8,3.9983979883521146,186,152,11,3,0,0,7,22,10,11,7,29,12,25,17,0,4,4,1,0,0,0,0,0,0,0,0,0.3685866666666671,0.3,0.6333333333333333,0,0,0,0,0,53.44510791034101,0.13333333333333333,1,1,0,0,2
680,6254920,Brasil,1978,3-1-4-2,balanced,Costa Rica,2018,3-4-3,press,True,11610,90.19199999999182,1,1,CONSISTENT,2,8,2,0.9564391488764792,199,166,6,2,1,0,3,7,5,2,1,12,4,4,3,0,0,1,0,0,0,0,0,0,0,0,0,0.365557999999997,0.3,0.6,0,1,0,0,0,53.48273462165038,0.13333333333333333,1,0,0,0,1
681,6262839,Romênia,1998,4-2-2-2,press,Coreia do Sul,2006,4-5-1,tiki,True,11670,90.07199999999189,0,1,CONSISTENT,1,11,3,1.683588729731484,201,170,9,3,1,0,6,13,8,4,2,17,5,10,8,0,2,1,0,0,0,0,0,0,0,0,0,0.36398466666666635,0.3,0.6,0,2,0,0,0,53.40425398817564,0.13333333333333333,0,0,0,0,1
682,6270758,Croácia,2018,4-3-2-1,balanced,Irã,1998,3-1-4-2,park,True,11847,90.00799999999192,1,0,CONSISTENT,1,13,4,1.3567748352832298,201,175,5,10,1,0,7,30,10,12,7,15,6,8,6,0,3,2,0,0,0,0,0,0,0,0,0,0.4301733255022025,0.3,0.6666666666666666,0,3,0,0,0,58.06657446591059,0.13333333333333333,1,0,0,0,0
683,6278677,Coreia do Sul,2002,4-2-4,wings,Portugal,2014,3-4-2-1,tiki,True,11624,90.19199999999182,2,0,CONSISTENT,2,10,3,1.8434125359600464,196,162,4,3,0,0,3,7,10,0,0,7,2,10,8,0,1,0,0,0,0,0,0,0,0,0,0,0.36314690400372396,0.3,0.6,0,1,0,0,0,53.41164256924644,0.13333333333333333,2,0,0,0,0
684,6286596,Croácia,2014,4-2-2-2,park,Uruguai,1966,4-5-1,direct,True,12057,90.4079999999917,4,0,CONSISTENT,4,19,8,1.9441943916898439,196,162,5,16,2,0,17,63,7,35,18,13,7,16,13,0,4,3,0,0,0,0,0,0,0,0,0,0.3952939999999938,0.3,0.6333333333333333,0,10,0,0,0,53.4604493737037,0.13333333333333333,3,0,0,0,1
685,6294515,Brasil,1990,4-3-3,press,Argentina,2018,4-3-3,park,True,12041,90.33599999999174,3,1,CONSISTENT,4,21,6,3.188712145596174,171,134,16,3,2,0,12,20,12,4,3,31,15,25,16,1,2,6,0,0,0,0,0,0,0,0,0,0.4284913333333336,0.3,0.6666666666666666,0,2,0,0,0,55.17904626308793,0.13333333333333333,2,0,0,0,2
686,6302434,Nigéria,2018,4-1-2-1-2,counter,Tchecoslováquia,1982,3-5-2,counter,True,11941,90.31199999999176,0,1,CONSISTENT,1,14,3,1.7954233343246178,192,150,8,14,1,0,24,53,12,18,6,18,5,16,14,0,2,1,0,0,0,0,0,0,0,0,0,0.44895496798700923,0.3,0.6666666666666666,0,9,0,0,0,53.40011639975353,0.13333333333333333,0,0,0,0,1
687,6310353,Brasil,1986,3-1-4-2,counter,Marrocos,1970,4-3-2-1,direct,True,12011,90.31999999999175,0,0,CONSISTENT,0,24,8,2.8344871942601655,186,154,8,12,2,0,5,24,5,10,2,21,12,19,15,0,8,4,0,0,0,0,0,0,0,0,0,0.40319999999999967,0.3,0.6333333333333333,0,6,0,0,7,43.02006756499868,0.13333333333333333,0,0,0,0,0
688,6318272,Nigéria,2018,4-4-2,tiki,Suécia,1978,5-3-2,counter,True,12056,90.00799999999192,1,0,CONSISTENT,1,20,7,2.199440184805696,187,158,13,14,7,1,14,45,9,23,9,26,11,14,11,0,6,5,1,0,0,0,0,0,0,0,0,0.3740434271346499,0.3,0.6666666666666666,0,8,0,0,0,53.456585669585934,0.13333333333333333,0,0,0,0,1
689,6326191,Argélia,2014,4-2-4,park,Bélgica,2002,3-4-2-1,counter,True,12055,90.28799999999177,2,1,CONSISTENT,3,13,5,1.3485132302452143,185,155,8,10,2,0,15,37,5,12,5,19,6,13,9,0,2,4,0,0,0,0,0,0,0,0,0,0.3770433333333346,0.3,0.6666666666666666,0,7,0,0,0,53.412238279650126,0.13333333333333333,2,0,0,0,1
690,6334110,Itália,1998,4-3-2-1,press,Espanha,2002,4-5-1,tiki,True,11821,90.07999999999188,0,1,CONSISTENT,1,13,3,2.5996399157784875,189,174,5,8,3,0,7,29,2,14,11,13,5,13,11,0,2,2,0,0,0,0,0,0,0,0,0,0.40666840211028793,0.3,0.6666666666666666,0,3,0,0,0,53.40006605676544,0.13333333333333333,1,0,0,0,0
691,6342029,Argélia,2022,4-3-3,park,Itália,1998,4-2-4,press,True,11971,90.03199999999191,0,3,CONSISTENT,3,17,3,2.5474152376457866,195,168,10,6,2,0,4,15,10,6,2,20,7,22,21,3,0,1,0,0,0,0,0,0,0,0,0,0.39894537465734137,0.3,0.5666666666666667,0,4,0,0,0,53.40164386432873,0.13333333333333333,2,0,0,0,1
692,6349948,Itália,1986,5-2-3,wings,Dinamarca,1986,3-4-2-1,balanced,True,11656,90.10399999999187,2,1,CONSISTENT,3,9,4,1.3625243561960372,206,175,5,3,1,0,2,5,3,1,0,8,4,7,5,0,1,3,0,0,0,0,0,0,0,0,0,0.40363266666666675,0.3,0.7,0,0,0,0,0,56.41059765326492,0.13333333333333333,2,0,0,0,1
693,6357867,Brasil,1982,4-5-1,direct,Brasil,2026,4-2-4,counter,True,12140,90.2399999999918,1,0,CONSISTENT,1,20,8,2.1102488862083115,181,149,10,9,3,0,12,39,13,14,11,30,11,32,21,2,7,3,0,0,0,0,0,0,0,0,0,0.473775799999997,0.3,0.6666666666666666,0,5,0,0,0,53.43850807903157,0.13333333333333333,1,0,0,0,0
694,6365786,Nigéria,2010,4-4-2,balanced,Suíça,1966,3-1-4-2,press,True,11757,90.11999999999186,1,0,CONSISTENT,1,9,4,1.3572601398101782,191,168,7,6,2,0,7,25,8,6,4,15,3,10,7,0,3,2,0,0,0,0,0,0,0,0,0,0.3650478645111856,0.3,0.5666666666666667,0,5,0,0,0,53.46089669006349,0.13333333333333333,0,0,0,0,1
695,6373705,Brasil,1978,4-1-4-1,press,Portugal,2002,3-4-3,tiki,True,11614,90.15999999999184,2,0,CONSISTENT,2,12,4,1.7301159151572945,204,166,4,3,0,0,10,23,15,8,4,15,7,10,5,0,2,1,0,0,0,0,0,0,0,0,0,0.36469266666667044,0.3,0.7,0,1,0,0,0,53.42091271157959,0.13333333333333333,2,0,0,0,0
696,6381624,Nigéria,2002,5-4-1,press,Itália,1978,3-4-3,wings,True,11507,90.00799999999192,0,1,CONSISTENT,1,10,4,1.21781160315769,206,173,2,3,1,0,0,6,6,3,2,4,3,8,5,0,3,1,0,0,0,0,0,0,0,0,0,0.34548567323328583,0,0.36666666666666664,0,2,0,0,0,53.42362663564491,0,1,0,0,0,0
697,6389543,Suécia,1978,4-3-2-1,balanced,EUA,2010,4-3-2-1,balanced,True,11897,90.0559999999919,0,2,CONSISTENT,2,15,6,2.8429234324816886,209,183,3,16,0,0,20,51,9,18,8,11,2,6,2,0,4,4,2,0,0,0,0,0,0,0,0,0.3618213333333357,0.3,0.6666666666666666,0,8,0,0,0,53.42141023434792,0.13333333333333333,0,2,0,0,0
698,6397462,Tchecoslováquia,1982,4-1-2-1-2,tiki,Chile,2010,4-3-2-1,balanced,True,12042,90.26399999999178,2,2,CONSISTENT,4,14,7,2.442267838536238,200,172,3,17,1,0,12,42,5,16,7,10,4,8,6,0,3,1,1,0,0,0,0,0,0,0,0,0.3805046666666725,0.3,0.6666666666666666,0,9,0,0,0,53.42459236136049,0.13333333333333333,2,0,1,0,1
699,6405381,União Soviética,1970,4-5-1,direct,Alemanha,1954,3-5-2,direct,True,12304,90.00799999999192,2,4,CONSISTENT,6,27,7,3.4885611256365094,185,156,13,15,2,0,15,46,8,18,7,27,13,22,17,0,1,7,1,0,0,0,0,0,0,0,0,0.4073693333333354,0.3,0.6666666666666666,0,7,0,0,0,53.477822093896485,0.13333333333333333,3,0,1,0,2
700,6413300,França,1966,4-1-4-1,park,Marrocos,1970,4-2-3-1,press,True,11683,90.15999999999184,1,0,CONSISTENT,1,14,6,1.8620810249183783,204,178,7,4,1,0,11,32,6,20,10,18,2,19,13,0,5,3,0,0,0,0,0,0,0,0,0,0.35851733333334024,0.3,0.3333333333333333,0,2,0,0,0,53.40627186837027,0.13333333333333333,0,0,0,0,1
701,6421219,Espanha,2010,3-1-4-2,direct,Senegal,2026,3-4-2-1,direct,True,12047,90.08799999999188,3,0,CONSISTENT,3,26,8,2.3909948690591944,202,172,7,15,3,0,19,51,9,24,10,11,5,16,8,0,5,4,0,0,0,0,0,0,0,0,0,0.45390066666667206,0.3,0.5666666666666667,0,13,0,0,0,53.449953771932265,0.13333333333333333,2,0,0,0,1
702,6429138,Brasil,2022,4-2-4,direct,Austrália,2026,4-1-4-1,direct,True,11931,90.09599999999188,2,0,CONSISTENT,2,19,7,2.4321699683470106,184,151,12,8,0,0,14,33,11,13,4,28,10,27,19,1,5,4,0,0,0,0,0,0,0,0,0,0.4394617524994613,0.3,0.6333333333333333,0,3,0,0,0,53.456987644014944,0.13333333333333333,1,0,0,0,1
703,6437057,Paraguai,2026,4-3-3,balanced,Inglaterra,2022,3-5-2,park,True,11823,90.11199999999187,2,0,CONSISTENT,2,15,2,1.910904856990848,205,180,4,10,1,0,9,33,6,11,9,16,5,18,15,0,0,1,0,0,0,0,0,0,0,0,0,0.37940375601707355,0.3,0.6666666666666666,0,8,0,0,0,53.46620365009457,0.13333333333333333,2,0,0,0,0
704,6444976,Bélgica,1990,4-1-2-1-2,park,Suíça,2022,5-3-2,counter,True,11899,90.07999999999188,0,2,CONSISTENT,2,19,5,2.4339120525901246,205,170,9,9,1,0,25,57,16,20,11,17,5,14,11,0,3,0,0,0,0,0,0,0,0,0,0,0.3904166666666694,0.3,0.3333333333333333,0,8,0,0,0,53.413160007272666,0.13333333333333333,0,0,0,0,2
705,6452895,Holanda,1974,4-3-2-1,balanced,França,2010,5-4-1,counter,True,12146,90.21599999999181,1,0,CONSISTENT,1,20,9,2.8972799794531157,196,174,5,19,4,0,15,62,4,34,22,16,7,21,17,1,8,1,1,0,0,0,0,0,0,0,0,0.42459733333332833,0.3133333333333333,0.6666666666666666,0,15,0,0,0,53.439376671006066,0.16666666666666666,0,1,0,0,0
706,6460814,Argentina,1998,3-5-2,balanced,Argélia,2022,5-4-1,wings,True,11776,90.16799999999184,1,1,CONSISTENT,2,12,3,1.530794247554744,195,168,1,11,2,0,8,29,6,14,7,7,1,12,10,1,1,1,0,0,0,0,0,0,0,0,0,0.4168486666666665,0.3,0.6333333333333333,0,7,0,0,0,53.440425397735375,0.13333333333333333,2,0,0,0,0
707,6468733,México,1966,5-4-1,press,Arábia Saudita,2022,4-2-4,tiki,True,11871,90.03199999999191,1,2,CONSISTENT,3,15,4,2.725462535969496,184,154,9,5,1,0,9,22,9,5,3,23,5,19,14,0,1,0,0,0,0,0,0,0,0,0,0,0.36225400000000035,0.3,0.6666666666666666,0,3,0,0,0,53.42450166783685,0.13333333333333333,2,0,0,0,1
708,6476652,Bélgica,2022,4-2-4,direct,Arábia Saudita,1998,4-3-3,tiki,True,11886,90.00799999999192,3,2,CONSISTENT,5,22,9,3.536936687127229,176,149,9,2,1,0,2,5,6,0,0,28,15,16,15,0,4,4,0,0,0,0,0,0,0,0,0,0.3639846666666681,0.3,0.6,0,1,0,0,0,55.661079841949395,0.13333333333333333,4,0,0,0,1
709,6484571,Holanda,1998,3-5-2,park,Alemanha,1998,4-5-1,wings,True,11780,90.25599999999179,1,2,CONSISTENT,3,17,5,1.7351658622857584,206,179,1,9,0,0,11,38,7,19,12,7,2,17,15,0,2,1,0,0,0,0,0,0,0,0,0,0.39020437949938025,0.3,0.6,0,7,0,0,0,53.459603973510205,0.16666666666666666,3,0,0,0,0
710,6492490,Bulgária,1986,4-1-4-1,press,Camarões,2002,3-4-2-1,balanced,True,11455,90.11999999999186,1,0,CONSISTENT,1,3,2,1.0307379046838772,197,164,0,3,1,0,4,9,5,3,1,4,1,6,4,0,1,0,0,0,0,0,0,0,0,0,0,0.35808466666666433,0.3,0.6,0,2,0,0,0,53.43156850155432,0.13333333333333333,1,0,0,0,0
711,6500409,Peru,2022,4-2-4,wings,EUA,1990,5-4-1,direct,True,11611,90.07999999999188,1,1,CONSISTENT,2,13,3,1.543317767593304,194,173,1,6,1,0,10,35,6,20,11,8,3,20,18,0,1,1,0,0,0,0,0,0,0,0,0,0.4204159999999997,0.3,0.49999999999999994,0,3,0,0,0,53.47217973428076,0.13333333333333333,2,0,0,0,0
712,6508328,França,1966,3-5-2,counter,Dinamarca,2002,3-4-2-1,press,True,11688,90.21599999999181,1,1,CONSISTENT,2,11,3,1.461615093022199,210,182,3,6,0,0,11,24,7,9,5,11,4,16,11,0,1,1,0,0,0,0,0,0,0,0,0,0.3743293333333322,0.3133333333333333,0.3333333333333333,0,3,0,0,0,53.43676954154531,0.19999999999999998,2,0,0,0,0
713,6516247,Espanha,2014,4-2-2-2,press,Arábia Saudita,2018,5-2-3,wings,True,11829,90.00799999999192,1,3,CONSISTENT,4,17,6,2.431086760864538,192,164,5,8,4,0,14,34,9,13,7,19,7,21,17,0,2,1,0,0,0,0,0,0,0,0,0,0.4228666666666659,0.3,0.6,0,6,0,0,0,53.4295427852494,0.13333333333333333,4,0,0,0,0
714,6524166,Dinamarca,1998,5-3-2,counter,Suécia,2006,5-2-3,tiki,True,11806,90.11999999999186,0,2,CONSISTENT,2,23,8,1.6839751152594578,198,162,5,8,0,0,4,15,15,10,3,10,5,20,16,1,6,2,0,0,0,0,0,0,0,0,0,0.3815070506024841,0.3,0.3333333333333333,0,5,0,0,0,53.476039824571934,0.13333333333333333,2,0,0,0,0
715,6532085,Espanha,1998,4-1-2-1-2,balanced,Bélgica,2014,4-2-4,park,True,12090,90.2399999999918,1,2,CONSISTENT,3,17,7,2.489072683544612,202,177,4,12,4,0,11,33,11,10,6,14,4,17,16,2,4,1,0,0,0,0,0,0,0,0,0,0.3904166666666643,0.3133333333333333,0.6,0,9,0,0,0,53.4466493881492,0.19999999999999998,3,0,0,0,0
716,6540004,França,2014,4-3-3,wings,Inglaterra,2026,4-1-2-1-2,direct,True,12057,90.00799999999192,3,1,CONSISTENT,4,20,9,2.997902923876592,190,160,6,12,3,0,16,41,8,13,7,21,6,17,16,0,5,0,0,0,0,0,0,0,0,0,0,0.3905740000000018,0.3,0.6666666666666666,0,6,0,0,7,53.41527300016488,0.13333333333333333,3,0,0,0,1
717,6547923,Espanha,1998,4-3-1-2,counter,México,2026,4-1-4-1,tiki,True,11835,90.07199999999189,0,1,CONSISTENT,1,14,2,1.500492737493957,200,171,6,9,1,0,4,29,10,18,9,15,4,23,16,1,1,3,0,0,0,0,0,0,0,0,0,0.39041666666666347,0.3,0.6,0,5,0,0,0,54.3123780504296,0.13333333333333333,0,0,0,0,1
718,6555842,Polônia,2002,3-1-4-2,balanced,Costa Rica,2022,4-3-1-2,balanced,True,11579,90.00799999999192,0,0,CONSISTENT,0,8,0,0.5088350397061232,203,178,3,7,1,0,9,27,10,13,6,15,2,14,7,0,0,2,0,0,0,0,0,0,0,0,0,0.35965325413582444,0.3,0.6666666666666666,0,5,0,0,0,40.3565172419837,0.13333333333333333,0,0,0,0,0
719,6563761,Bélgica,1982,3-5-2,counter,Japão,2022,5-3-2,direct,True,12015,90.24799999999179,1,0,CONSISTENT,1,21,5,2.1012158562618146,190,161,10,11,1,0,11,40,7,17,9,21,8,23,20,0,4,5,0,0,0,0,0,0,0,0,0,0.3858146666666698,0.3,0.6666666666666666,0,8,0,0,0,53.45133332504407,0.13333333333333333,1,0,0,0,0
720,6571680,Holanda,2026,5-4-1,press,Escócia,1990,4-4-2,park,True,11809,90.00799999999192,0,0,CONSISTENT,0,20,2,1.682685462972097,203,169,8,12,4,0,13,32,14,12,3,13,4,21,19,0,2,4,0,0,0,0,0,0,0,0,0,0.38093733333333357,0.3,0.6666666666666666,0,8,0,0,0,37.507058390287156,0.13333333333333333,0,0,0,0,0
721,6579599,Bélgica,1982,3-1-4-2,counter,França,2026,3-1-4-2,wings,True,11737,90.00799999999192,0,1,CONSISTENT,1,18,4,2.0833997568130407,199,169,7,7,2,0,4,23,11,14,9,12,5,10,9,1,3,2,0,0,0,0,0,0,0,0,0,0.4564966666666698,0.3,0.6,0,5,0,0,0,53.443999837707516,0.13333333333333333,1,0,0,0,0
722,6587518,México,1994,5-3-2,press,Peru,1970,3-4-3,counter,True,11870,90.20799999999181,0,1,CONSISTENT,1,16,3,1.9675437222548353,194,160,7,10,2,1,8,22,10,6,3,20,6,24,19,1,2,3,0,0,0,0,0,0,0,0,0,0.3921473333333315,0.3,0.6666666666666666,0,2,0,0,0,53.408180987119586,0.13333333333333333,1,0,0,0,0
723,6595437,Áustria,1982,4-4-2,direct,Suécia,1970,4-3-3,balanced,True,12241,90.18399999999183,1,2,CONSISTENT,3,24,7,2.871700451529331,170,141,21,12,3,0,9,36,2,17,10,36,9,23,17,1,4,6,0,0,0,0,0,0,0,0,0,0.3849493333333398,0.3,0.6666666666666666,0,4,0,0,0,53.45449162208549,0.13333333333333333,1,0,0,0,2
724,6603356,Holanda,2022,4-2-2-2,counter,Austrália,2022,4-2-3-1,tiki,True,11998,90.00799999999192,2,2,CONSISTENT,4,15,7,1.2800731168801043,193,159,3,19,3,0,22,65,12,29,13,12,4,16,13,0,3,3,1,0,0,0,0,0,0,0,0,0.4395440000000017,0.3,0.6,0,13,0,0,0,53.43050424028132,0.13333333333333333,2,0,1,0,1
725,6611275,Áustria,1990,3-4-3,direct,Inglaterra,2014,5-2-3,tiki,True,11647,90.00799999999192,1,0,CONSISTENT,1,12,4,1.6165386823218546,201,176,6,5,0,0,7,19,5,7,2,17,4,17,16,0,3,0,0,0,0,0,0,0,0,0,0,0.35851733333333313,0.3,0.6,0,4,0,0,0,53.400048753986155,0.13333333333333333,0,0,0,0,1
726,6619194,Polônia,1974,3-5-2,wings,Holanda,2026,3-4-2-1,counter,True,11849,90.21599999999181,1,2,CONSISTENT,3,14,6,2.2688068773738,201,175,5,7,1,0,2,23,4,13,7,14,6,12,10,0,3,2,0,0,0,0,0,0,0,0,0,0.3652826666666646,0.3,0.6666666666666666,0,4,0,0,0,53.42712288347452,0.13333333333333333,3,0,0,0,0
727,6627113,Espanha,1966,4-3-2-1,counter,Bulgária,1974,4-2-3-1,park,True,12046,90.14399999999185,0,0,CONSISTENT,0,17,7,2.2799209973279253,191,164,14,13,4,0,16,45,7,21,10,28,10,16,10,0,7,4,0,0,0,0,0,0,0,0,0,0.39989599999999764,0.3,0.6,0,9,0,0,0,41.889311604697,0.13333333333333333,0,0,0,0,0
728,6635032,Inglaterra,1998,3-1-4-2,wings,Suíça,2022,4-4-2,balanced,True,11873,90.15999999999184,0,1,CONSISTENT,1,10,2,1.2475704934222835,209,179,4,9,2,0,11,31,9,11,5,17,3,17,14,0,1,1,0,0,0,0,0,0,0,0,0,0.4261706666666714,0.3,0.6666666666666666,0,3,0,0,0,53.41076016227483,0.13333333333333333,1,0,0,0,0
729,6642951,Espanha,1966,4-1-4-1,counter,Itália,1994,4-4-2,counter,True,12098,90.35199999999173,2,3,CONSISTENT,5,18,7,3.0731471856321253,195,166,11,8,1,0,14,43,12,23,13,20,3,23,18,1,2,0,0,0,0,0,0,0,0,0,0,0.3954633149182058,0.3,0.6666666666666666,0,6,0,0,0,53.449485936601675,0.13333333333333333,2,0,0,0,3
730,6650870,Dinamarca,2022,4-2-2-2,press,Gana,2026,4-4-2,direct,True,12057,90.19199999999182,0,2,CONSISTENT,2,23,6,1.7087460305354463,181,155,6,15,3,1,18,60,6,32,20,12,5,15,13,0,4,4,0,0,0,0,0,0,0,0,0,0.4689398371698666,0.3,0.6,0,11,0,0,0,53.412533908071005,0.13333333333333333,1,0,0,0,1
731,6658789,Espanha,1982,5-3-2,direct,Colômbia,1994,4-3-2-1,tiki,True,11958,90.07999999999188,0,5,CONSISTENT,5,19,8,2.911583141880615,186,151,9,8,2,0,14,38,7,16,8,22,8,5,3,0,3,3,0,0,0,0,0,0,0,0,0,0.38538200000000233,0.3133333333333333,0.6666666666666666,0,2,0,0,0,53.79518105760448,0.19999999999999998,4,0,0,0,1
732,6666708,França,2002,4-2-2-2,tiki,Tunísia,2002,5-3-2,tiki,True,11630,90.00799999999192,0,0,CONSISTENT,0,11,0,0.8148131674249258,202,172,1,9,0,0,7,24,4,10,6,6,2,5,4,1,0,0,0,0,0,0,0,0,0,0,0,0.42905013225568633,0.3,0.6666666666666666,0,5,0,0,0,33.55530599487239,0.13333333333333333,0,0,0,0,0
733,6674627,Espanha,1986,4-1-2-1-2,press,Arábia Saudita,2006,5-2-3,park,True,11945,90.07999999999188,3,3,CONSISTENT,6,23,8,3.570818116329173,189,156,11,4,1,0,7,20,10,8,4,23,6,36,30,0,2,2,1,0,0,0,0,0,0,0,0,0.3646926666666667,0.3,0.5666666666666667,0,2,0,0,0,53.4821144684431,0.13333333333333333,3,0,0,0,3
734,6682546,Alemanha,2018,4-3-3,direct,Argélia,1982,5-4-1,direct,True,11946,90.32799999999175,0,1,CONSISTENT,1,13,5,1.685947963273037,192,170,10,10,0,0,12,32,8,11,7,21,7,16,11,0,4,3,0,0,0,0,0,0,0,0,0,0.3778243637960364,0.3,0.6333333333333333,0,5,0,0,0,53.43192014209846,0.13333333333333333,1,0,0,0,0
735,6690465,Marrocos,1994,4-2-4,balanced,Dinamarca,2022,4-1-4-1,tiki,True,11929,90.08799999999188,1,2,CONSISTENT,3,19,10,3.4720726121836645,197,157,10,8,2,0,4,18,8,8,2,19,8,15,9,0,7,4,0,0,0,0,0,0,0,0,0,0.35737666666666756,0.3133333333333333,0.5666666666666667,0,27,0,0,0,53.461244534146886,0.19999999999999998,1,0,0,0,2
736,6698384,Bélgica,2022,3-1-4-2,counter,México,2018,4-1-4-1,tiki,True,11812,90.18399999999183,1,0,CONSISTENT,1,13,3,1.886779210260762,200,171,6,10,0,0,6,27,13,15,7,12,2,15,13,1,2,2,0,0,0,0,0,0,0,0,0,0.36944331027600646,0.3,0.6666666666666666,0,5,0,0,0,53.46072756242895,0.13333333333333333,1,0,0,0,0
737,6706303,Marrocos,2026,5-3-2,balanced,Brasil,1994,4-1-2-1-2,tiki,True,11786,90.16799999999184,0,1,CONSISTENT,1,18,4,1.3397086793436386,200,172,3,8,1,0,15,38,7,16,9,10,4,17,13,0,3,3,0,0,0,0,0,0,0,0,0,0.45433333333333076,0.3,0.7,0,4,0,0,0,53.40796637591234,0.13333333333333333,1,0,0,0,0
738,6714222,Austrália,2010,3-5-2,balanced,França,2018,3-5-2,park,True,11708,90.00799999999192,0,0,CONSISTENT,0,20,3,2.5901897046486995,210,172,4,7,1,0,11,27,13,10,6,11,5,16,12,1,3,0,0,0,0,0,0,0,0,0,0,0.3770982405143701,0.3,0.6,0,6,0,0,0,40.676102010554295,0.13333333333333333,0,0,0,0,0
739,6722141,Marrocos,2026,4-5-1,park,Holanda,1974,4-3-1-2,balanced,True,11927,90.19199999999182,3,1,CONSISTENT,4,24,8,3.6647849292289356,207,178,11,3,0,0,10,26,15,10,7,19,5,24,19,0,4,2,0,0,0,0,0,0,0,0,0,0.4464675953910166,0.3,0.49999999999999994,0,3,0,0,0,53.45742052407754,0.13333333333333333,2,0,0,0,2
740,6730060,Brasil,1970,5-4-1,direct,Escócia,1982,4-1-4-1,press,True,11770,90.11199999999187,1,1,CONSISTENT,2,21,5,2.364920771297059,197,175,5,6,1,0,10,35,4,21,13,19,7,25,22,0,3,5,0,0,0,0,0,0,0,0,0,0.3979070113513063,0.30666666666666664,0.3333333333333333,0,3,0,0,0,64.7042049724363,0.16666666666666666,2,0,0,0,0
741,6737979,Marrocos,2018,4-4-2,wings,Áustria,1934,4-2-4,balanced,True,11846,90.00799999999192,1,0,CONSISTENT,1,16,1,1.632623574128084,194,162,6,10,5,1,13,38,15,17,8,13,3,9,9,0,0,2,0,0,0,0,0,0,0,0,0,0.38711266666666994,0.3,0.6333333333333333,0,4,0,0,7,53.400330232432275,0.19999999999999998,1,0,0,0,0
742,6745898,Alemanha,2026,4-1-2-1-2,tiki,Polônia,1986,5-2-3,press,True,11696,90.2239999999918,0,1,CONSISTENT,1,15,1,1.2656462290229538,197,171,4,6,0,0,6,17,7,5,2,12,5,9,7,0,0,2,0,0,0,0,0,0,0,0,0,0.4093668110524747,0.3,0.6666666666666666,0,4,0,0,0,53.408883794369885,0.13333333333333333,1,0,0,0,0
743,6753817,Espanha,1990,4-3-2-1,balanced,Gana,2010,4-1-2-1-2,direct,True,12151,90.11199999999187,2,0,CONSISTENT,2,20,7,3.2239817699550697,199,169,7,21,2,0,23,74,12,35,20,23,10,19,14,0,5,3,0,0,0,0,0,0,0,0,0,0.3598153333333353,0.3,0.6666666666666666,0,11,0,0,0,53.473263475481204,0.13333333333333333,2,0,0,0,0
744,6761736,França,2006,4-2-3-1,balanced,Chile,1966,5-4-1,tiki,True,11721,90.37599999999172,1,0,CONSISTENT,1,13,2,1.7221691974302136,195,170,2,8,1,0,7,18,2,7,2,10,3,10,5,1,1,0,0,0,0,0,0,0,0,0,0,0.4357632225816815,0.3,0.6666666666666666,0,3,0,0,0,53.40253614998757,0.13333333333333333,1,0,0,0,0
745,6769655,Coreia do Sul,2002,4-4-2,direct,EUA,2010,4-1-2-1-2,balanced,True,11831,90.0559999999919,0,0,CONSISTENT,0,9,2,1.4228832354392864,192,160,5,16,5,1,25,65,7,29,14,13,1,11,9,0,2,2,0,0,0,0,0,0,0,0,0,0.3970246666666654,0.3133333333333333,0.6666666666666666,0,11,0,0,0,44.31664324296757,0.19999999999999998,0,0,0,0,0
746,6777574,Dinamarca,2002,3-1-4-2,counter,Portugal,2022,5-4-1,press,True,11840,90.14399999999185,0,1,CONSISTENT,1,18,6,1.876914077641778,193,168,8,5,0,0,9,22,9,10,7,15,5,13,11,0,5,3,0,0,0,0,0,0,0,0,0,0.42058533333333475,0.3133333333333333,0.6666666666666666,0,1,0,0,0,53.443778722626895,0.19999999999999998,1,0,0,0,0
747,6785493,Espanha,2022,3-1-4-2,counter,Alemanha,1958,3-4-3,direct,True,11861,90.19199999999182,2,1,CONSISTENT,3,12,5,1.4481861787835455,190,162,6,8,3,0,6,26,9,11,7,20,6,12,9,0,2,3,0,0,0,0,0,0,0,0,0,0.36105283977185715,0.3133333333333333,0.5666666666666667,0,15,0,0,0,53.455993541236,0.19999999999999998,2,0,0,0,1
748,6793412,França,1982,4-4-2,press,Camarões,1990,3-4-3,balanced,True,11793,90.16799999999184,1,1,CONSISTENT,2,17,4,2.3332980148828577,200,170,5,6,1,0,11,22,12,7,1,20,9,18,13,2,2,2,0,0,0,0,0,0,0,0,0,0.3835333333333364,0.3,0.6,0,5,0,0,0,53.433284062369765,0.13333333333333333,2,0,0,0,0
749,6801331,Tunísia,2002,3-4-3,press,Japão,2022,5-3-2,balanced,True,12214,90.25599999999179,5,1,CONSISTENT,6,20,9,3.3473084049459327,183,144,10,13,2,0,8,34,14,14,7,23,8,18,10,1,3,4,1,0,0,0,0,0,0,0,0,0.3520666666666661,0.3,0.6666666666666666,0,9,0,0,7,53.439910249692836,0.13333333333333333,2,0,0,0,4
750,6809250,Alemanha,2006,4-3-2-1,tiki,Escócia,1986,4-3-3,press,True,11926,90.00799999999192,1,2,CONSISTENT,3,19,9,2.3835619030985926,198,168,5,13,3,0,9,35,8,16,6,15,7,17,13,0,6,6,0,0,0,0,0,0,0,0,0,0.42939244554097283,0.3,0.6333333333333333,0,5,0,0,0,53.43520651462908,0.13333333333333333,2,0,0,0,1
751,6817169,Bélgica,2018,4-3-1-2,wings,Espanha,1966,4-2-4,direct,True,12309,90.27999999999177,6,3,CONSISTENT,9,31,16,6.6787881523169155,189,159,10,13,3,0,15,42,16,17,9,24,9,24,19,0,7,2,2,0,0,0,0,0,0,0,0,0.4076446666666604,0.3,0.6666666666666666,0,9,0,0,0,53.69270226575477,0.13333333333333333,4,2,0,0,3
752,6825088,Holanda,2006,3-4-2-1,park,Holanda,2026,4-2-4,balanced,True,11644,90.43199999999169,2,1,CONSISTENT,3,9,4,1.8208002058780919,213,187,3,3,1,0,9,21,6,12,3,13,6,9,8,0,1,1,0,0,0,0,0,0,0,0,0,0.40320000000000117,0.3,0.6,0,1,0,0,0,53.417752980408686,0.13333333333333333,2,0,0,0,1
753,6833007,Argentina,1998,4-2-2-2,press,Bélgica,2026,4-5-1,wings,True,11944,90.2399999999918,2,2,CONSISTENT,4,19,8,3.5193913588812684,195,165,2,13,2,0,10,27,10,6,1,15,5,28,21,1,4,3,1,0,0,0,0,0,0,0,0,0.4168486666666687,0.3,0.6666666666666666,0,6,0,0,0,53.43906567673986,0.13333333333333333,3,1,0,0,0
754,6840926,Japão,2018,4-4-2,park,União Soviética,1990,3-4-2-1,direct,True,11687,90.27199999999178,1,0,CONSISTENT,1,15,3,1.0610182010868907,215,189,3,9,0,0,5,30,6,18,10,6,1,12,8,0,2,3,0,0,0,0,0,0,0,0,0,0.3668559999999991,0.3133333333333333,0.6,0,6,0,0,0,53.40002814386431,0.19999999999999998,1,0,0,0,0
755,6848845,Bélgica,1994,4-2-2-2,tiki,Japão,2014,4-2-4,counter,True,11725,90.27199999999178,0,0,CONSISTENT,0,10,3,1.5864084880847296,196,167,10,4,2,0,4,12,5,5,2,16,4,5,3,0,3,1,0,0,0,0,0,0,0,0,0,0.36225400000000096,0.3,0.6,0,3,0,0,0,53.65104626332987,0.13333333333333333,0,0,0,0,0
756,6856764,Holanda,1990,4-2-4,tiki,Tchecoslováquia,1982,4-2-4,wings,True,11840,90.00799999999192,1,3,CONSISTENT,4,15,7,2.181261059585687,190,158,8,6,2,0,3,10,10,1,0,17,5,13,8,3,3,0,0,0,0,0,0,0,0,0,0,0.44602290741527423,0.3,0.6666666666666666,0,1,0,0,7,53.481729684554935,0.13333333333333333,3,0,0,0,1
757,6864683,Suíça,2006,5-4-1,direct,Tunísia,2022,4-5-1,balanced,True,11774,90.09599999999188,1,1,CONSISTENT,2,13,5,1.2823271649090375,183,162,1,13,3,0,16,57,0,28,19,9,4,22,18,0,3,2,1,0,0,0,0,0,0,0,0,0.4096964622742957,0.3,0.6,0,10,0,0,0,53.40372039968986,0.13333333333333333,1,0,0,0,1
758,6872602,Gana,2006,4-3-1-2,balanced,Brasil,1974,5-2-3,direct,True,12205,90.0559999999919,3,1,CONSISTENT,4,22,5,3.051790784478615,185,161,10,17,1,0,17,47,5,20,12,29,13,22,15,0,1,4,0,0,0,0,0,0,0,0,0,0.43006466666667004,0.3,0.6333333333333333,0,11,0,0,0,53.47176813133774,0.13333333333333333,4,0,0,0,0
759,6880521,Suíça,2010,4-2-3-1,press,Hungria,1966,3-1-4-2,balanced,True,11756,90.29599999999176,0,1,CONSISTENT,1,13,2,1.550313395252039,204,175,5,7,1,0,10,31,7,13,7,15,5,13,8,0,1,3,0,0,0,0,0,0,0,0,0,0.36043428942093864,0.3,0.6,0,3,0,0,0,53.42190155490099,0.13333333333333333,1,0,0,0,0
760,6888440,Croácia,2006,4-1-2-1-2,balanced,Itália,2010,4-1-2-1-2,park,True,11870,90.03199999999191,1,1,CONSISTENT,2,18,5,2.0429837037617737,190,163,2,14,3,0,21,59,12,23,15,12,5,15,12,0,3,1,0,0,0,0,0,0,0,0,0,0.37059266666666557,0.3,0.6666666666666666,0,11,0,0,7,53.4313121102786,0.13333333333333333,1,0,0,0,1
761,6896359,Arábia Saudita,2026,4-2-4,counter,EUA,1994,3-1-4-2,direct,True,11884,90.00799999999192,1,2,CONSISTENT,3,17,8,3.5271785662790096,190,161,8,7,1,0,10,21,7,5,2,19,6,9,5,0,5,3,0,0,0,0,0,0,0,0,0,0.3536400000000029,0.3,0.6666666666666666,0,4,0,0,7,53.418353402735335,0.13333333333333333,2,0,0,0,1
762,6904278,Croácia,2002,4-2-4,balanced,Bulgária,1986,5-4-1,direct,True,11909,90.20799999999181,0,1,CONSISTENT,1,16,6,2.0062835036927797,193,163,1,16,3,1,15,53,10,28,11,5,3,19,16,0,5,0,0,0,0,0,0,0,0,0,0,0.3602479999999967,0.3,0.6666666666666666,0,11,0,0,0,53.400039761169786,0.13333333333333333,1,0,0,0,0
763,6912197,Arábia Saudita,2026,5-3-2,press,Gana,2010,4-5-1,park,True,11743,90.13599999999185,1,2,CONSISTENT,3,15,5,1.8536765047611212,205,176,4,7,2,0,3,15,7,6,1,10,1,20,15,0,2,0,0,0,0,0,0,0,0,0,0,0.41668020357344354,0.3,0.6,0,4,0,0,0,53.44261825319791,0.13333333333333333,3,0,0,0,0
764,6920116,Alemanha,1954,4-2-4,tiki,Espanha,1966,5-2-3,wings,True,11664,90.00799999999192,1,0,CONSISTENT,1,13,2,2.291865794607366,206,174,4,4,0,0,9,16,12,9,2,15,5,13,7,0,1,1,0,0,0,0,0,0,0,0,0,0.38251066666666783,0.3,0.5666666666666667,0,4,0,0,0,53.42734309565868,0.13333333333333333,1,0,0,0,0
765,6928035,Suécia,2006,4-3-1-2,press,Japão,2010,4-2-3-1,direct,True,11816,90.35199999999173,1,0,CONSISTENT,1,20,3,2.419988537630547,184,156,10,5,0,0,6,17,10,7,5,20,7,20,19,0,2,2,0,0,0,0,0,0,0,0,0,0.3833760000000028,0.30666666666666664,0.6,0,2,0,0,0,55.234033363720634,0.16666666666666666,1,0,0,0,0
766,6935954,Alemanha,1954,4-1-4-1,park,França,1982,4-4-2,press,True,12065,90.00799999999192,1,2,CONSISTENT,3,17,9,1.9128534299612756,202,177,3,15,4,1,11,44,7,25,15,10,2,12,8,0,6,1,0,0,0,0,0,0,0,0,0,0.3825106666666713,0.3,0.6666666666666666,0,9,0,0,0,53.43429275469967,0.13333333333333333,3,0,0,0,0
767,6943873,Suécia,2018,5-2-3,counter,Brasil,1962,4-3-1-2,park,True,12351,90.19999999999182,1,2,CONSISTENT,3,23,7,3.199865510788987,179,157,16,13,4,0,13,47,10,24,9,30,8,23,20,0,4,6,0,0,0,0,0,0,0,0,0,0.3710253333333321,0.3,0.5666666666666667,0,11,0,0,7,53.446986064642715,0.13333333333333333,0,0,0,0,3
768,6951792,Argélia,2014,4-2-2-2,counter,Tunísia,2026,3-5-2,counter,True,12100,90.17599999999183,1,3,CONSISTENT,4,16,5,2.222213231144156,192,162,6,19,3,1,15,73,11,46,29,17,6,18,15,0,1,1,0,0,0,0,0,0,0,0,0,0.3681540000000062,0.3,0.6666666666666666,0,9,0,0,0,53.46203816935171,0.13333333333333333,4,0,0,0,0
769,6959711,Itália,1994,4-3-3,counter,França,1958,5-2-3,counter,True,12136,90.0399999999919,4,1,CONSISTENT,5,21,7,2.9202888885234914,171,143,10,11,3,0,14,31,9,10,4,32,10,32,24,0,2,2,1,0,0,0,0,0,0,0,0,0.4231482900421128,0.3,0.6666666666666666,0,5,0,0,7,53.45627219374083,0.13333333333333333,3,0,0,0,2
770,6967630,Argélia,2014,4-3-1-2,counter,Argentina,1982,3-1-4-2,tiki,True,11730,90.00799999999192,0,1,CONSISTENT,1,11,6,1.7696995114722784,202,163,2,9,0,0,10,39,9,21,13,13,5,14,11,0,5,1,0,0,0,0,0,0,0,0,0,0.37078385738106023,0.3,0.6666666666666666,0,6,0,0,7,53.45118099852475,0.13333333333333333,1,0,0,0,0
771,6975549,Itália,2010,4-2-4,balanced,Escócia,1974,4-5-1,wings,True,11869,90.32799999999175,1,1,CONSISTENT,2,21,6,2.4664957575319972,185,154,8,7,2,0,10,24,5,4,1,20,8,15,10,0,4,4,0,0,0,0,0,0,0,0,0,0.40565171762330965,0.3,0.6666666666666666,0,4,0,0,0,53.42616122200771,0.13333333333333333,2,0,0,0,0
772,6983468,França,2022,4-2-3-1,direct,Itália,1954,4-2-4,counter,True,12067,90.00799999999192,1,4,CONSISTENT,5,27,10,3.4440652375390055,191,156,10,9,1,0,7,29,11,9,3,25,11,29,20,1,5,3,0,0,0,0,0,0,0,0,0,0.43161221452676823,0.3,0.6666666666666666,0,7,0,0,0,53.469787854637296,0.13333333333333333,3,0,0,0,2
773,6991387,Suécia,2002,5-2-3,park,Peru,1970,5-3-2,park,True,12084,90.37599999999172,2,0,CONSISTENT,2,19,3,2.184656362389366,183,154,12,10,1,0,14,39,12,16,9,22,5,19,12,0,1,3,0,0,0,0,0,0,0,0,0,0.39214733333333457,0.3,0.6666666666666666,0,7,0,0,0,56.3944982191385,0.13333333333333333,1,0,0,0,1
774,6999306,França,2026,4-5-1,wings,Uruguai,2022,4-1-4-1,wings,True,11880,90.0399999999919,2,2,CONSISTENT,4,19,6,3.604363070488522,184,169,5,9,1,0,12,36,1,15,7,14,5,15,12,0,2,3,0,0,0,0,0,0,0,0,0,0.4556313333333323,0.3,0.6666666666666666,0,5,0,0,7,53.44028329416427,0.13333333333333333,4,0,0,0,0
775,7007225,Iugoslávia,1990,4-3-1-2,tiki,Austrália,2010,4-3-3,press,True,11872,90.00799999999192,2,2,CONSISTENT,4,23,8,2.840633823786061,187,158,8,6,1,0,14,27,8,12,2,19,13,11,9,0,4,6,0,0,0,0,0,0,0,0,0,0.35895000000000465,0.3,0.49999999999999994,0,4,0,0,7,53.44306440014702,0.13333333333333333,4,0,0,0,0
776,7015144,Tchecoslováquia,1982,4-5-1,balanced,Tchecoslováquia,1962,4-2-3-1,tiki,True,11768,90.06399999999189,1,1,CONSISTENT,2,15,3,1.397758916309197,206,182,3,12,0,0,7,33,6,19,12,11,3,11,7,0,1,3,1,0,0,0,0,0,0,0,0,0.35407266666666676,0.3133333333333333,0.6666666666666666,0,6,0,0,0,53.43054719112008,0.19999999999999998,0,0,0,0,2
777,7023063,União Soviética,1966,4-3-2-1,park,Nigéria,2014,3-5-2,park,True,11749,90.11199999999187,1,0,CONSISTENT,1,10,6,1.132871959800738,219,191,3,10,2,0,12,34,15,16,6,11,1,20,18,0,5,0,0,0,0,0,0,0,0,0,0,0.3598153333333402,0.3,0.6666666666666666,0,8,0,0,7,53.4058892950681,0.13333333333333333,1,0,0,0,0
778,7030982,Tchecoslováquia,1962,4-5-1,wings,Uruguai,1966,4-4-2,direct,True,12105,90.0479999999919,2,1,CONSISTENT,3,18,5,2.000594507878839,197,169,5,20,3,0,16,58,8,26,13,15,3,23,19,0,2,3,1,0,0,0,0,0,0,0,0,0.3767680000000015,0.3,0.6666666666666666,0,8,0,0,0,53.42769686674834,0.13333333333333333,2,0,0,0,1
779,7038901,Iugoslávia,1982,4-3-1-2,press,França,1966,4-3-2-1,balanced,True,11835,90.11999999999186,1,0,CONSISTENT,1,14,6,1.5347713315747398,199,165,8,9,1,0,7,24,9,9,5,21,6,13,12,0,5,3,0,0,0,0,0,0,0,0,0,0.36512533333333697,0.3,0.6,0,5,0,0,0,53.44785243589757,0.13333333333333333,1,0,0,0,0
780,7046820,Alemanha,1986,5-2-3,press,Áustria,1990,4-3-2-1,direct,True,11954,90.20799999999181,1,0,CONSISTENT,1,21,6,3.1776554448803167,180,156,12,9,3,0,12,32,6,12,6,24,8,23,19,0,5,2,0,0,0,0,0,0,0,0,0,0.4249804460856424,0.3,0.6,0,5,0,0,0,53.443440174234695,0.13333333333333333,1,0,0,0,0
781,7054739,Uruguai,1966,3-1-4-2,balanced,Espanha,1966,4-1-2-1-2,park,True,11805,90.00799999999192,0,1,CONSISTENT,1,21,3,2.3077201814092385,199,164,7,8,0,0,8,28,9,17,7,13,7,8,5,0,2,3,0,0,0,0,0,0,0,0,0,0.376767999999998,0.3,0.6666666666666666,0,3,0,0,0,53.42031146545237,0.13333333333333333,1,0,0,0,0
782,7062658,Alemanha,1990,4-3-3,direct,Holanda,2026,4-2-4,direct,True,12054,90.11199999999187,2,3,CONSISTENT,5,18,5,2.973600460821489,175,152,7,7,0,0,7,23,5,7,5,33,8,27,23,0,0,0,0,0,0,0,0,0,0,0,0,0.4402520000000026,0.3133333333333333,0.6,0,3,0,0,0,53.46571234134385,0.19999999999999998,4,0,0,0,1
783,7070577,Iugoslávia,1958,4-4-2,press,Alemanha,2026,3-5-2,press,True,12034,90.00799999999192,1,3,CONSISTENT,4,21,7,2.319360861050198,187,153,7,15,2,0,23,49,13,12,6,12,2,19,14,0,3,3,2,0,0,0,0,0,0,0,0,0.4138199999999936,0.3,0.6666666666666666,0,6,0,0,7,53.46683932538715,0.13333333333333333,1,0,1,0,2
784,7078496,Itália,2010,5-2-3,direct,Arábia Saudita,2022,4-4-2,direct,True,12091,90.2239999999918,3,1,CONSISTENT,4,26,10,3.31881972643681,182,143,12,6,2,0,11,28,12,7,3,37,16,32,22,1,6,6,0,0,0,0,0,0,0,0,0,0.3705926666666699,0.3,0.6666666666666666,0,2,0,0,0,53.4393642131795,0.13333333333333333,3,0,0,0,1
785,7086415,Argentina,2022,3-4-3,wings,Alemanha,1978,3-1-4-2,balanced,True,11564,90.03199999999191,1,0,CONSISTENT,1,13,6,1.831095647112706,205,177,5,3,0,0,5,16,14,6,5,12,5,10,9,0,5,3,0,0,0,0,0,0,0,0,0,0.3924226666666637,0.3,0.6,0,1,0,0,0,53.423477509754996,0.13333333333333333,1,0,0,0,0
786,7094334,Japão,1998,3-5-2,wings,Peru,2026,4-1-2-1-2,wings,True,12121,90.11999999999186,0,1,CONSISTENT,1,16,3,1.8729052907782835,175,145,17,13,0,0,10,32,6,12,3,31,6,23,16,0,2,6,0,0,0,0,0,0,0,0,0,0.3949209045840212,0.3,0.6666666666666666,0,4,0,0,0,53.44269433216379,0.16666666666666666,1,0,0,0,0
787,7102253,EUA,2026,4-3-2-1,tiki,Brasil,1970,4-2-2-2,tiki,True,11857,90.00799999999192,0,5,CONSISTENT,5,20,9,3.54199432579484,194,164,7,7,1,0,9,21,6,8,3,19,12,14,10,0,4,4,0,0,0,0,0,0,0,0,0,0.4378133333333356,0.3,0.6666666666666666,0,3,0,0,0,53.44134096988726,0.13333333333333333,5,0,0,0,0
788,7110172,Irã,2026,3-1-4-2,balanced,União Soviética,1990,5-3-2,tiki,True,11865,90.19999999999182,0,0,CONSISTENT,0,17,3,1.9979816315436425,192,167,13,6,0,0,4,23,3,15,9,25,8,7,7,0,3,4,0,0,0,0,0,0,0,0,0,0.3668560000000014,0.3,0.3333333333333333,0,4,0,0,0,54.44412460318317,0.13333333333333333,0,0,0,0,0
789,7118091,Tunísia,1998,4-2-4,direct,Marrocos,1994,3-1-4-2,counter,True,11676,90.2239999999918,0,2,CONSISTENT,2,9,2,1.402787553032286,190,164,4,3,0,0,8,22,7,11,4,12,2,17,12,0,0,0,0,0,0,0,0,0,0,0,0,0.35694399999999943,0.3,0.6,0,2,0,0,0,53.429026066602404,0.13333333333333333,1,0,0,0,1
790,7126010,Hungria,1986,3-5-2,park,Alemanha,1990,3-1-4-2,park,True,12172,90.07999999999188,2,1,CONSISTENT,3,26,9,2.709329544696182,198,167,9,16,4,0,8,49,8,26,15,16,6,18,17,0,6,4,1,0,0,0,0,0,0,0,0,0.4270177794052691,0.3,0.5666666666666667,0,14,0,0,0,53.43701663802229,0.13333333333333333,1,0,0,0,2
791,7133929,Iugoslávia,1958,3-1-4-2,press,Brasil,1986,3-4-3,wings,True,11613,90.31999999999175,0,1,CONSISTENT,1,7,1,0.7135431809576833,200,164,4,4,0,0,7,19,9,8,6,15,5,15,11,0,0,2,0,0,0,0,0,0,0,0,0,0.3835333333333281,0.3,0.6,0,1,0,0,0,53.44461805669774,0.13333333333333333,1,0,0,0,0
792,7141848,Hungria,1986,4-2-4,balanced,Iugoslávia,1982,3-4-3,wings,True,11959,90.00799999999192,0,1,CONSISTENT,1,22,2,3.2213910152490457,167,135,15,6,0,0,13,21,9,2,1,32,10,24,18,1,1,4,0,0,0,0,0,0,0,0,0,0.36512533333333325,0.3133333333333333,0.6666666666666666,0,2,0,0,0,53.415672908571906,0.19999999999999998,0,0,0,0,1
793,7149767,União Soviética,1958,5-2-3,balanced,México,2006,4-5-1,tiki,True,12146,90.47199999999167,1,2,CONSISTENT,3,22,5,2.417090973749241,164,143,17,6,4,0,9,20,3,5,1,43,16,19,13,0,2,7,1,0,0,0,0,0,0,0,0,0.3607113543537423,0.3,0.6666666666666666,0,3,0,0,0,53.464308956490406,0.13333333333333333,1,0,0,0,2
794,7157686,Hungria,1986,3-5-2,wings,Camarões,2010,4-2-2-2,direct,True,11919,90.11999999999186,2,0,CONSISTENT,2,23,6,3.4186564941121507,183,149,12,5,0,0,4,15,11,6,4,30,12,20,15,0,4,2,0,0,0,0,0,0,0,0,0,0.40190200000000303,0.3,0.6,0,4,0,0,0,55.04572088280548,0.13333333333333333,1,0,0,0,1
795,7165605,Iugoslávia,1962,3-1-4-2,tiki,Hungria,1982,5-4-1,counter,True,11877,90.15999999999184,0,0,CONSISTENT,0,13,3,1.3330266626372262,182,154,6,14,3,0,28,59,10,33,10,14,5,15,10,0,3,1,0,0,0,0,0,0,0,0,0,0.3593826666666661,0.3133333333333333,0.6666666666666666,0,10,0,0,0,40.44120803228551,0.19999999999999998,0,0,0,0,0
796,7173524,Hungria,1982,4-2-4,direct,Paraguai,2026,4-1-2-1-2,tiki,True,11970,90.32799999999175,2,0,CONSISTENT,2,22,7,2.736111866983804,172,149,9,8,0,0,14,44,7,26,14,21,9,20,17,0,5,3,1,0,0,0,0,0,0,0,0,0.3899840000000039,0.3,0.6,0,4,0,0,0,53.42460766886927,0.13333333333333333,1,0,0,0,1
797,7181443,Tunísia,2026,5-3-2,wings,Iugoslávia,1974,4-3-1-2,tiki,True,11855,90.2319999999918,3,2,CONSISTENT,5,14,6,2.267405723606897,192,163,3,11,0,0,13,36,7,17,6,13,7,13,11,0,1,3,1,0,0,0,0,0,0,0,0,0.36555800000000266,0.3,0.6666666666666666,0,6,0,0,0,53.42850373401343,0.13333333333333333,4,1,0,0,0
798,7189362,Irã,1978,4-3-2-1,wings,Argentina,1982,4-2-4,park,True,12016,90.31999999999175,1,1,CONSISTENT,2,15,2,1.5945673502627118,201,168,13,9,1,0,14,37,9,18,12,23,4,9,7,1,0,2,0,0,0,0,0,0,0,0,0,0.4014693333333332,0.3,0.6666666666666666,0,5,0,0,0,53.40357736083057,0.13333333333333333,1,0,0,0,1
799,7197281,Iugoslávia,1974,3-4-3,tiki,Croácia,1998,4-5-1,wings,True,11611,90.06399999999189,0,2,CONSISTENT,2,12,3,1.2858262379346372,193,159,2,5,0,0,7,26,4,15,13,10,5,10,6,0,1,2,0,0,0,0,0,0,0,0,0,0.4205853333333358,0.3,0.39999999999999997,0,3,0,0,0,53.48270847129289,0.13333333333333333,2,0,0,0,0
800,7205200,Irã,1998,3-4-3,balanced,Holanda,2014,3-4-2-1,wings,True,11443,90.0559999999919,0,0,CONSISTENT,0,6,1,0.8221578792469739,208,183,0,2,1,0,5,11,4,4,4,4,2,12,10,0,1,0,0,0,0,0,0,0,0,0,0,0.3849152282280868,0.3,0.3333333333333333,0,2,0,0,0,43.61115744050815,0.13333333333333333,0,0,0,0,0
801,7213119,México,2006,4-2-3-1,press,Brasil,1986,4-5-1,counter,True,11941,90.2319999999918,1,0,CONSISTENT,1,16,7,2.335070139259514,182,153,3,14,3,0,13,44,11,16,10,14,7,22,16,1,6,1,0,0,0,0,0,0,0,0,0,0.40320000000000034,0.3,0.5666666666666667,0,9,0,0,0,53.403892311422545,0.13333333333333333,0,0,0,0,1
802,7221038,Hungria,1982,5-4-1,balanced,Holanda,2026,3-1-4-2,wings,True,12128,90.06399999999189,2,4,CONSISTENT,6,21,9,2.4996314724473585,201,176,9,12,2,0,6,25,7,10,2,20,10,7,6,0,3,5,0,0,0,0,0,0,0,0,0,0.3803220250010027,0.3,0.6666666666666666,0,9,0,0,0,53.46254820034736,0.13333333333333333,5,0,0,0,1
803,7228957,Iugoslávia,1954,4-2-2-2,wings,França,1982,3-4-2-1,press,True,11864,90.03199999999191,2,0,CONSISTENT,2,15,3,2.5281616822662105,200,174,5,10,3,0,10,26,7,11,3,11,5,9,8,0,1,2,0,0,0,0,0,0,0,0,0,0.3835333333333334,0.3,0.6666666666666666,0,3,0,0,7,53.4694761987675,0.13333333333333333,2,0,0,0,0
804,7236876,Hungria,1966,4-2-3-1,park,Argentina,1986,4-5-1,balanced,True,12120,90.02399999999191,2,2,CONSISTENT,4,19,6,1.9297734046332442,196,170,8,17,4,1,13,46,12,19,10,18,6,16,13,0,2,3,0,0,0,0,0,0,0,0,0,0.4118140000000045,0.3,0.6666666666666666,0,9,0,0,0,53.47116945100851,0.13333333333333333,3,0,0,0,1
805,7244795,Uruguai,2010,3-4-2-1,balanced,Uruguai,1954,4-3-3,wings,True,12004,90.28799999999177,0,1,CONSISTENT,1,21,5,2.7590176967576197,187,163,12,10,2,0,5,24,3,8,5,23,10,21,18,0,4,4,0,0,0,0,0,0,0,0,0,0.4225913333333337,0.3,0.6666666666666666,0,4,0,0,0,53.426803707527164,0.13333333333333333,0,0,0,0,1
806,7252714,Hungria,1962,4-3-1-2,wings,Paraguai,1950,3-5-2,tiki,True,12021,90.19999999999182,0,0,CONSISTENT,0,16,3,2.0876982914924933,192,163,11,14,4,1,16,41,11,15,5,24,8,9,5,0,3,4,0,0,0,0,0,0,0,0,0,0.39343310726342956,0.3133333333333333,0.6666666666666666,0,11,0,0,0,55.58667644926659,0.19999999999999998,0,0,0,0,0
807,7260633,Uruguai,2014,4-3-1-2,park,Irã,2006,4-3-2-1,balanced,True,12120,90.29599999999176,1,3,CONSISTENT,4,26,5,2.6836105388051106,206,181,10,14,1,0,18,53,8,24,15,16,6,8,7,0,1,4,0,0,0,0,0,0,0,0,0,0.38294333333333164,0.3,0.6666666666666666,0,7,0,0,0,53.48021965489955,0.13333333333333333,4,0,0,0,0
808,7268552,Hungria,1962,5-2-3,balanced,Costa Rica,1990,4-3-1-2,direct,True,12090,90.2239999999918,1,1,CONSISTENT,2,26,10,3.135198430217385,183,152,19,9,1,0,11,34,12,13,6,33,13,16,13,0,8,7,0,0,0,0,0,0,0,0,0,0.3982719999999941,0.3,0.6,0,4,0,0,0,54.75274023340756,0.13333333333333333,2,0,0,0,0
809,7276471,Uruguai,2014,3-4-2-1,direct,Romênia,1990,4-3-2-1,counter,True,11994,90.06399999999189,2,1,CONSISTENT,3,20,6,1.8456340424211277,189,157,9,13,0,0,20,56,9,30,19,17,6,19,10,0,3,5,1,0,0,0,0,0,0,0,0,0.3776333333333338,0.3,0.6333333333333333,0,21,0,0,7,53.41870264517733,0.13333333333333333,2,0,0,0,1
810,7284390,Hungria,1962,4-3-1-2,balanced,Uruguai,2014,4-3-1-2,wings,True,11958,90.18399999999183,1,3,CONSISTENT,4,17,6,2.788085397748765,200,167,5,11,2,0,21,47,9,18,10,17,9,17,13,1,2,2,0,0,0,0,0,0,0,0,0,0.4069976473990595,0.3,0.6333333333333333,0,6,0,0,0,53.447378542591665,0.13333333333333333,4,0,0,0,0
811,7292309,Uruguai,2010,4-3-1-2,wings,Brasil,1978,4-4-2,press,True,11756,90.01599999999192,0,0,CONSISTENT,0,13,1,1.5687534744573863,202,172,3,9,1,0,17,40,10,19,11,11,3,11,9,0,1,0,0,0,0,0,0,0,0,0,0,0.4225913333333285,0.3,0.6,0,6,0,0,0,37.805760688474784,0.13333333333333333,0,0,0,0,0
812,7300228,Hungria,1958,5-2-3,park,Alemanha,2018,4-2-3-1,park,True,11970,90.00799999999192,0,1,CONSISTENT,1,20,3,2.6204894799643377,189,162,7,15,3,0,17,41,10,19,6,15,5,14,10,0,2,3,1,0,0,0,0,0,0,0,0,0.42530533333333653,0.3,0.6333333333333333,0,8,0,0,0,53.41287998354854,0.13333333333333333,0,1,0,0,0
813,7308147,Uruguai,1970,3-1-4-2,balanced,México,1994,3-5-2,wings,True,11700,90.18399999999183,1,1,CONSISTENT,2,12,3,1.8623971587337915,193,155,6,5,1,0,13,26,11,11,6,12,3,7,4,0,1,1,0,0,0,0,0,0,0,0,0,0.36555800000000055,0.3,0.3333333333333333,0,4,0,0,0,53.41117030404162,0.13333333333333333,1,0,0,0,1
814,7316066,Gana,2014,4-2-3-1,park,Arábia Saudita,2026,4-3-3,tiki,True,11758,90.10399999999187,1,0,CONSISTENT,1,9,1,0.9330386340148364,202,168,4,7,1,0,6,29,2,16,11,12,4,17,13,0,0,2,0,0,0,0,0,0,0,0,0,0.3679966666666655,0.3,0.6666666666666666,0,3,0,0,0,53.46943538433739,0.13333333333333333,1,0,0,0,0
815,7323985,Uruguai,1974,4-3-3,wings,Áustria,1990,5-3-2,balanced,True,11854,90.00799999999192,0,2,CONSISTENT,2,11,2,1.3668662889394088,192,162,8,9,2,0,8,24,6,8,3,17,4,13,10,0,0,2,0,0,0,0,0,0,0,0,0,0.3705926666666671,0.3,0.5666666666666667,0,6,0,0,0,53.45008617008735,0.13333333333333333,1,0,0,0,1
816,7331904,Gana,2022,4-1-2-1-2,balanced,França,1978,4-2-2-2,direct,True,12207,90.20799999999181,1,2,CONSISTENT,3,21,7,2.427621076419528,194,158,11,17,1,0,14,54,16,29,17,23,6,25,21,0,4,6,0,0,0,0,0,0,0,0,0,0.407058961142303,0.3,0.6666666666666666,0,6,0,0,0,53.42585965486872,0.13333333333333333,3,0,0,0,0
817,7339823,Austrália,2006,4-2-4,press,Brasil,1966,4-3-2-1,wings,True,11978,90.18399999999183,2,0,CONSISTENT,2,25,6,2.7590132848122284,205,165,6,10,1,0,6,17,21,5,0,15,10,17,13,1,4,6,1,0,0,0,0,0,0,0,0,0.4044979999999989,0.3,0.6666666666666666,0,4,0,0,0,53.42373318893477,0.13333333333333333,1,0,0,0,1
818,7347742,Hungria,1986,4-2-2-2,direct,Inglaterra,2010,5-2-3,counter,True,12166,90.32799999999175,1,4,CONSISTENT,5,19,7,2.2877023430122625,192,150,7,13,3,0,11,43,14,17,12,22,6,18,11,0,2,1,0,0,0,0,0,0,0,0,0,0.36972733333333324,0.3133333333333333,0.6,0,8,0,0,0,53.46147352636677,0.19999999999999998,5,0,0,0,0
819,7355661,Iugoslávia,1962,4-1-2-1-2,park,Argélia,1986,3-1-4-2,direct,True,12107,90.18399999999183,1,1,CONSISTENT,2,14,4,1.7125166939688805,192,148,7,17,1,0,17,57,13,27,13,19,4,21,15,0,2,3,0,0,0,0,0,0,0,0,0,0.3731880976893705,0.3,0.6666666666666666,0,10,0,0,0,53.44729066276382,0.13333333333333333,2,0,0,0,0
820,7363580,Alemanha,2010,4-4-2,direct,Uruguai,2002,4-1-2-1-2,wings,True,11909,90.20799999999181,0,1,CONSISTENT,1,17,6,2.0094432024938995,181,153,6,12,1,0,17,47,9,22,10,19,6,15,9,2,5,2,0,0,0,0,0,0,0,0,0,0.38251066666666567,0.3,0.6666666666666666,0,7,0,0,7,53.422107307777715,0.13333333333333333,1,0,0,0,0
821,7371499,Tunísia,2002,4-5-1,park,Paraguai,2006,4-1-4-1,direct,True,11824,90.0559999999919,0,0,CONSISTENT,0,14,1,2.1074304390222163,197,158,3,13,2,0,20,57,11,30,17,15,7,25,17,0,1,1,0,0,0,0,0,0,0,0,0,0.3714579999999988,0.3,0.6666666666666666,0,8,0,0,0,43.497052058809224,0.13333333333333333,0,0,0,0,0
822,7379418,Irã,2026,5-2-3,tiki,Irã,2022,4-1-4-1,wings,True,11800,90.12799999999186,0,1,CONSISTENT,1,11,3,1.534742399444589,187,153,7,9,2,0,9,23,8,6,3,16,3,8,4,0,2,2,0,0,0,0,0,0,0,0,0,0.359815333333336,0.3,0.6666666666666666,0,6,0,0,0,53.40906139144159,0.13333333333333333,1,0,0,0,0
823,7387337,EUA,2010,4-1-4-1,balanced,Costa Rica,2014,5-3-2,tiki,True,11390,90.02399999999191,0,0,CONSISTENT,0,4,0,0.44721123228292015,219,193,1,1,0,0,2,4,0,1,0,4,2,3,1,0,0,0,0,0,0,0,0,0,0,0,0,0.3313773333333336,0.3,0.36666666666666664,0,0,0,0,0,40.14148245279078,0.13333333333333333,0,0,0,0,0
824,7395256,Dinamarca,2002,3-4-3,wings,Itália,2006,3-5-2,wings,True,11658,90.00799999999192,2,1,CONSISTENT,3,18,3,2.391322784131067,208,177,3,2,0,0,6,16,10,5,4,13,2,14,13,0,0,0,0,0,0,0,0,0,0,0,0,0.45109333333333,0.3133333333333333,0.6333333333333333,0,1,0,0,0,53.44026761069284,0.19999999999999998,2,0,0,0,1
825,7403175,Coreia do Sul,2002,3-4-2-1,counter,EUA,1990,4-2-3-1,park,True,11774,90.10399999999187,2,2,CONSISTENT,4,17,9,1.5203094006645448,197,163,2,8,0,0,4,33,10,20,13,12,4,19,12,0,5,3,0,0,0,0,0,0,0,0,0,0.3635519999999969,0.3,0.3333333333333333,0,6,0,0,0,53.43108696459352,0.13333333333333333,4,0,0,0,0
826,7411094,Irã,2026,5-2-3,press,Camarões,1994,4-4-2,tiki,True,11853,90.30399999999176,2,3,CONSISTENT,5,17,7,2.3665846434732334,197,172,6,6,0,0,11,26,6,9,5,11,2,9,5,0,2,2,1,0,0,0,0,0,0,0,0,0.37145800000000023,0.3,0.6666666666666666,0,4,0,0,0,53.453443296235385,0.13333333333333333,3,0,0,0,2
827,7419013,EUA,2026,4-1-4-1,park,Alemanha,2006,4-3-1-2,wings,True,11755,90.14399999999185,2,2,CONSISTENT,4,21,7,1.9090483420343534,196,165,4,4,1,0,12,29,10,9,6,9,1,18,13,0,3,1,0,0,0,0,0,0,0,0,0,0.4263279999999996,0.3,0.4666666666666666,0,0,0,0,0,53.445970287568464,0.13333333333333333,3,0,0,0,1
828,7426932,Alemanha,2002,4-3-1-2,park,México,2014,5-4-1,wings,True,11881,90.07199999999189,0,0,CONSISTENT,0,19,4,1.765198858854388,195,168,14,10,1,0,10,34,5,16,10,22,3,17,13,0,4,3,0,0,0,0,0,0,0,0,0,0.4027673333333327,0.3,0.6666666666666666,0,3,0,0,0,48.58229999044538,0.13333333333333333,0,0,0,0,0
829,7434851,Tunísia,1978,4-2-4,direct,Escócia,1982,4-3-1-2,direct,True,12205,90.17599999999183,2,1,CONSISTENT,3,23,8,3.218425171707266,175,142,12,14,2,1,15,40,8,17,4,28,10,22,16,1,5,3,0,0,0,0,0,0,0,0,0,0.3685866666666659,0.3,0.6666666666666666,0,9,0,0,0,54.72853006699493,0.13333333333333333,2,0,0,0,1
830,7442770,Irã,2018,4-1-2-1-2,direct,Bélgica,2022,4-3-1-2,wings,True,12015,90.0399999999919,1,0,CONSISTENT,1,14,7,2.0033380431624424,196,158,7,16,1,0,15,47,18,21,12,18,8,29,20,1,6,4,0,0,0,0,0,0,0,0,0,0.3937279538908192,0.3,0.6333333333333333,0,8,0,0,0,53.42913952498659,0.13333333333333333,1,0,0,0,0
831,7450689,EUA,2006,4-2-3-1,balanced,França,2018,4-3-3,tiki,True,11806,90.00799999999192,2,3,CONSISTENT,5,19,6,3.5949043010481554,174,147,6,4,1,0,11,20,6,7,0,21,8,14,10,0,1,1,0,0,0,0,0,0,0,0,0,0.45260266666666904,0.3133333333333333,0.6,0,2,0,0,0,57.28376721783952,0.19999999999999998,5,0,0,0,0
832,7458608,Argentina,2014,4-5-1,counter,Alemanha,1954,4-3-1-2,counter,True,11947,90.00799999999192,0,1,CONSISTENT,1,25,6,2.5534475045803893,183,159,8,11,0,0,18,42,3,14,10,16,8,18,14,0,5,4,0,0,0,0,0,0,0,0,0,0.4483153333333334,0.3,0.6,0,8,0,0,0,53.44626461268063,0.13333333333333333,1,0,0,0,0
833,7466527,México,1970,4-4-2,tiki,Espanha,1986,5-2-3,press,True,11796,90.15199999999184,0,2,CONSISTENT,2,17,3,3.2277379629875194,191,160,6,9,1,0,8,23,10,7,3,14,7,8,8,0,1,0,0,0,0,0,0,0,0,0,0,0.377123379419588,0.3133333333333333,0.6333333333333333,0,2,0,0,0,53.4650851236234,0.19999999999999998,1,0,0,0,1
834,7474446,Itália,1950,5-3-2,tiki,Itália,1986,4-1-4-1,park,True,11723,90.18399999999183,1,0,CONSISTENT,1,13,2,1.9676943286034236,201,177,2,7,1,0,11,39,5,24,16,13,6,14,11,1,1,3,0,0,0,0,0,0,0,0,0,0.36799666666666,0.3,0.6666666666666666,0,3,0,0,0,53.40088793384948,0.13333333333333333,1,0,0,0,0
835,7482365,Suíça,1966,4-5-1,wings,Itália,1934,4-3-3,tiki,True,11987,90.3999999999917,4,2,CONSISTENT,6,16,7,3.41545882473096,180,153,11,4,0,0,7,17,10,5,3,26,7,12,12,0,1,2,1,0,0,0,0,0,0,0,0,0.4197199999999973,0.3,0.39999999999999997,0,1,0,0,7,53.46428404185086,0.13333333333333333,3,1,0,0,2
836,7490284,Alemanha,2018,4-3-2-1,park,Colômbia,1990,3-5-2,direct,True,11650,90.07999999999188,2,0,CONSISTENT,2,12,6,2.0845116817800684,214,186,0,8,2,0,10,36,6,20,12,4,3,14,11,0,4,1,0,0,0,0,0,0,0,0,0,0.3664233333333318,0.3,0.6,0,5,0,0,0,53.42438618980295,0.13333333333333333,2,0,0,0,0
837,7498203,Suíça,1966,3-5-2,press,Uruguai,2014,5-2-3,park,True,12073,90.2319999999918,1,2,CONSISTENT,3,21,4,3.6134499080274853,191,169,5,12,1,0,16,44,2,20,10,15,4,23,18,1,1,2,0,0,0,0,0,0,0,0,0,0.4006039999999996,0.3,0.49999999999999994,0,6,0,0,0,53.451791452648536,0.13333333333333333,2,0,0,0,1
838,7506122,Itália,1950,4-2-4,direct,Arábia Saudita,1994,3-4-2-1,press,True,11705,90.18399999999183,0,0,CONSISTENT,0,14,0,1.9060636059953322,184,151,13,2,0,0,16,30,14,15,4,24,4,31,23,0,0,1,0,0,0,0,0,0,0,0,0,0.4206125944756057,0.3,0.6,0,1,0,0,0,49.49202391492232,0.13333333333333333,0,0,0,0,0
839,7514041,Escócia,1982,4-3-3,direct,Argentina,2006,5-2-3,tiki,True,12112,90.26399999999178,2,4,CONSISTENT,6,22,8,3.8613156853040116,177,156,8,9,0,0,14,28,7,10,2,30,15,22,18,0,2,3,1,0,0,0,0,0,0,0,0,0.3961593333333374,0.3,0.6666666666666666,0,6,0,0,0,53.47567437588473,0.13333333333333333,4,0,0,0,2
840,7521960,Dinamarca,2022,4-1-2-1-2,balanced,Tchecoslováquia,1982,3-1-4-2,direct,True,12019,90.27999999999177,1,3,CONSISTENT,4,18,8,2.870109915476842,195,153,4,15,1,0,17,58,15,24,17,12,6,11,7,0,4,1,0,0,0,0,0,0,0,0,0,0.38050466666666555,0.3,0.6666666666666666,0,9,0,0,7,53.43316991361155,0.13333333333333333,4,0,0,0,0
841,7529879,Escócia,1986,4-4-2,direct,Nigéria,2018,4-1-2-1-2,wings,True,12174,90.18399999999183,1,0,CONSISTENT,1,19,8,2.547546279185428,193,163,8,17,6,1,11,41,14,16,8,23,11,12,10,0,7,2,0,0,0,0,0,0,0,0,0,0.37676799999999505,0.3,0.6666666666666666,0,10,0,0,0,53.438491969547435,0.13333333333333333,1,0,0,0,0
842,7537798,Itália,1954,4-2-4,counter,Tunísia,1998,4-2-4,balanced,True,11835,90.0479999999919,2,0,CONSISTENT,2,16,4,2.858142718891745,178,141,8,6,1,0,15,41,13,22,14,21,7,19,14,0,2,4,1,0,0,0,0,0,0,0,0,0.36311933333333374,0.3,0.6333333333333333,0,3,0,0,0,53.401125273486116,0.13333333333333333,1,1,0,0,0
843,7545717,Suíça,2014,5-4-1,park,Bélgica,1998,3-5-2,tiki,True,11919,90.30399999999176,1,2,CONSISTENT,3,17,6,1.920586752090056,196,163,8,9,1,0,8,49,6,32,20,15,4,10,6,0,3,1,0,0,0,0,0,0,0,0,0,0.40747959685741614,0.3,0.39999999999999997,0,8,0,0,0,53.42853375259397,0.13333333333333333,3,0,0,0,0
844,7553636,Gana,2014,3-5-2,direct,Inglaterra,2010,4-2-3-1,direct,True,11901,90.00799999999192,1,3,CONSISTENT,4,18,5,2.793980864444782,184,160,4,12,2,1,23,47,6,19,8,16,6,15,9,0,1,2,0,0,0,0,0,0,0,0,0,0.4508034497046245,0.3133333333333333,0.6666666666666666,0,5,0,0,0,53.45110185678212,0.19999999999999998,4,0,0,0,0
845,7561555,Suíça,2014,4-2-2-2,counter,México,2022,4-2-2-2,park,True,11995,90.17599999999183,2,0,CONSISTENT,2,19,7,2.2917507354333457,177,149,10,15,2,0,23,61,7,26,13,21,6,13,10,0,5,4,0,0,0,0,0,0,0,0,0,0.38754533333333435,0.3,0.6666666666666666,0,8,0,0,0,53.4293280968482,0.13333333333333333,2,0,0,0,0
846,7569474,Itália,1978,4-5-1,tiki,Suécia,1978,4-2-2-2,counter,True,11923,90.21599999999181,0,1,CONSISTENT,1,18,4,2.1635062116593984,207,188,8,11,2,0,11,32,2,15,6,14,4,16,15,1,3,3,1,0,0,0,0,0,0,0,0,0.3842413333333356,0.3,0.6666666666666666,0,4,0,0,7,53.40108030125263,0.13333333333333333,0,0,1,0,0
847,7577393,Argélia,1986,4-5-1,park,Suíça,2026,5-3-2,park,True,11941,90.15199999999184,2,2,CONSISTENT,4,25,12,2.5518133512255297,203,173,5,7,1,0,7,25,9,10,7,12,7,19,12,0,8,2,0,0,0,0,0,0,0,0,0,0.38050466666666516,0.3,0.6666666666666666,0,4,0,0,7,53.437031841391494,0.13333333333333333,4,0,0,0,0
848,7585312,Itália,1990,4-3-2-1,wings,Paraguai,1998,4-3-3,press,True,11708,90.00799999999192,1,0,CONSISTENT,1,19,4,2.4568898967789767,203,177,4,9,1,0,10,35,11,15,12,12,6,17,15,0,3,4,0,0,0,0,0,0,0,0,0,0.39798633069413153,0.3,0.6333333333333333,0,2,0,0,0,53.46999817219119,0.13333333333333333,1,0,0,0,0
849,7593231,Argélia,2010,4-3-1-2,direct,Argélia,1986,3-1-4-2,balanced,True,11972,90.16799999999184,0,0,CONSISTENT,0,13,5,1.1857246843824658,203,182,7,17,3,1,12,43,6,17,6,16,3,9,8,0,5,3,0,0,0,0,0,0,0,0,0,0.38050466666666855,0.3,0.6333333333333333,0,8,0,0,7,56.232937338219465,0.13333333333333333,0,0,0,0,0
850,7601150,Holanda,2026,5-2-3,park,Uruguai,2014,3-1-4-2,tiki,True,11968,90.27999999999177,0,3,CONSISTENT,3,21,5,2.736638033137051,201,179,10,8,3,0,16,32,5,13,5,19,6,10,8,0,2,2,0,0,0,0,0,0,0,0,0,0.42259133333333254,0.3,0.6,0,5,0,0,0,54.46957381474602,0.13333333333333333,3,0,0,0,0
851,7609069,Suíça,2006,5-3-2,park,Inglaterra,2022,3-4-3,park,True,11710,90.01599999999192,1,0,CONSISTENT,1,17,3,2.267678604737556,207,175,4,7,3,0,10,34,10,17,9,14,6,18,14,0,2,0,0,0,0,0,0,0,0,0,0,0.38955133333333364,0.3,0.6666666666666666,0,4,0,0,0,53.40808681667084,0.13333333333333333,1,0,0,0,0
852,7616988,Gana,2006,4-3-3,direct,México,1970,3-4-3,park,True,11985,90.37599999999172,3,1,CONSISTENT,4,19,9,3.664323671044282,187,148,9,6,0,0,6,18,14,5,5,22,7,22,12,0,5,3,0,0,0,0,0,0,0,0,0,0.36929466666666244,0.3,0.39999999999999997,0,17,0,0,7,53.45620656088426,0.13333333333333333,1,0,0,0,3
853,7624907,Suíça,2010,4-2-2-2,tiki,Suécia,1974,4-4-2,tiki,True,11688,90.2319999999918,0,0,CONSISTENT,0,16,2,1.9034679569163475,189,164,5,4,2,0,4,17,3,10,6,17,6,10,8,0,2,2,0,0,0,0,0,0,0,0,0,0.3626866666666673,0.3,0.6666666666666666,0,1,0,0,0,49.82305287724262,0.13333333333333333,0,0,0,0,0
854,7632826,França,2014,4-2-2-2,tiki,França,2026,4-3-3,direct,True,11696,90.00799999999192,0,0,CONSISTENT,0,15,3,1.2768877944824049,193,171,8,6,1,0,3,11,8,2,1,17,5,8,6,0,3,4,0,0,0,0,0,0,0,0,0,0.45649666666666683,0.3,0.6,0,1,0,0,0,47.89732625756046,0.13333333333333333,0,0,0,0,0
855,7640745,Senegal,2026,5-2-3,balanced,Brasil,2018,4-1-4-1,park,True,12085,90.00799999999192,1,2,CONSISTENT,3,22,7,3.5165867757541047,181,152,14,11,1,0,9,37,10,18,10,35,9,20,15,0,4,3,0,0,0,0,0,0,0,0,0,0.4303400000000064,0.3133333333333333,0.6666666666666666,0,9,0,0,0,53.45239668398664,0.19999999999999998,1,0,0,0,2
856,7648664,Inglaterra,1950,4-2-2-2,press,EUA,2026,4-3-1-2,balanced,True,11723,90.03199999999191,0,0,CONSISTENT,0,8,1,0.86882162995207,193,164,3,10,3,0,15,37,11,18,9,15,2,13,9,1,1,3,0,0,0,0,0,0,0,0,0,0.36842933333333544,0.3,0.3333333333333333,0,7,0,0,7,25.12277278523911,0.13333333333333333,0,0,0,0,0
857,7656583,Senegal,2022,3-4-2-1,balanced,México,2006,4-1-4-1,press,True,11920,90.03199999999191,1,1,CONSISTENT,2,13,3,1.728324142087305,206,167,6,11,1,0,11,32,9,11,7,12,3,11,6,0,1,3,0,0,0,0,0,0,0,0,0,0.3444360000000014,0.3,0.6,0,4,0,0,0,53.45936319853798,0.13333333333333333,2,0,0,0,0
858,7664502,França,2006,3-4-3,balanced,Hungria,1966,4-2-4,wings,True,12115,90.09599999999188,3,2,CONSISTENT,5,31,9,4.495273451151254,175,148,20,4,0,0,16,26,7,10,4,34,14,20,15,2,4,6,1,0,0,0,0,0,0,0,0,0.4360826666666669,0.3,0.6666666666666666,0,2,0,0,0,53.45037672901524,0.13333333333333333,3,0,0,0,2
859,7672421,Suíça,1994,4-3-2-1,wings,Chile,1982,4-5-1,park,True,11769,90.06399999999189,0,2,CONSISTENT,2,13,5,1.622081584614436,206,171,4,9,2,0,11,32,14,12,9,13,6,19,15,0,3,3,0,0,0,0,0,0,0,0,0,0.3515028282008762,0.3,0.6,0,6,0,0,0,53.43806751352697,0.13333333333333333,2,0,0,0,0
860,7680340,Alemanha,2026,4-3-1-2,tiki,Tunísia,1998,3-4-2-1,park,True,11876,90.0559999999919,0,0,CONSISTENT,0,11,2,1.604643250933466,195,166,4,16,3,0,18,52,7,25,7,15,6,10,9,0,2,0,0,0,0,0,0,0,0,0,0,0.3569440000000025,0.3133333333333333,0.5666666666666667,0,14,0,0,0,47.562270523934565,0.19999999999999998,0,0,0,0,0
861,7688259,Suíça,2006,5-4-1,direct,Rússia,2018,4-2-3-1,tiki,True,11973,90.00799999999192,1,2,CONSISTENT,3,16,7,1.9706544315358552,173,137,5,14,2,0,31,79,5,40,20,13,5,16,12,0,4,2,0,0,0,0,0,0,0,0,0,0.3743293333333324,0.3,0.6666666666666666,0,9,0,0,0,53.47973157607548,0.13333333333333333,3,0,0,0,0
862,7696178,Brasil,1974,4-3-2-1,wings,Itália,2006,4-3-2-1,balanced,True,12151,90.07999999999188,0,1,CONSISTENT,1,19,5,2.006969722121424,199,169,13,17,0,0,16,39,4,6,4,25,7,13,9,1,4,2,0,0,0,0,0,0,0,0,0,0.4300646666666695,0.3,0.6666666666666666,0,8,0,0,0,62.88189733970498,0.13333333333333333,1,0,0,0,0
863,7704097,Japão,2014,5-2-3,counter,Senegal,2022,4-4-2,press,True,12129,90.07199999999189,2,0,CONSISTENT,2,11,6,1.1234964011953372,178,148,8,15,2,0,12,39,10,13,7,25,8,26,19,0,4,4,0,0,0,0,0,0,0,0,0,0.40388443579609673,0.3,0.6666666666666666,0,9,0,0,7,53.4741899984229,0.13333333333333333,1,0,0,0,1
864,7712016,Austrália,2006,4-5-1,balanced,Bélgica,1994,4-2-3-1,direct,True,11733,90.00799999999192,3,1,CONSISTENT,4,22,10,2.272714969380823,189,165,2,7,1,0,12,47,3,29,23,13,8,23,18,0,6,3,0,0,0,0,0,0,0,0,0,0.3755186550518634,0.3133333333333333,0.3333333333333333,0,4,0,0,0,53.45929880129866,0.19999999999999998,4,0,0,0,0
865,7719935,Holanda,1974,4-3-2-1,tiki,México,2026,4-1-2-1-2,tiki,True,11745,90.11199999999187,1,1,CONSISTENT,2,12,3,1.2161516841148123,197,181,2,11,1,0,10,36,5,16,11,9,6,4,3,0,1,2,0,0,0,0,0,0,0,0,0,0.41118719924794395,0.3,0.6666666666666666,0,5,0,0,0,53.42681374632965,0.13333333333333333,2,0,0,0,0
866,7727854,Bélgica,1990,4-2-2-2,press,Suécia,1974,5-2-3,balanced,True,11986,90.27999999999177,2,0,CONSISTENT,2,21,7,3.0497464702361006,189,164,10,11,3,1,12,39,5,20,9,22,9,15,13,0,5,4,0,0,0,0,0,0,0,0,0,0.36815399999999826,0.3,0.6,0,4,0,0,7,53.45178705944119,0.13333333333333333,2,0,0,0,0
867,7735773,Suíça,2026,3-4-3,press,Argélia,2022,4-3-2-1,direct,True,12177,90.00799999999192,1,4,CONSISTENT,5,25,7,4.468316271408428,192,164,12,14,2,0,10,33,15,13,2,23,8,19,12,0,2,3,1,0,0,0,0,0,0,0,0,0.371300666666668,0.3,0.6666666666666666,0,9,0,0,0,53.42366616322393,0.13333333333333333,2,0,0,0,3
868,7743692,Alemanha,1994,4-3-2-1,tiki,Inglaterra,1962,4-3-1-2,counter,True,11888,90.00799999999192,2,1,CONSISTENT,3,18,8,1.962734103890417,191,156,7,12,3,1,6,48,10,30,17,17,8,8,5,1,5,3,0,0,0,0,0,0,0,0,0,0.3615460000000065,0.3,0.6666666666666666,0,7,0,0,0,53.480899529754375,0.13333333333333333,3,0,0,0,0
869,7751611,Espanha,2010,3-1-4-2,counter,Tunísia,1978,3-1-4-2,counter,True,12237,90.35999999999173,5,0,CONSISTENT,5,16,7,2.1525374392705534,197,166,6,18,0,0,27,63,7,23,7,9,3,14,12,2,2,1,0,0,0,0,0,0,0,0,0,0.42302400000000534,0.3,0.6666666666666666,0,10,0,0,0,62.85485309976303,0.13333333333333333,4,0,0,0,1
870,7759530,França,1958,4-4-2,press,Paraguai,2002,4-2-4,wings,True,12221,90.15199999999184,1,2,CONSISTENT,3,23,9,2.975480512844346,191,160,9,14,5,2,6,38,10,21,14,16,7,24,17,3,6,3,0,0,0,0,0,0,0,0,0,0.4182470758360518,0.3,0.6333333333333333,0,8,0,0,0,53.46125944928065,0.13333333333333333,3,0,0,0,0
871,7767449,Coreia do Sul,1986,4-4-2,direct,Hungria,1954,5-2-3,direct,True,11908,90.08799999999188,0,2,CONSISTENT,2,19,3,2.353774934502426,184,147,10,9,4,0,11,31,9,14,6,28,13,29,17,0,1,4,0,0,0,0,0,0,0,0,0,0.42432200000000186,0.3133333333333333,0.6666666666666666,0,5,0,0,0,53.411233331709006,0.16666666666666666,2,0,0,0,0
872,7775368,Tchecoslováquia,1982,3-1-4-2,counter,Costa Rica,2018,4-5-1,counter,True,12165,90.10399999999187,1,0,CONSISTENT,1,16,6,1.3129047303808123,194,156,8,18,1,0,13,51,12,23,17,14,6,19,16,2,5,4,1,0,0,0,0,0,0,0,0,0.3805046666666634,0.3,0.6666666666666666,0,11,0,0,0,53.404686293227854,0.13333333333333333,0,0,0,0,1
873,7783287,Espanha,2022,4-3-3,park,Iugoslávia,1958,3-5-2,balanced,True,11984,90.00799999999192,2,0,CONSISTENT,2,13,3,1.9642894101155712,199,172,8,16,4,0,10,42,8,23,9,18,2,13,11,0,1,2,1,0,0,0,0,0,0,0,0,0.37189066666666565,0.3,0.6666666666666666,0,14,0,0,0,53.46376877283048,0.13333333333333333,0,1,0,0,1
874,7791206,França,1986,4-1-2-1-2,wings,Portugal,1986,4-3-3,direct,True,11831,90.12799999999186,1,0,CONSISTENT,1,16,6,2.092953716837228,184,163,9,10,1,0,13,29,3,9,1,23,5,16,13,0,5,4,0,0,0,0,0,0,0,0,0,0.37707826538795636,0.3,0.6,0,5,0,0,0,53.40484037885076,0.13333333333333333,1,0,0,0,0
875,7799125,Tunísia,2018,4-2-4,tiki,Alemanha,1954,5-3-2,direct,True,11842,90.15199999999184,3,1,CONSISTENT,4,13,8,2.1063183372174556,204,171,5,5,1,0,1,10,10,6,2,14,5,16,14,1,4,2,1,0,0,0,0,0,0,0,0,0.4073693333333376,0.3,0.6333333333333333,0,4,0,0,0,53.44464813937526,0.13333333333333333,3,0,0,0,1
876,7807044,Alemanha,2014,4-2-3-1,direct,Bulgária,1998,4-2-2-2,counter,True,12093,90.27999999999177,3,2,CONSISTENT,5,28,10,2.6636728835813157,197,169,4,14,3,0,7,47,7,24,16,11,5,26,19,0,5,1,0,0,0,0,0,0,0,0,0,0.4336506053081611,0.3,0.5333333333333333,0,11,0,0,7,53.43565847315592,0.13333333333333333,4,0,0,0,1
877,7814963,Áustria,1990,4-1-4-1,counter,Argentina,2010,4-3-3,tiki,True,12022,90.29599999999176,4,2,CONSISTENT,6,20,7,3.302059488755436,175,145,12,3,0,0,11,19,9,6,3,30,10,20,10,1,1,3,0,0,0,0,0,0,0,0,0,0.3894567044677467,0.3133333333333333,0.39999999999999997,0,3,0,0,0,53.44639414135004,0.19999999999999998,3,0,0,0,3
878,7822882,Holanda,2022,3-4-3,tiki,Tchecoslováquia,1962,4-2-3-1,direct,True,11859,90.02399999999191,1,0,CONSISTENT,1,17,3,2.0306332982665474,185,156,8,9,3,0,10,29,7,12,5,23,10,20,16,0,2,4,1,0,0,0,0,0,0,0,0,0.3751946666666665,0.3,0.6666666666666666,0,7,0,0,0,53.467327724658766,0.13333333333333333,0,0,0,0,1
879,7830801,Áustria,1982,4-5-1,press,México,2022,4-3-2-1,direct,True,11980,90.30399999999176,3,2,CONSISTENT,5,25,11,3.6613137639196944,181,154,8,12,1,0,12,24,12,2,0,22,9,25,21,0,6,7,0,0,0,0,0,0,0,0,0,0.3849493333333329,0.3,0.6666666666666666,0,4,0,0,0,53.44889418261219,0.13333333333333333,4,0,0,0,1
880,7838720,México,1994,4-1-4-1,press,Suécia,1958,4-3-2-1,balanced,True,11862,90.03199999999191,1,1,CONSISTENT,2,22,6,2.9292004253329402,202,169,7,10,1,0,13,40,10,16,7,15,4,15,7,0,4,1,0,0,0,0,0,0,0,0,0,0.3919900000000036,0.3,0.6,0,6,0,0,0,53.41009602996466,0.13333333333333333,0,0,0,0,2
881,7846639,Austrália,2026,3-4-3,direct,Inglaterra,2026,3-4-2-1,press,True,11881,90.7839999999915,0,1,CONSISTENT,1,19,4,2.1889399582175857,186,160,10,6,1,0,11,27,7,11,4,21,9,15,12,0,3,3,0,0,0,0,0,0,0,0,0,0.449978648092437,0.3,0.5333333333333333,0,4,0,0,0,53.43149981810164,0.13333333333333333,1,0,0,0,0
882,7854558,México,2026,3-4-3,tiki,México,1970,3-4-3,direct,True,11436,90.16799999999184,0,0,CONSISTENT,0,4,1,0.5124202921415458,214,190,3,0,0,0,0,1,5,0,0,6,2,2,1,0,1,0,0,0,0,0,0,0,0,0,0,0.36929466666667027,0,0.3333333333333333,0,0,0,0,0,40.498405204538265,0,0,0,0,0,0
883,7862477,Austrália,2026,4-2-2-2,wings,União Soviética,1970,5-2-3,tiki,True,11844,90.21599999999181,0,1,CONSISTENT,1,18,4,2.4470952908488472,177,154,4,9,4,0,15,43,7,25,13,17,6,21,13,0,3,2,0,0,0,0,0,0,0,0,0,0.3609560000000012,0.3,0.6666666666666666,0,5,0,0,0,53.4209960573759,0.13333333333333333,0,0,0,0,1
884,7870396,Inglaterra,1998,3-4-2-1,direct,Portugal,2010,4-1-4-1,press,True,11710,90.3999999999917,1,0,CONSISTENT,1,13,6,1.8268653234730998,192,163,5,7,2,0,8,30,6,13,9,9,3,9,6,1,5,1,0,0,0,0,0,0,0,0,0,0.3961593333333333,0.3,0.6,0,4,0,0,0,53.421814847522256,0.13333333333333333,1,0,0,0,0
885,7878315,Espanha,1966,4-2-3-1,tiki,Suíça,2022,4-1-2-1-2,direct,True,11803,90.14399999999185,1,1,CONSISTENT,2,14,6,2.6246624556692293,187,164,8,9,1,0,14,39,5,16,9,15,4,9,6,0,4,2,0,0,0,0,0,0,0,0,0,0.3998959999999986,0.3,0.6,0,3,0,0,0,53.43528233946189,0.13333333333333333,1,0,0,0,1
886,7886234,Inglaterra,1998,4-2-3-1,wings,Colômbia,2026,4-2-4,wings,True,11973,90.07199999999189,2,5,CONSISTENT,7,25,12,3.911592997330367,181,152,5,10,2,0,7,35,9,20,15,21,10,29,23,0,5,2,0,0,0,0,0,0,0,0,0,0.38024652323516034,0.3,0.6,0,4,0,0,0,53.47858783513511,0.13333333333333333,6,0,0,0,1
887,7894153,Espanha,1982,5-2-3,tiki,Itália,1978,4-2-2-2,tiki,True,11785,90.02399999999191,0,1,CONSISTENT,1,19,4,2.601649962976585,189,156,9,5,0,0,4,13,8,3,0,26,13,14,10,0,3,3,0,0,0,0,0,0,0,0,0,0.3842413333333349,0.3,0.6666666666666666,0,1,0,0,0,53.40154150216907,0.13333333333333333,1,0,0,0,0
888,7902072,Inglaterra,1970,3-1-4-2,counter,Japão,2010,3-5-2,park,True,11947,90.19199999999182,1,0,CONSISTENT,1,24,6,2.2590563292519845,197,167,11,12,1,0,10,39,8,23,16,21,8,14,12,0,5,6,1,0,0,0,0,0,0,0,0,0.36225400000000035,0.3,0.6,0,6,0,0,0,53.46340042534215,0.13333333333333333,0,0,0,0,1
889,7909991,União Soviética,1982,5-4-1,balanced,Uruguai,2010,4-2-3-1,wings,True,11685,90.0479999999919,1,1,CONSISTENT,2,8,3,0.5525895544281487,192,160,5,4,0,0,4,16,7,10,4,13,5,16,11,0,1,3,1,0,0,0,0,0,0,0,0,0.42259133333333243,0.3,0.3333333333333333,0,1,0,0,0,53.41150285914006,0.13333333333333333,2,0,0,0,0
890,7917910,Inglaterra,1966,4-1-2-1-2,press,Camarões,1990,4-3-3,direct,True,11966,90.17599999999183,2,3,CONSISTENT,5,25,11,4.0726516147925444,196,168,8,4,1,0,5,13,6,4,2,23,8,28,20,1,6,1,0,0,0,0,0,0,0,0,0,0.3925799999999994,0.3,0.6,0,1,0,0,0,53.443671258013474,0.13333333333333333,3,0,0,0,2
891,7925829,União Soviética,1982,4-2-3-1,park,Alemanha,2006,4-3-1-2,park,True,12059,90.28799999999177,1,3,CONSISTENT,4,20,7,1.6534851271284667,209,178,4,17,2,0,12,52,10,21,15,11,3,16,11,0,3,3,0,0,0,0,0,0,0,0,0,0.42632799999999943,0.3,0.6666666666666666,0,8,0,0,0,53.448471925285894,0.13333333333333333,4,0,0,0,0
892,7933748,Austrália,2026,3-4-2-1,park,Inglaterra,1982,4-4-2,balanced,True,11771,90.21599999999181,0,0,CONSISTENT,0,12,3,1.279444979179532,204,175,4,11,1,0,16,41,9,17,7,13,3,12,9,0,3,1,0,0,0,0,0,0,0,0,0,0.3593826666666637,0.3,0.6666666666666666,0,7,0,0,0,44.2263091366531,0.16666666666666666,0,0,0,0,0
893,7941667,México,2022,4-2-3-1,direct,Argentina,1982,4-2-2-2,balanced,True,12088,90.43999999999168,3,0,CONSISTENT,3,16,6,2.648443552192706,186,158,5,15,3,0,12,44,7,23,10,18,5,22,17,0,3,1,0,0,0,0,0,0,0,0,0,0.37949007745629393,0.3,0.6666666666666666,0,10,0,0,0,53.47682501340864,0.13333333333333333,1,0,0,0,2
894,7949586,Austrália,2026,4-4-2,tiki,Espanha,2010,3-4-2-1,counter,True,11862,90.2399999999918,0,1,CONSISTENT,1,22,3,1.6983700059199343,196,172,4,10,2,0,13,37,2,11,7,10,4,18,16,0,2,1,0,0,0,0,0,0,0,0,0,0.4006638299238165,0.3,0.39999999999999997,0,7,0,0,0,53.40448885083977,0.13333333333333333,1,0,0,0,0
895,7957505,México,2026,5-4-1,wings,Holanda,2014,4-1-2-1-2,wings,True,11913,90.00799999999192,0,2,CONSISTENT,2,19,5,2.070313918659796,186,164,10,10,0,0,18,39,7,21,8,21,3,13,9,0,3,3,0,0,0,0,0,0,0,0,0,0.45606400000000147,0.3,0.6,0,5,0,0,0,53.439263461431366,0.13333333333333333,2,0,0,0,0
896,7965424,Áustria,1990,3-5-2,wings,Alemanha,2018,5-4-1,direct,True,11962,90.00799999999192,1,0,CONSISTENT,1,19,3,2.2203312816723315,181,148,12,12,2,0,14,46,10,21,11,19,4,14,9,0,2,4,0,0,0,0,0,0,0,0,0,0.36642333333333216,0.3,0.6,0,8,0,0,0,53.42250204047075,0.13333333333333333,0,0,0,0,1
897,7973343,Holanda,2014,4-4-2,direct,Coreia do Sul,1994,3-5-2,counter,True,12023,90.10399999999187,1,2,CONSISTENT,3,20,7,3.0207108734871326,191,152,11,9,3,0,6,23,13,9,5,21,6,18,12,1,4,3,0,0,0,0,0,0,0,0,0,0.3924226666666712,0.3,0.4666666666666666,0,6,0,0,0,53.4415239996153,0.13333333333333333,2,0,0,0,1
898,7981262,Áustria,1982,3-1-4-2,park,Japão,1998,4-2-3-1,press,True,11674,90.30399999999176,0,0,CONSISTENT,0,11,1,0.6817937028815174,217,189,3,7,0,0,11,30,11,12,6,10,3,9,8,0,1,3,0,0,0,0,0,0,0,0,0,0.38494933333333164,0.3,0.6,0,4,0,0,0,40.19343841772805,0.13333333333333333,0,0,0,0,0
899,7989181,Polônia,1978,3-5-2,counter,Chile,1974,4-3-2-1,tiki,True,11835,90.00799999999192,1,0,CONSISTENT,1,13,4,1.880552236435083,184,159,7,9,3,0,12,33,4,19,6,20,7,11,6,0,3,3,0,0,0,0,0,0,0,0,0,0.38532926280533264,0.3,0.6,0,6,0,0,0,53.45115366206167,0.13333333333333333,0,0,0,0,1
900,7997100,Inglaterra,2014,5-4-1,tiki,Irã,2006,5-2-3,direct,True,11681,90.19199999999182,1,1,CONSISTENT,2,10,2,2.1268284194851104,208,182,5,3,0,0,4,12,2,4,2,14,5,6,3,0,0,1,0,0,0,0,0,0,0,0,0,0.3648500000000014,0.3,0.3333333333333333,0,3,0,0,7,53.42995017445802,0.13333333333333333,2,0,0,0,0
901,8005019,Suécia,1970,4-5-1,balanced,Portugal,2002,4-2-3-1,tiki,True,11724,90.25599999999179,0,3,CONSISTENT,3,17,5,3.0468323577824963,197,171,8,1,0,0,8,11,4,1,0,18,10,12,10,0,2,3,0,0,0,0,0,0,0,0,0,0.3777906666666655,0.3,0.6,0,0,0,0,7,53.40788303322571,0.13333333333333333,1,0,0,0,2
902,8012938,Inglaterra,2014,4-3-2-1,park,Iugoslávia,1990,4-3-3,direct,True,12156,90.11199999999187,2,2,CONSISTENT,4,18,6,2.5620626552951493,195,166,9,13,1,0,15,53,7,28,20,25,9,20,11,0,2,4,0,0,0,0,0,0,0,0,0,0.3631193333333398,0.3,0.6666666666666666,0,6,0,0,0,53.45213653233063,0.13333333333333333,3,0,0,0,1
903,8020857,União Soviética,1962,4-3-2-1,tiki,Argentina,2022,3-1-4-2,balanced,True,11868,90.28799999999177,0,2,CONSISTENT,2,17,6,2.020988468739939,197,176,9,9,2,0,9,21,7,3,2,16,6,9,9,0,4,1,0,0,0,0,0,0,0,0,0,0.38294333333333275,0.3,0.39999999999999997,0,9,0,0,0,53.40412450501783,0.13333333333333333,0,0,0,0,2
904,8028776,Inglaterra,2022,4-2-2-2,counter,Croácia,2014,3-1-4-2,tiki,True,11720,90.07999999999188,1,1,CONSISTENT,2,17,4,2.0795134357605773,200,178,3,6,3,0,7,23,6,10,7,12,7,12,9,0,2,1,1,0,0,0,0,0,0,0,0,0.3912819999999971,0.3,0.6666666666666666,0,4,0,0,0,53.42379424540482,0.13333333333333333,1,0,0,0,1
905,8036695,Suécia,1974,4-1-4-1,direct,Paraguai,2010,4-1-2-1-2,park,True,11957,90.19999999999182,1,0,CONSISTENT,1,15,5,1.5421246439508471,200,166,7,8,3,0,9,33,11,16,12,19,4,18,13,1,4,2,0,0,0,0,0,0,0,0,0,0.3626866666666678,0.3133333333333333,0.6666666666666666,0,5,0,0,0,53.42744910653793,0.19999999999999998,0,0,0,0,1
906,8044614,Inglaterra,2018,3-4-3,counter,Tunísia,2002,4-2-4,wings,True,12239,90.12799999999186,2,1,CONSISTENT,3,23,5,3.699122564219943,191,166,19,6,2,0,9,28,7,10,6,37,13,24,18,3,2,7,0,0,0,0,0,0,0,0,0,0.39615933333333586,0.3133333333333333,0.7,0,3,0,0,0,54.90232464878951,0.19999999999999998,3,0,0,0,0
907,8052533,Brasil,2018,4-5-1,park,Suécia,1958,4-1-4-1,counter,True,11966,90.18399999999183,1,1,CONSISTENT,2,18,7,2.443119918712216,182,156,11,10,2,1,17,42,6,14,9,24,11,17,15,0,5,3,0,0,0,0,0,0,0,0,0,0.4562561620634595,0.3,0.6666666666666666,0,6,0,0,0,53.44071779936835,0.13333333333333333,2,0,0,0,0
908,8060452,Paraguai,2026,4-2-2-2,direct,México,2018,4-3-1-2,direct,True,12186,90.07199999999189,1,0,CONSISTENT,1,19,8,2.432772922017252,196,160,10,20,2,0,18,59,10,25,11,23,6,27,19,0,7,2,0,0,0,0,0,0,0,0,0,0.3945860000000009,0.3,0.6666666666666666,0,14,0,0,0,53.40598198204814,0.13333333333333333,1,0,0,0,0
909,8068371,Bélgica,1994,4-3-3,balanced,Inglaterra,1970,4-2-4,park,True,11915,90.25599999999179,0,2,CONSISTENT,2,19,7,2.3368262972263603,189,165,6,10,0,0,15,43,8,20,9,14,5,16,11,2,5,1,0,0,0,0,0,0,0,0,0,0.39729999999999926,0.3,0.6666666666666666,0,7,0,0,0,53.439992529933036,0.13333333333333333,2,0,0,0,0
910,8076290,Holanda,1974,4-1-2-1-2,wings,Bélgica,2026,3-1-4-2,press,True,11755,90.19999999999182,0,0,CONSISTENT,0,20,2,2.4127856286853606,197,164,8,6,1,0,11,21,12,2,1,19,5,11,9,0,2,2,0,0,0,0,0,0,0,0,0,0.4338013333333318,0.3,0.6,0,5,0,0,0,46.76273001982044,0.13333333333333333,0,0,0,0,0
911,8084209,Austrália,2010,3-5-2,tiki,Suíça,2010,3-4-3,press,True,11632,90.12799999999186,0,0,CONSISTENT,0,13,3,1.2825026629837692,184,155,5,7,1,0,10,23,9,8,2,11,6,11,7,0,3,3,0,0,0,0,0,0,0,0,0,0.3494706666666637,0.3,0.6333333333333333,0,3,0,0,0,41.57750584619236,0.13333333333333333,0,0,0,0,0
912,8092128,Japão,2014,4-3-2-1,press,Rússia,1994,3-4-3,park,True,12116,90.29599999999176,2,2,CONSISTENT,4,18,8,2.7582053209357955,188,152,7,10,1,0,16,44,12,23,11,18,5,21,15,0,4,3,0,0,0,0,0,0,0,0,0,0.3560786666666667,0.3,0.6666666666666666,0,5,0,0,0,53.43028359411117,0.13333333333333333,3,0,0,0,1
913,8100047,Brasil,1966,4-1-2-1-2,tiki,Argentina,2026,4-3-2-1,direct,True,11832,90.19199999999182,1,1,CONSISTENT,2,14,4,2.2880787212765794,201,175,6,9,1,0,9,28,6,13,5,12,4,15,11,1,2,1,0,0,0,0,0,0,0,0,0,0.40146933333332807,0.3,0.6666666666666666,0,3,0,0,0,53.43419078138465,0.13333333333333333,1,0,0,0,1
914,8107966,Paraguai,2010,4-4-2,tiki,Portugal,2002,4-2-2-2,park,True,11846,90.00799999999192,0,1,CONSISTENT,1,14,2,1.4888124850059699,192,173,5,12,3,0,9,40,4,24,14,13,3,10,8,0,1,1,0,0,0,0,0,0,0,0,0,0.369092998876469,0.3,0.6,0,8,0,0,0,53.40064942675974,0.13333333333333333,1,0,0,0,0
915,8115885,Camarões,1998,4-2-4,wings,EUA,1994,3-5-2,balanced,True,11855,90.29599999999176,3,0,CONSISTENT,3,15,8,2.5595523611199296,187,152,7,4,0,0,5,15,10,4,1,19,9,13,8,0,5,2,0,0,0,0,0,0,0,0,0,0.34703200000000173,0.3,0.49999999999999994,0,1,0,0,0,53.45721594404337,0.13333333333333333,1,0,0,0,2
916,8123804,Paraguai,2022,3-1-4-2,counter,Bulgária,1974,4-3-3,wings,True,11997,90.00799999999192,2,2,CONSISTENT,4,18,5,2.423105088230673,190,158,11,9,2,0,9,35,12,18,13,25,12,20,14,0,1,6,0,0,0,0,0,0,0,0,0,0.39486133333333506,0.3,0.6666666666666666,0,3,0,0,0,53.480911877911915,0.13333333333333333,4,0,0,0,0
917,8131723,Suécia,1978,5-3-2,park,Nigéria,1998,4-2-2-2,park,True,11863,90.17599999999183,1,1,CONSISTENT,2,19,4,2.485760161815084,199,163,8,8,1,0,16,45,14,23,14,19,6,17,13,0,2,4,1,0,0,0,0,0,0,0,0,0.3657153333333318,0.3,0.6666666666666666,0,5,0,0,0,53.4154977569678,0.13333333333333333,0,0,0,0,2
918,8139642,Croácia,2026,4-3-3,park,Alemanha,1974,4-3-3,tiki,True,12025,90.35999999999173,2,1,CONSISTENT,3,21,6,2.885719759085177,197,166,10,5,0,0,6,26,8,15,12,24,7,17,13,0,3,3,0,0,0,0,0,0,0,0,0,0.37720066666666624,0.3,0.3333333333333333,0,4,0,0,0,53.41777516308509,0.13333333333333333,2,0,0,0,1
919,8147561,Coreia do Sul,2022,4-2-4,counter,Brasil,1982,5-3-2,press,True,12007,90.30399999999176,1,2,CONSISTENT,3,28,10,3.4177594647513767,189,153,15,4,0,0,7,16,13,3,3,26,14,25,18,1,7,11,0,0,0,0,0,0,0,0,0,0.4081660460606611,0.3133333333333333,0.6333333333333333,0,0,0,0,0,53.478924958319055,0.19999999999999998,3,0,0,0,0
920,8155480,Tchecoslováquia,1934,3-1-4-2,park,Iugoslávia,1954,4-2-2-2,press,True,11777,90.18399999999183,1,3,CONSISTENT,4,15,6,1.7738129404511187,205,168,5,3,0,0,15,33,13,15,10,14,2,27,22,0,2,0,0,0,0,0,0,0,0,0,0,0.37963933333333655,0.3,0.6666666666666666,0,0,0,0,0,53.4516926372275,0.13333333333333333,2,0,0,0,2
921,8163399,Suécia,1958,4-2-4,counter,México,1966,4-3-1-2,tiki,True,11705,90.21599999999181,1,1,CONSISTENT,2,19,4,3.090029604857669,191,163,7,6,2,0,8,19,8,4,2,11,5,8,7,0,2,5,1,0,0,0,0,0,0,0,0,0.39199000000000256,0.3133333333333333,0.6666666666666666,0,1,0,0,0,53.43028312071075,0.19999999999999998,0,1,0,0,1
922,8171318,Brasil,2010,4-3-2-1,balanced,Portugal,2026,4-3-3,balanced,True,12206,90.2399999999918,0,2,CONSISTENT,2,25,8,3.448611906139056,171,159,18,12,2,0,11,34,5,12,8,30,9,14,13,0,6,6,0,0,0,0,0,0,0,0,0,0.4325033333333355,0.3,0.6666666666666666,0,13,0,0,0,53.40924071395667,0.13333333333333333,0,0,0,0,2
923,8179237,Polônia,1986,5-2-3,press,Uruguai,1970,4-3-1-2,direct,True,11902,90.07999999999188,0,1,CONSISTENT,1,16,4,2.357862443487665,197,164,3,14,1,0,18,48,15,20,10,16,4,25,17,0,3,2,0,0,0,0,0,0,0,0,0,0.3848709526752343,0.3,0.6333333333333333,0,9,0,0,0,53.402667868114825,0.13333333333333333,1,0,0,0,0
924,8187156,Brasil,2006,4-2-2-2,park,Camarões,1982,4-3-2-1,wings,True,11884,90.37599999999172,1,0,CONSISTENT,1,20,6,2.4872004947375714,207,175,10,8,1,0,18,39,10,12,8,19,6,17,9,0,5,3,0,0,0,0,0,0,0,0,0,0.4347846666666673,0.3,0.36666666666666664,0,6,0,0,0,53.45904425123094,0.13333333333333333,1,0,0,0,0
925,8195075,Holanda,2026,3-5-2,direct,Itália,1970,4-1-2-1-2,press,True,12099,90.0559999999919,3,3,CONSISTENT,6,24,11,3.840496169403824,183,153,7,12,2,0,14,46,9,20,12,16,9,26,24,0,5,3,0,0,0,0,0,0,0,0,0,0.4186341477761083,0.3,0.6,0,8,0,0,0,53.41743549351219,0.13333333333333333,3,0,0,0,3
926,8202994,Argélia,1986,4-2-4,tiki,México,2002,4-1-2-1-2,wings,True,12080,90.15999999999184,0,3,CONSISTENT,3,20,4,2.714765420104695,183,162,11,12,1,0,14,42,11,15,10,28,9,12,11,0,1,4,0,0,0,0,0,0,0,0,0,0.38050466666666766,0.3133333333333333,0.6666666666666666,0,6,0,0,0,55.91321789726081,0.19999999999999998,1,0,0,0,2
927,8210913,Itália,1990,3-4-2-1,direct,Espanha,2026,3-4-2-1,park,True,11850,90.19199999999182,2,0,CONSISTENT,2,22,6,1.9062987518205396,200,178,7,10,0,0,9,47,4,26,19,12,5,11,9,0,4,4,0,0,0,0,0,0,0,0,0,0.4921853843784806,0.3,0.6,0,5,0,0,0,53.43709510578061,0.13333333333333333,2,0,0,0,0
928,8218832,Argélia,2010,5-3-2,counter,Áustria,1990,4-5-1,park,True,11902,90.29599999999176,1,0,CONSISTENT,1,12,1,1.2035424161463733,189,162,1,17,4,0,22,84,6,44,25,6,1,14,10,0,0,0,0,0,0,0,0,0,0,0,0,0.34982839795254983,0.3,0.6666666666666666,0,13,0,0,0,53.465465267661074,0.13333333333333333,1,0,0,0,0
929,8226751,Nigéria,2014,5-4-1,park,Espanha,1966,4-1-4-1,park,True,12033,90.34399999999174,1,4,CONSISTENT,5,16,9,1.7198010389894227,187,157,6,14,4,0,14,49,6,28,14,12,2,11,8,0,4,2,0,0,0,0,0,0,0,0,0,0.36225400000000063,0.3,0.6666666666666666,0,10,0,0,0,53.43744093630927,0.13333333333333333,3,0,0,0,2
930,8234670,Brasil,1982,5-3-2,wings,Nigéria,1994,4-3-1-2,counter,True,12323,90.00799999999192,1,2,CONSISTENT,3,26,6,2.567963871176498,177,139,14,15,3,1,17,44,8,14,4,27,12,18,9,0,3,6,0,0,0,0,0,0,0,0,0,0.42373200000000305,0.3,0.6666666666666666,0,7,0,0,0,53.449887791967534,0.13333333333333333,2,0,0,0,1
931,8242589,Nigéria,2010,4-2-3-1,balanced,Dinamarca,2018,4-4-2,wings,True,11820,90.00799999999192,2,0,CONSISTENT,2,16,5,2.63855357801208,176,148,6,9,1,0,19,46,6,19,12,14,6,20,14,1,3,4,0,0,0,0,0,0,0,0,0,0.3651253333333335,0.3,0.4333333333333333,0,5,0,0,0,53.41616190589102,0.13333333333333333,0,0,0,0,2
932,8250508,Brasil,1982,4-2-4,direct,Argentina,1994,4-2-3-1,tiki,True,11934,90.07999999999188,0,1,CONSISTENT,1,28,6,4.221685448094886,181,167,15,4,0,0,10,22,6,8,5,31,16,17,14,2,5,5,0,0,0,0,0,0,0,0,0,0.41641600000000223,0.3,0.5333333333333333,0,3,0,0,0,53.40530964693507,0.13333333333333333,0,0,0,0,1
933,8258427,Escócia,1954,4-5-1,balanced,Tunísia,2018,3-1-4-2,press,True,11626,90.14399999999185,0,1,CONSISTENT,1,6,3,0.9788015978734977,193,166,3,6,2,0,6,16,3,5,3,9,4,5,3,0,2,0,0,0,0,0,0,0,0,0,0,0.36182133333333516,0.3,0.6666666666666666,0,1,0,0,0,53.40917454009386,0.13333333333333333,1,0,0,0,0
934,8266346,Croácia,2014,4-1-4-1,direct,Nigéria,1998,4-2-4,park,True,12075,90.12799999999186,1,1,CONSISTENT,2,12,5,1.3372144982857441,188,167,8,12,5,0,10,46,6,20,18,21,3,17,17,0,3,1,0,0,0,0,0,0,0,0,0,0.3952940000000006,0.3,0.6666666666666666,0,7,0,0,0,53.44322173039275,0.13333333333333333,1,0,0,0,1
935,8274265,Escócia,1978,4-2-2-2,park,Hungria,1982,4-5-1,counter,True,11940,90.09599999999188,0,1,CONSISTENT,1,22,8,1.8202030640386697,195,172,2,14,3,0,14,42,4,24,12,9,6,19,15,0,7,2,0,0,0,0,0,0,0,0,0,0.37587537537964355,0.3,0.6,0,8,0,0,0,53.418858945403585,0.13333333333333333,1,0,0,0,0
936,8282184,Croácia,2014,4-5-1,wings,Colômbia,1998,3-4-2-1,direct,True,11853,90.00799999999192,0,2,CONSISTENT,2,18,8,2.9237133945762497,188,163,4,11,2,0,8,40,7,27,16,13,3,13,10,0,6,1,1,0,0,0,0,0,0,0,0,0.3912820000000059,0.3,0.6666666666666666,0,17,0,0,0,53.44395564171688,0.13333333333333333,0,0,1,0,1
937,8290103,Costa Rica,2002,4-3-2-1,press,Costa Rica,2018,4-1-4-1,balanced,True,11824,90.10399999999187,1,0,CONSISTENT,1,13,3,1.8775969191808835,183,146,3,10,3,0,10,26,8,7,3,17,3,26,15,0,2,0,0,0,0,0,0,0,0,0,0,0.3701599999999995,0.3,0.6666666666666666,0,3,0,0,0,53.40470565297545,0.13333333333333333,1,0,0,0,0
938,8298022,Paraguai,1998,4-2-2-2,press,Hungria,1954,4-1-4-1,press,True,11939,90.31999999999175,2,3,CONSISTENT,5,21,6,3.7557307542964726,202,169,5,9,0,0,11,31,8,12,2,8,2,24,21,0,1,1,0,0,0,0,0,0,0,0,0,0.4243219999999998,0.3,0.6333333333333333,0,5,0,0,0,53.44295544836719,0.13333333333333333,5,0,0,0,0
939,8305941,Bulgária,1994,3-4-3,counter,Paraguai,1998,4-3-3,direct,True,12015,90.25599999999179,2,1,CONSISTENT,3,30,9,3.4723772470109764,185,148,10,8,0,0,15,31,13,7,4,21,4,34,27,0,6,0,0,0,0,0,0,0,0,0,0,0.42188333333333744,0.3,0.6,0,5,0,0,0,53.41896660746871,0.13333333333333333,3,0,0,0,0
940,8313860,Paraguai,1986,4-3-2-1,direct,Tunísia,1978,3-5-2,tiki,True,11832,90.07199999999189,0,1,CONSISTENT,1,12,2,1.4177867731702305,184,154,4,10,2,0,19,36,8,13,5,12,4,8,5,0,1,1,0,0,0,0,0,0,0,0,0,0.35299195263652655,0.3,0.5666666666666667,0,20,0,0,0,53.41643242901493,0.13333333333333333,1,0,0,0,0
941,8321779,Colômbia,2026,4-1-2-1-2,counter,Argélia,2014,4-2-2-2,press,True,11740,90.0399999999919,2,0,CONSISTENT,2,17,2,1.783488096773008,187,156,6,6,2,0,15,42,12,25,18,20,9,16,12,0,0,4,0,0,0,0,0,0,0,0,0,0.3747620000000011,0.3,0.4333333333333333,0,5,0,0,0,53.47754268713777,0.13333333333333333,2,0,0,0,0
942,8329698,México,1966,4-5-1,balanced,França,1982,3-4-3,tiki,True,11445,90.08799999999188,0,1,CONSISTENT,1,4,2,0.4646610431170874,210,171,1,2,0,0,0,4,5,3,1,7,2,4,3,0,1,0,0,0,0,0,0,0,0,0,0,0.35564599999999963,0,0.49999999999999994,0,1,0,0,0,53.420824390452914,0,1,0,0,0,0
943,8337617,Argentina,2014,3-5-2,park,Nigéria,1998,4-1-2-1-2,counter,True,11762,90.08799999999188,1,1,CONSISTENT,2,18,5,1.5318440945201082,204,170,4,8,1,0,11,29,11,13,6,10,6,14,12,1,3,3,1,0,0,0,0,0,0,0,0,0.38251066666666605,0.3,0.6,0,5,0,0,0,53.46612641310626,0.13333333333333333,1,0,0,0,1
944,8345536,Rússia,1994,4-5-1,balanced,Nigéria,2014,5-2-3,wings,True,11676,90.12799999999186,1,1,CONSISTENT,2,17,2,2.0605945755509385,179,154,3,5,2,0,11,26,7,12,7,16,3,19,13,0,0,2,0,0,0,0,0,0,0,0,0,0.3618213333333358,0.3,0.3333333333333333,0,5,0,0,0,53.424215788169775,0.13333333333333333,2,0,0,0,0
945,8353455,Costa Rica,1990,3-5-2,tiki,Áustria,1990,4-3-3,press,True,11664,90.00799999999192,0,1,CONSISTENT,1,13,4,1.645106401557367,198,169,9,3,1,0,9,18,8,6,3,19,7,20,17,0,3,4,0,0,0,0,0,0,0,0,0,0.3692946666666683,0.3,0.6666666666666666,0,0,0,0,0,53.44246446328949,0.13333333333333333,0,0,0,0,1
946,8361374,Peru,2022,4-4-2,park,Coreia do Sul,2002,4-3-3,direct,True,12042,90.00799999999192,1,2,CONSISTENT,3,22,6,2.1299640849760926,192,165,19,7,1,0,9,30,9,15,8,34,15,17,12,0,3,11,0,0,0,0,0,0,0,0,0,0.36355199999999893,0.3133333333333333,0.6,0,5,0,0,0,53.41584616881696,0.19999999999999998,1,0,0,0,2
947,8369293,Bulgária,1986,5-4-1,press,México,2002,4-3-1-2,park,True,12092,90.00799999999192,1,1,CONSISTENT,2,14,6,1.4739917657107007,189,166,6,19,1,0,19,73,4,40,21,18,5,21,16,0,4,3,0,0,0,0,0,0,0,0,0,0.3625005125290581,0.3,0.6666666666666666,0,14,0,0,0,53.455464939158944,0.13333333333333333,1,0,0,0,1
948,8377212,Romênia,1990,4-1-2-1-2,press,Hungria,1982,5-4-1,balanced,True,12026,90.20799999999181,3,3,CONSISTENT,6,19,8,2.9059285807280344,204,173,5,13,2,1,10,34,10,17,6,10,5,14,11,0,2,3,0,0,0,0,0,0,0,0,0,0.36886200000000197,0.3,0.6,0,8,0,0,7,53.41878732828465,0.13333333333333333,5,0,0,0,1
949,8385131,Colômbia,1998,4-3-2-1,counter,Brasil,1978,4-3-1-2,balanced,True,11799,90.00799999999192,0,0,CONSISTENT,0,10,6,0.8629406816112009,201,167,3,16,3,0,12,58,5,32,23,9,4,9,6,0,6,5,0,0,0,0,0,0,0,0,0,0.42586729229065584,0.3,0.6,0,9,0,0,0,47.89706141976064,0.13333333333333333,0,0,0,0,0
950,8393050,Inglaterra,2026,3-4-3,park,Escócia,1974,5-3-2,wings,True,11780,90.0559999999919,0,1,CONSISTENT,1,19,2,2.7129296579372717,188,166,7,6,2,0,11,27,6,12,5,24,10,18,14,0,1,2,0,0,0,0,0,0,0,0,0,0.429611284665277,0.3,0.5666666666666667,0,5,0,0,7,53.44022523614649,0.13333333333333333,1,0,0,0,0
951,8400969,Espanha,2002,5-3-2,press,Japão,2006,4-4-2,counter,True,11866,90.00799999999192,2,2,CONSISTENT,4,19,5,2.9331375687213064,201,168,6,7,1,0,4,19,13,9,3,18,6,18,14,1,1,1,0,0,0,0,0,0,0,0,0,0.3866800000000063,0.3,0.6666666666666666,0,2,0,0,7,53.48156872624113,0.13333333333333333,4,0,0,0,0
952,8408888,Brasil,2006,4-1-2-1-2,wings,Romênia,1994,4-1-4-1,counter,True,11952,90.00799999999192,1,1,CONSISTENT,2,18,4,2.4256473213649974,195,159,5,17,3,0,21,55,12,22,7,11,4,18,11,0,2,2,0,0,0,0,0,0,0,0,0,0.37146968968231675,0.3,0.5666666666666667,0,10,0,0,0,53.44176637417564,0.13333333333333333,1,0,0,0,1
953,8416807,Paraguai,2006,4-2-4,tiki,Coreia do Sul,2026,4-3-1-2,press,True,11725,90.00799999999192,2,2,CONSISTENT,4,17,6,1.933007148480733,194,163,8,3,1,0,9,27,10,12,8,17,9,20,13,3,2,4,0,0,0,0,0,0,0,0,0,0.3714580000000034,0.3,0.39999999999999997,0,1,0,0,0,53.45475673005573,0.13333333333333333,3,0,0,0,1
954,8424726,Chile,1998,4-1-2-1-2,park,Áustria,1934,4-3-1-2,direct,True,12053,90.09599999999188,2,2,CONSISTENT,4,19,6,2.4503930544633814,206,180,4,17,1,0,17,56,5,23,15,12,3,14,10,0,2,1,0,0,0,0,0,0,0,0,0,0.39084933333333505,0.3,0.6,0,13,0,0,0,53.44715057452921,0.13333333333333333,3,0,0,0,1
955,8432645,Portugal,2018,4-2-3-1,press,Inglaterra,2022,4-4-2,park,True,11881,90.0399999999919,2,0,CONSISTENT,2,13,4,1.8962673524073186,205,167,6,10,5,0,10,30,12,16,8,18,3,24,18,0,2,1,1,0,0,0,0,0,0,0,0,0.38729437787961374,0.3,0.49999999999999994,0,7,0,0,0,53.40191180364079,0.13333333333333333,1,1,0,0,0
956,8440564,Brasil,1986,5-4-1,tiki,Paraguai,2002,4-3-3,park,True,11633,90.35199999999173,0,1,CONSISTENT,1,17,2,2.0154665190887737,198,174,6,1,0,0,7,24,6,14,9,11,5,8,8,0,1,2,0,0,0,0,0,0,0,0,0,0.40320000000000034,0.3,0.36666666666666664,0,0,0,0,0,53.40832694512679,0.13333333333333333,0,0,0,0,1
957,8448483,Peru,1982,3-1-4-2,press,Suécia,2018,4-5-1,balanced,True,11948,90.17599999999183,1,1,CONSISTENT,2,16,5,2.0852605435307443,192,159,11,8,2,0,9,29,10,12,9,24,6,13,9,1,3,1,0,0,0,0,0,0,0,0,0,0.3573766666666705,0.3,0.6,0,5,0,0,0,53.418883158022766,0.13333333333333333,2,0,0,0,0
958,8456402,Áustria,1934,4-3-1-2,tiki,Brasil,2022,3-4-2-1,counter,True,12029,90.19199999999182,2,3,CONSISTENT,5,17,7,2.2715272545921255,188,167,6,12,2,0,10,41,3,17,10,17,9,8,7,2,2,1,0,0,0,0,0,0,0,0,0,0.4569293333333356,0.3133333333333333,0.6,0,7,0,0,0,53.41875533544985,0.19999999999999998,5,0,0,0,0
959,8464321,Peru,2022,5-4-1,wings,Bélgica,2022,4-1-2-1-2,press,True,11826,90.11999999999186,1,3,CONSISTENT,4,17,5,2.6793818802694442,195,167,9,10,1,0,19,46,9,17,12,17,4,12,7,0,1,5,2,0,0,0,0,0,0,0,0,0.38007199999999997,0.3,0.6,0,3,0,0,0,53.43309562890834,0.13333333333333333,1,1,1,0,1
960,8472240,Brasil,1990,4-1-4-1,wings,Espanha,1950,3-1-4-2,tiki,True,11888,90.34399999999174,2,1,CONSISTENT,3,17,4,2.2080470845302607,193,174,7,8,1,0,9,28,6,10,9,18,5,8,6,0,1,1,0,0,0,0,0,0,0,0,0,0.3950751323059664,0.3133333333333333,0.6666666666666666,0,3,0,0,0,53.4263634407279,0.19999999999999998,3,0,0,0,0
961,8480159,Peru,1982,5-3-2,direct,Irã,1998,4-4-2,counter,True,12040,90.00799999999192,3,3,CONSISTENT,6,23,10,2.4903975045969844,179,143,8,12,4,0,18,42,16,21,9,22,8,25,15,0,4,5,0,0,0,0,0,0,0,0,0,0.4099626666666665,0.3133333333333333,0.5666666666666667,0,7,0,0,0,53.46123276321284,0.19999999999999998,5,0,0,0,1
962,8488078,Chile,1962,3-4-3,wings,Colômbia,2018,4-4-2,park,True,11883,90.29599999999176,3,0,CONSISTENT,3,19,4,2.697994786548108,191,172,5,6,0,0,15,33,8,18,4,20,6,19,15,0,1,0,0,0,0,0,0,0,0,0,0,0.41641600000000034,0.30666666666666664,0.39999999999999997,0,5,0,0,0,53.47782014642653,0.16666666666666666,3,0,0,0,0
963,8495997,Peru,1970,5-2-3,counter,Coreia do Sul,2006,4-1-2-1-2,counter,True,11971,90.09599999999188,1,1,CONSISTENT,2,18,7,2.741659286592076,174,150,7,9,3,0,12,37,8,13,8,26,11,28,21,0,5,2,1,0,0,0,0,0,0,0,0,0.3639846666666663,0.3,0.6666666666666666,0,7,0,0,0,53.41557749394969,0.13333333333333333,0,0,0,0,2
964,8503916,Brasil,1978,5-3-2,tiki,Japão,2014,4-2-4,counter,True,11796,90.00799999999192,3,1,CONSISTENT,4,13,7,2.484495442180676,194,167,7,5,0,0,7,22,7,11,6,14,6,7,6,0,3,1,0,0,0,0,0,0,0,0,0,0.36469266666666705,0.3,0.49999999999999994,0,4,0,0,0,53.45364644632631,0.13333333333333333,1,0,0,0,3
965,8511835,Peru,1982,4-3-3,wings,Croácia,2014,5-3-2,balanced,True,11455,90.19199999999182,0,0,CONSISTENT,0,4,1,0.24497304402633407,220,192,2,2,0,0,4,14,6,8,4,6,1,10,7,0,1,1,0,0,0,0,0,0,0,0,0,0.3952939999999973,0.3,0.3333333333333333,0,1,0,0,0,35.702450201349805,0.13333333333333333,0,0,0,0,0
966,8519754,Inglaterra,1986,4-1-2-1-2,direct,Argentina,1986,4-5-1,press,True,12016,90.33599999999174,1,1,CONSISTENT,2,19,6,2.5453670251438156,197,158,5,14,3,0,12,37,10,10,6,19,7,38,26,2,4,0,0,0,0,0,0,0,0,0,0,0.4219598526788303,0.3,0.6666666666666666,0,7,0,0,0,53.41219492681585,0.13333333333333333,2,0,0,0,0
967,8527673,Camarões,1998,3-1-4-2,direct,Chile,1950,3-5-2,park,True,11965,90.00799999999192,1,1,CONSISTENT,2,8,2,0.9430274189696467,207,174,1,16,3,0,11,45,9,26,9,8,1,15,10,0,0,0,0,0,0,0,0,0,0,0,0,0.37483562726098435,0.3,0.6666666666666666,0,9,0,0,0,53.462032472835304,0.13333333333333333,2,0,0,0,0
968,8535592,Polônia,2006,4-4-2,counter,Itália,1966,4-4-2,counter,True,12002,90.25599999999179,1,1,CONSISTENT,2,17,5,1.3040352494641583,198,167,5,17,4,0,6,38,9,19,6,12,3,31,26,0,3,3,0,0,0,0,0,0,0,0,0,0.4266033333333367,0.3,0.6666666666666666,0,10,0,0,7,53.46859033534809,0.13333333333333333,1,0,0,0,1
969,8543511,Camarões,1998,4-1-2-1-2,press,Holanda,1990,4-4-2,press,True,11966,90.31199999999176,1,2,CONSISTENT,3,19,8,3.030410226293009,197,161,11,10,0,0,14,26,14,3,0,18,4,23,20,0,5,2,0,0,0,0,0,0,0,0,0,0.41224666666666854,0.3,0.6,0,7,0,0,0,55.817047408265175,0.13333333333333333,3,0,0,0,0
970,8551430,Polônia,2002,4-3-3,counter,Espanha,1990,3-5-2,park,True,12079,90.15199999999184,3,1,CONSISTENT,4,17,5,2.084457607431581,191,158,13,13,3,0,12,38,9,11,3,31,10,22,17,0,1,6,2,0,0,0,0,0,0,0,0,0.3593826666666676,0.3,0.6666666666666666,0,7,0,0,0,53.467775153140586,0.13333333333333333,2,0,0,0,2
971,8559349,Brasil,2022,4-2-4,park,Bulgária,1998,4-2-2-2,counter,True,11984,90.27999999999177,0,1,CONSISTENT,1,22,3,2.5445103589516007,193,165,14,9,1,0,24,50,10,22,14,26,8,18,16,0,2,5,0,0,0,0,0,0,0,0,0,0.4569293333333285,0.30666666666666664,0.6666666666666666,0,4,0,0,0,53.42938381605615,0.16666666666666666,1,0,0,0,0
972,8567268,Nigéria,2002,4-5-1,wings,Gana,2014,5-3-2,wings,True,12029,90.37599999999172,1,0,CONSISTENT,1,13,3,2.044271560545442,193,171,12,14,0,0,13,42,4,20,10,19,6,10,9,0,2,4,0,0,0,0,0,0,0,0,0,0.3655580000000015,0.3,0.6666666666666666,0,8,0,0,0,53.400172947786956,0.13333333333333333,1,0,0,0,0
973,8575187,Brasil,2022,4-3-2-1,counter,Paraguai,1998,5-4-1,balanced,True,12173,90.06399999999189,4,3,CONSISTENT,7,15,10,1.6848766213780983,201,165,5,20,5,0,22,83,10,47,27,8,2,12,7,0,3,1,0,0,0,0,0,0,0,0,0,0.39516485933646317,0.30666666666666664,0.6,0,14,0,0,0,53.457624814635366,0.16666666666666666,5,0,0,0,2
974,8583106,México,2018,5-2-3,press,Holanda,1974,3-1-4-2,direct,True,12236,90.31199999999176,2,2,CONSISTENT,4,27,6,3.156978637006864,181,146,12,13,2,0,6,23,10,7,0,29,10,21,14,0,2,5,0,0,0,0,0,0,0,0,0,0.4283340000000002,0.3,0.6666666666666666,0,6,0,0,0,53.43786700954655,0.13333333333333333,3,0,0,0,1
975,8591025,Brasil,2026,4-3-2-1,press,França,1986,3-4-3,balanced,True,11926,90.27199999999178,1,1,CONSISTENT,2,17,6,1.3512273835198765,197,166,11,13,1,0,9,35,5,19,6,25,9,7,5,0,4,9,0,0,0,0,0,0,0,0,0,0.3743293333333351,0.3,0.6333333333333333,0,6,0,0,0,53.42501751633542,0.13333333333333333,2,0,0,0,0
976,8598944,Nigéria,2002,3-5-2,tiki,Argentina,1990,3-4-2-1,press,True,11418,90.19199999999182,0,0,CONSISTENT,0,5,0,0.33399729564022074,217,189,1,1,1,0,0,3,1,1,1,1,0,7,6,0,0,0,0,0,0,0,0,0,0,0,0,0.36809482727808124,0,0.3333333333333333,0,1,0,0,0,42.92827507515209,0,0,0,0,0,0
977,8606863,Brasil,2022,3-4-2-1,tiki,Portugal,2010,5-3-2,park,True,11784,90.34399999999174,1,0,CONSISTENT,1,17,2,2.0032187147189235,196,166,5,6,0,0,16,46,5,22,11,11,5,11,8,0,1,2,0,0,0,0,0,0,0,0,0,0.42437817843172176,0.3,0.6333333333333333,0,3,0,0,0,53.404894931811036,0.13333333333333333,0,0,0,0,1
978,8614782,Portugal,2010,3-4-3,tiki,Tchecoslováquia,1990,5-4-1,tiki,True,11548,90.21599999999181,0,1,CONSISTENT,1,4,1,0.8819460465833144,201,172,2,3,0,0,2,8,3,2,1,6,1,3,2,0,0,0,0,0,0,0,0,0,0,0,0,0.37640573235650204,0.3,0.6666666666666666,0,0,0,0,0,53.411486664647256,0.13333333333333333,0,0,0,0,1
979,8622701,Bulgária,1986,4-3-1-2,balanced,Austrália,1974,3-4-2-1,wings,True,11966,90.07199999999189,1,3,CONSISTENT,4,20,8,2.3985591970817604,175,145,12,11,1,0,14,38,17,10,4,26,12,11,8,0,4,7,0,0,0,0,0,0,0,0,0,0.35808466666666694,0.3,0.6666666666666666,0,5,0,0,0,58.763202946943615,0.13333333333333333,4,0,0,0,0
980,8630620,Paraguai,1950,4-3-2-1,press,Espanha,1982,4-5-1,balanced,True,12005,90.28799999999177,1,0,CONSISTENT,1,15,6,2.235818772166919,206,184,9,13,3,0,13,36,11,16,6,22,6,16,13,1,5,2,0,0,0,0,0,0,0,0,0,0.36555799999999977,0.3133333333333333,0.6666666666666666,0,5,0,0,0,53.41127148826073,0.19999999999999998,0,0,0,0,1
981,8638539,Bulgária,1994,3-1-4-2,counter,Japão,2006,4-4-2,press,True,12214,90.14399999999185,2,4,CONSISTENT,6,19,8,2.2995775270307552,194,158,7,15,2,0,13,37,13,14,4,13,4,21,14,0,2,1,0,0,0,0,0,0,0,0,0,0.3562360000000013,0.3,0.6666666666666666,0,8,0,0,0,53.453275690266715,0.13333333333333333,5,0,0,0,1
982,8646458,União Soviética,1990,4-3-1-2,balanced,Romênia,1994,5-3-2,wings,True,12194,90.31199999999176,0,2,CONSISTENT,2,21,7,2.4585599072149966,193,163,18,11,0,0,11,38,10,15,6,28,7,17,12,1,5,4,1,0,0,0,0,0,0,0,0,0.3718906666666662,0.3,0.6333333333333333,0,4,0,0,7,53.409554379500506,0.13333333333333333,0,0,0,0,2
983,8654377,Peru,1978,4-2-4,balanced,Bélgica,2022,4-3-3,press,True,11716,90.11199999999187,0,1,CONSISTENT,1,14,3,1.847254624716919,189,158,4,5,1,0,7,18,9,4,3,14,5,17,13,0,2,1,0,0,0,0,0,0,0,0,0,0.3767680000000032,0.3,0.6666666666666666,0,0,0,0,7,53.40014588997409,0.13333333333333333,1,0,0,0,0
984,8662296,Brasil,1982,3-1-4-2,press,Arábia Saudita,2026,5-3-2,direct,True,11655,90.00799999999192,1,1,CONSISTENT,2,13,2,1.2686238465122144,205,174,4,5,0,0,8,22,10,8,7,12,6,11,6,0,0,3,0,0,0,0,0,0,0,0,0,0.4047733333333279,0.3,0.6666666666666666,0,2,0,0,0,53.411796936467844,0.13333333333333333,1,0,0,0,1
985,8670215,Peru,1978,5-4-1,park,Portugal,2018,3-5-2,balanced,True,11816,90.00799999999192,0,0,CONSISTENT,0,20,3,1.5139379803227484,196,159,4,11,2,0,14,62,9,41,29,9,3,17,11,0,3,1,0,0,0,0,0,0,0,0,0,0.41900799999999977,0.3,0.6666666666666666,0,8,0,0,0,38.274968109939934,0.16666666666666666,0,0,0,0,0
986,8678134,Chile,2014,4-2-3-1,wings,Tchecoslováquia,1982,3-5-2,tiki,True,11684,90.4159999999917,1,0,CONSISTENT,1,11,1,1.8011198733608258,207,175,3,5,2,0,3,13,4,5,2,12,5,7,7,0,0,0,0,0,0,0,0,0,0,0,0,0.39989599999999775,0.3,0.6,0,0,0,0,0,53.46300620255011,0.13333333333333333,1,0,0,0,0
987,8686053,Paraguai,2010,4-3-1-2,press,Austrália,2022,4-3-1-2,balanced,True,11762,90.03199999999191,1,1,CONSISTENT,2,16,9,1.8391590208589614,196,160,8,3,0,0,11,26,11,9,6,14,8,13,12,0,7,4,0,0,0,0,0,0,0,0,0,0.36599066666666696,0.3,0.6333333333333333,0,2,0,0,0,53.43766767060013,0.13333333333333333,0,0,0,0,2
988,8693972,Brasil,2010,4-2-4,park,Suécia,1950,4-3-2-1,wings,True,12012,90.37599999999172,2,1,CONSISTENT,3,17,7,2.915479104677442,188,153,14,5,2,0,8,22,11,9,5,28,8,17,14,0,4,3,1,0,0,0,0,0,0,0,0,0.4294746666666673,0.3,0.6333333333333333,0,2,0,0,0,53.42416832360829,0.13333333333333333,2,0,0,0,1
989,8701891,Marrocos,2026,4-3-3,direct,EUA,2010,4-1-2-1-2,wings,True,12057,90.38399999999172,2,2,CONSISTENT,4,19,8,3.3870257452147614,191,163,9,11,3,0,17,42,13,13,9,27,8,23,17,0,4,2,1,0,0,0,0,0,0,0,0,0.45016672590340573,0.3,0.6666666666666666,0,16,0,0,0,53.42484876381085,0.13333333333333333,3,1,0,0,0
990,8709810,Áustria,1990,3-4-2-1,wings,Chile,2014,3-1-4-2,tiki,True,11698,90.25599999999179,0,0,CONSISTENT,0,5,0,0.6439976428608363,190,166,7,7,0,0,7,16,0,6,1,12,3,0,0,0,0,1,0,0,0,0,0,0,0,0,0,0.37389666666666993,0.3,0.6666666666666666,0,4,0,0,0,44.09687007179587,0.13333333333333333,0,0,0,0,0
991,8717729,Paraguai,2006,3-1-4-2,park,Alemanha,1982,3-4-2-1,press,True,11619,90.15999999999184,0,1,CONSISTENT,1,15,2,1.491458421934947,206,176,1,5,0,0,16,29,11,9,5,1,1,16,15,0,1,1,0,0,0,0,0,0,0,0,0,0.4521699999999981,0.3133333333333333,0.6,0,2,0,0,0,53.42635557040855,0.19999999999999998,1,0,0,0,0
992,8725648,Brasil,2014,4-2-2-2,counter,Peru,2026,4-5-1,press,True,11921,90.00799999999192,3,1,CONSISTENT,4,19,8,3.4092813544776392,196,161,4,11,0,0,12,36,10,16,6,20,9,27,19,0,4,1,0,0,0,0,0,0,0,0,0,0.3595400000000004,0.3,0.6666666666666666,0,8,0,0,0,53.43629029897203,0.13333333333333333,3,0,0,0,1
993,8733567,Portugal,2022,4-3-1-2,park,Brasil,2026,4-2-4,tiki,True,11905,90.2239999999918,0,1,CONSISTENT,1,19,6,2.3960618825160784,191,163,8,11,4,0,4,27,7,11,8,15,5,12,9,0,5,2,0,0,0,0,0,0,0,0,0,0.45692933333333147,0.3133333333333333,0.6666666666666666,0,6,0,0,0,53.4622797843364,0.19999999999999998,1,0,0,0,0
994,8741486,Chile,2010,3-4-2-1,wings,Alemanha,1978,4-2-4,wings,True,11816,90.29599999999176,0,1,CONSISTENT,1,15,4,2.3987156541722374,213,195,2,12,5,0,6,32,7,16,9,10,4,17,15,0,3,0,0,0,0,0,0,0,0,0,0,0.39442866666666493,0.3,0.6666666666666666,0,3,0,0,0,53.44942156750938,0.13333333333333333,0,0,0,0,1
995,8749405,Paraguai,2002,3-4-2-1,balanced,Portugal,2006,4-2-2-2,wings,True,11847,90.14399999999185,1,0,CONSISTENT,1,19,3,2.2052321352275053,192,168,9,8,2,0,9,22,3,7,4,22,6,15,11,1,2,2,0,0,0,0,0,0,0,0,0,0.4060956170440726,0.3,0.6666666666666666,0,4,0,0,0,53.40788713151397,0.13333333333333333,1,0,0,0,0
996,8757324,Brasil,2002,4-1-4-1,park,Iugoslávia,1982,5-2-3,tiki,True,12006,90.36799999999172,0,1,CONSISTENT,1,20,7,1.4075172912468872,200,160,12,8,1,0,8,26,12,13,7,19,2,24,14,1,6,1,0,0,0,0,0,0,0,0,0,0.45390066666666135,0.3,0.6333333333333333,0,5,0,0,0,54.95759639611119,0.13333333333333333,0,0,0,0,1
997,8765243,França,1986,4-4-2,park,Espanha,2010,5-2-3,counter,True,11992,90.10399999999187,2,2,CONSISTENT,4,19,8,1.9376126378579759,200,170,5,13,4,1,13,37,9,15,6,15,5,18,17,1,4,3,1,0,0,0,0,0,0,0,0,0.38668000000000013,0.3,0.3333333333333333,0,10,0,0,0,53.43235029947479,0.13333333333333333,2,0,0,0,2
998,8773162,Espanha,1966,3-1-4-2,direct,Marrocos,1994,3-1-4-2,press,True,11608,90.29599999999176,0,0,CONSISTENT,0,8,1,0.6047249875149767,197,164,0,9,1,0,8,21,4,9,2,3,2,9,6,0,1,0,0,0,0,0,0,0,0,0,0,0.3998959999999988,0.3,0.6,0,6,0,0,0,36.30174390115283,0.13333333333333333,0,0,0,0,0
999,8781081,França,1998,4-1-2-1-2,park,Croácia,2006,3-4-2-1,press,True,12049,90.00799999999192,1,2,CONSISTENT,3,18,7,1.7950536545597504,178,145,7,15,3,0,20,53,15,23,8,16,5,13,10,0,4,6,0,0,0,0,0,0,0,0,0,0.4450346666666704,0.3133333333333333,0.6666666666666666,0,7,0,0,0,53.43243817640608,0.19999999999999998,1,0,0,0,2
