id;domain;priority;method;control;scenario;evidence;acceptance;initial_state;source;required_run;result;owner;executed_at;evidence_path;notes;bug_or_commit
INT-001;1. Integridade;P0;MANUAL;Identidade única da candidata;Registrar versão, branch, commit, nome do HTML, tamanho e SHA-256 antes de qualquer teste.;manifesto de identidade + hash independente;Todos os campos preenchidos e hash reproduzido por duas ferramentas.;PENDENTE 2.5D;AUDITORIA 650;True;PENDENTE;;;evidence/1_Integridade/INT-001/;;
INT-002;1. Integridade;P0;AUTO;Imutabilidade do artefato sob teste;Recalcular SHA-256 antes e depois da auditoria.;dois hashes com data/hora;"Hashes idênticos; qualquer diferença invalida os resultados.";PENDENTE 2.5D;AUDITORIA 650;True;PENDENTE;;;evidence/1_Integridade/INT-002/;;
INT-003;1. Integridade;P0;AUTO;Correspondência entre fonte e build;Gerar o HTML pelo processo oficial e comparar versão, módulos e manifesto.;log de build + inventário de módulos;Build termina sem erro e contém exatamente os módulos declarados.;PENDENTE 2.5D;AUDITORIA 650;True;PENDENTE;;;evidence/1_Integridade/INT-003/;;
INT-004;1. Integridade;P0;DEV;Proibição de edição direta em dist;Verificar histórico e diff para confirmar que alterações vieram de src/.;diff de Git + log de build;Nenhuma mudança funcional exclusiva em dist/.;PENDENTE 2.5D;AUDITORIA 650;True;PENDENTE;;;evidence/1_Integridade/INT-004/;;
INT-005;1. Integridade;P0;DIR;HTML autocontido;Abrir o arquivo sem servidor e sem rede.;vídeo de abertura offline + console;Jogo inicia e chega ao menu sem requisição externa obrigatória.;BASELINE R13.0;AUDITORIA 650;True;PENDENTE;;;evidence/1_Integridade/INT-005/;;
INT-006;1. Integridade;P0;DIR;Ausência de erro fatal no console;Percorrer fluxo completo do menu ao pós-jogo.;export do console;Zero uncaught exception, unhandled rejection ou erro que interrompa fluxo.;PENDENTE 2.5D;AUDITORIA 650;True;PENDENTE;;;evidence/1_Integridade/INT-006/;;
INT-007;1. Integridade;P0;AUTO;Consistência transacional da partida;Executar lote canônico completo e validar estado final.;JSON de auditoria por seed;100% das partidas em estado CONSISTENT.;BASELINE R13.0;AUDITORIA 650;True;PENDENTE;;;evidence/1_Integridade/INT-007/;;
INT-008;1. Integridade;P0;AUTO;Preservação das 876 partidas de referência;Repetir 578 formações, 98 estilos e 200 diversas.;relatório consolidado + sementes;"876/876 concluídas; nenhuma regressão de gate lógico.";BASELINE R13.0;AUDITORIA 650;True;PENDENTE;;;evidence/1_Integridade/INT-008/;;
INT-009;1. Integridade;P0;AUTO;Sincronia placar-eventos-estatísticas;Comparar cada gol e anulação entre placar, log, narração e estatística.;trilha de eventos por partida;Uma única contabilização por evento e totais finais iguais.;PENDENTE 2.5D;AUDITORIA 650;True;PENDENTE;;;evidence/1_Integridade/INT-009/;;
INT-010;1. Integridade;P0;AUTO;Sincronia posse-portador-bola;Amostrar estado em jogo corrido, reinício e disputa.;telemetria de posse e coordenadas;Nenhum estado impossível: dois portadores, bola controlada sem dono ou dono distante.;PENDENTE 2.5D;AUDITORIA 650;True;PENDENTE;;;evidence/1_Integridade/INT-010/;;
INT-011;1. Integridade;P0;DIR;Limpeza de estado entre partidas;Jogar partidas consecutivas sem recarregar a página.;vídeo + snapshot de variáveis;Sem herança de placar, eventos, VFX, posições ou temporizadores.;PENDENTE 2.5D;AUDITORIA 650;True;PENDENTE;;;evidence/1_Integridade/INT-011/;;
INT-012;1. Integridade;P0;AUTO;Limpeza de papéis temporários;Forçar escanteios, faltas, pênaltis e laterais em sequência.;dump de papéis antes/depois;Papéis especiais zerados ao terminar cada reinício.;PENDENTE 2.5D;AUDITORIA 650;True;PENDENTE;;;evidence/1_Integridade/INT-012/;;
INT-013;1. Integridade;P0;DIR;Integridade do torneio;Completar grupos, mata-mata, prorrogação e final.;save + vídeo do chaveamento;Classificados, confrontos e campeão correspondem aos resultados.;PENDENTE 2.5D;AUDITORIA 650;True;PENDENTE;;;evidence/1_Integridade/INT-013/;;
INT-014;1. Integridade;P0;DIR;Integridade do draft;Completar draft com 10/11 jogadores, reservas e reroll.;vídeo + estado serializado;Não trava, não duplica atleta e sempre permite concluir elenco válido.;PENDENTE 2.5D;AUDITORIA 650;True;PENDENTE;;;evidence/1_Integridade/INT-014/;;
INT-015;1. Integridade;P1;AUTO;Integridade de formação;Salvar e reabrir cada uma das 17 formações.;snapshot antes/depois;Posições, titulares, reservas e instruções preservados.;PENDENTE 2.5D;AUDITORIA 650;True;PENDENTE;;;evidence/1_Integridade/INT-015/;;
INT-016;1. Integridade;P0;DIR;Integridade de táticas;Alternar mentalidade, estilo e instruções durante a partida.;timeline de alterações;Mudanças persistem, afetam somente o esperado e não corrompem o motor.;PENDENTE 2.5D;AUDITORIA 650;True;PENDENTE;;;evidence/1_Integridade/INT-016/;;
INT-017;1. Integridade;P0;DIR;Integridade de substituições;Executar substituição normal, múltipla e no intervalo.;log de escalação + vídeo;Jogador sai uma vez, entra uma vez e posição fica válida.;PENDENTE 2.5D;AUDITORIA 650;True;PENDENTE;;;evidence/1_Integridade/INT-017/;;
INT-018;1. Integridade;P1;AUTO;Integridade de cartões e suspensões;Gerar cartões em sequência de jogos de torneio.;relatório disciplinar;Cartões acumulam e suspendem conforme regra definida, sem duplicação.;PENDENTE 2.5D;AUDITORIA 650;True;PENDENTE;;;evidence/1_Integridade/INT-018/;;
INT-019;1. Integridade;P0;DIR;Integridade de prorrogação;Produzir empate eliminatório.;vídeo + relógio de jogo;Tempo extra inicia, encerra e atualiza resultado corretamente.;PENDENTE 2.5D;AUDITORIA 650;True;PENDENTE;;;evidence/1_Integridade/INT-019/;;
INT-020;1. Integridade;P0;DIR;Integridade de disputa por pênaltis;Levar confronto a pênaltis com alternadas.;sequência de cobranças;"Ordem, placar e encerramento obedecem regra; sem loop infinito.";PENDENTE 2.5D;AUDITORIA 650;True;PENDENTE;;;evidence/1_Integridade/INT-020/;;
INT-021;1. Integridade;P0;DIR;Integridade do salvamento;Salvar em menu, pré-jogo e entre fases.;arquivos de save + checksum;Save é criado, listado e reaberto sem perda de dados.;PENDENTE 2.5D;AUDITORIA 650;True;PENDENTE;;;evidence/1_Integridade/INT-021/;;
INT-022;1. Integridade;P1;DIR;Compatibilidade de save anterior;Abrir save suportado da versão anterior.;log de migração;"Migra sem corromper; incompatibilidade deve ser explicada e bloqueada com segurança.";PENDENTE 2.5D;AUDITORIA 650;True;PENDENTE;;;evidence/1_Integridade/INT-022/;;
INT-023;1. Integridade;P1;DIR;Falha segura em save corrompido;Alterar propositalmente o conteúdo do save.;vídeo do erro + console;Jogo recusa o arquivo, explica o problema e mantém o estado atual.;PENDENTE 2.5D;AUDITORIA 650;True;PENDENTE;;;evidence/1_Integridade/INT-023/;;
INT-024;1. Integridade;P1;AUTO;Inventário de assets embutidos;Listar imagens, fontes, áudios e dados usados pelo build.;manifesto de assets;Nenhuma referência ausente, duplicada indevidamente ou órfã crítica.;PENDENTE 2.5D;AUDITORIA 650;True;PENDENTE;;;evidence/1_Integridade/INT-024/;;
INT-025;1. Integridade;P1;AUTO;Integridade de nomes e bandeiras;Percorrer todas as seleções e elencos expostos.;relatório de chaves inválidas;Zero nome vazio, bandeira quebrada ou chave sem correspondência.;PENDENTE 2.5D;AUDITORIA 650;True;PENDENTE;;;evidence/1_Integridade/INT-025/;;
INT-026;1. Integridade;P1;AUTO;Integridade de posições de jogador;Validar titulares e reservas contra posições permitidas.;lista de incompatibilidades;Nenhum jogador fica sem posição renderizável ou fora do campo por dado inválido.;PENDENTE 2.5D;AUDITORIA 650;True;PENDENTE;;;evidence/1_Integridade/INT-026/;;
INT-027;1. Integridade;P0;AUTO;Integridade do relógio;Testar tempo normal, acréscimos, intervalo e pausas.;timeline de relógio;Relógio é monotônico, não salta para trás e encerra cada período uma vez.;PENDENTE 2.5D;AUDITORIA 650;True;PENDENTE;;;evidence/1_Integridade/INT-027/;;
INT-028;1. Integridade;P0;DIR;Integridade de reinício após gol;Marcar gol válido e reiniciar.;vídeo + coordenadas;"Todos voltam a posições válidas; posse e placar corretos; VFX limpo.";PENDENTE 2.5D;AUDITORIA 650;True;PENDENTE;;;evidence/1_Integridade/INT-028/;;
INT-029;1. Integridade;P0;DIR;Integridade de reinício após anulação;Gerar impedimento ou falta que anule gol.;vídeo + log;"Placar não muda; evento de anulação aparece uma vez; jogo reinicia corretamente.";PENDENTE 2.5D;AUDITORIA 650;True;PENDENTE;;;evidence/1_Integridade/INT-029/;;
INT-030;1. Integridade;P0;AUTO;Ausência de teleporte lógico;Medir deslocamentos de bola e atletas entre frames.;relatório de deltas espaciais;Nenhum deslocamento supera limite físico sem estado explícito de reposicionamento.;BASELINE R13.0;AUDITORIA 650;True;PENDENTE;;;evidence/1_Integridade/INT-030/;;
INT-031;1. Integridade;P0;AUTO;Ausência de entidade duplicada;Monitorar IDs de bola, atletas e goleiros durante 20 partidas.;inventário por frame;Exatamente uma bola e um objeto visual por atleta ativo.;PENDENTE 2.5D;AUDITORIA 650;True;PENDENTE;;;evidence/1_Integridade/INT-031/;;
INT-032;1. Integridade;P1;DIR;Recuperação após pausa longa;Pausar por cinco minutos e retomar.;vídeo + memória antes/depois;Retoma no mesmo estado, sem aceleração acumulada ou perda de input.;PENDENTE 2.5D;AUDITORIA 650;True;PENDENTE;;;evidence/1_Integridade/INT-032/;;
INT-033;1. Integridade;P0;DIR;Recuperação após troca de aba;Ocultar a aba durante jogo e retornar.;vídeo + timeline visibilitychange;Sem salto de vários segundos, loop duplicado ou dessincronia.;PENDENTE 2.5D;AUDITORIA 650;True;PENDENTE;;;evidence/1_Integridade/INT-033/;;
INT-034;1. Integridade;P0;AUTO;Encerramento limpo da partida;Finalizar por tempo normal, prorrogação e pênaltis.;contagem de callbacks finais;Evento de fim dispara uma vez e bloqueia novas ações de jogo.;PENDENTE 2.5D;AUDITORIA 650;True;PENDENTE;;;evidence/1_Integridade/INT-034/;;
INT-035;1. Integridade;P1;MANUAL;Rastreabilidade de release;Relacionar cada alteração 2.5D a commit, controle e evidência.;matriz de rastreabilidade;100% dos P0 e P1 possuem commit e evidência vinculados.;PENDENTE 2.5D;AUDITORIA 650;True;PENDENTE;;;evidence/1_Integridade/INT-035/;;
DET-001;2. Determinismo;P0;AUTO;Repetição da mesma seed;Rodar a mesma partida dez vezes no mesmo ambiente.;hash do log por execução;Eventos e resultado idênticos nas dez execuções.;BASELINE R13.0;AUDITORIA 650;True;PENDENTE;;;evidence/2_Determinismo/DET-001/;;
DET-002;2. Determinismo;P0;AUTO;Repetição entre sessões;Fechar e reabrir o navegador antes de repetir a seed.;hashes antes/depois;Saída lógica idêntica.;PENDENTE 2.5D;AUDITORIA 650;True;PENDENTE;;;evidence/2_Determinismo/DET-002/;;
DET-003;2. Determinismo;P0;AUTO;Repetição após rebuild sem mudança;Gerar dois builds consecutivos da mesma fonte.;hashes do build e dos logs;Build e resultados idênticos.;PENDENTE 2.5D;AUDITORIA 650;True;PENDENTE;;;evidence/2_Determinismo/DET-003/;;
DET-004;2. Determinismo;P0;AUTO;Separação RNG lógica/visual;Ativar e desativar VFX, sombras e rastro.;comparação de logs lógicos;Resultado e sequência de eventos não mudam por opção visual.;PENDENTE 2.5D;AUDITORIA 650;True;PENDENTE;;;evidence/2_Determinismo/DET-004/;;
DET-005;2. Determinismo;P0;AUTO;Velocidade não altera resultado;Repetir seed em 1.0x, 1.8x e 3.6x.;hash lógico por velocidade;"Mesmo resultado, eventos e decisões; apenas tempo de apresentação muda.";PENDENTE 2.5D;AUDITORIA 650;True;PENDENTE;;;evidence/2_Determinismo/DET-005/;;
DET-006;2. Determinismo;P0;AUTO;Pausa não altera resultado;Pausar em cinco instantes predefinidos.;comparação de timeline;Saída lógica igual à execução sem pausa.;PENDENTE 2.5D;AUDITORIA 650;True;PENDENTE;;;evidence/2_Determinismo/DET-006/;;
DET-007;2. Determinismo;P0;AUTO;Troca de aba não altera resultado;Ocultar a aba em instantes predefinidos.;hash lógico;Saída lógica permanece idêntica.;PENDENTE 2.5D;AUDITORIA 650;True;PENDENTE;;;evidence/2_Determinismo/DET-007/;;
DET-008;2. Determinismo;P0;AUTO;FPS não altera resultado;Executar com limite de 30, 60 e 120 FPS.;hash lógico + frame log;Mesmo resultado e eventos em todos os limites.;PENDENTE 2.5D;AUDITORIA 650;True;PENDENTE;;;evidence/2_Determinismo/DET-008/;;
DET-009;2. Determinismo;P0;AUTO;Resolução não altera resultado;Executar desktop, tablet e mobile com mesma seed.;hash lógico;"Geometria visual pode mudar; lógica e placar não.";PENDENTE 2.5D;AUDITORIA 650;True;PENDENTE;;;evidence/2_Determinismo/DET-009/;;
DET-010;2. Determinismo;P0;AUTO;Orientação não altera resultado;Rotacionar retrato/paisagem durante a mesma seed.;hash lógico;Nenhuma decisão lógica é afetada.;PENDENTE 2.5D;AUDITORIA 650;True;PENDENTE;;;evidence/2_Determinismo/DET-010/;;
DET-011;2. Determinismo;P0;AUTO;Input de UI isolado do RNG;Abrir abas de estatística e tática durante a partida.;comparação de logs;A navegação de UI não consome aleatoriedade do motor.;PENDENTE 2.5D;AUDITORIA 650;True;PENDENTE;;;evidence/2_Determinismo/DET-011/;;
DET-012;2. Determinismo;P1;AUTO;Narração isolada do RNG;Ativar/desativar ou rolar narração.;hash lógico;Sem alteração de eventos ou resultado.;PENDENTE 2.5D;AUDITORIA 650;True;PENDENTE;;;evidence/2_Determinismo/DET-012/;;
DET-013;2. Determinismo;P1;AUTO;Áudio isolado do RNG;Ativar/desativar áudio.;hash lógico;Sem alteração lógica.;PENDENTE 2.5D;AUDITORIA 650;True;PENDENTE;;;evidence/2_Determinismo/DET-013/;;
DET-014;2. Determinismo;P0;AUTO;Salvar e carregar preserva seed;Salvar no intervalo e continuar em nova sessão.;comparação do segundo tempo;Segundo tempo idêntico ao fluxo contínuo.;PENDENTE 2.5D;AUDITORIA 650;True;PENDENTE;;;evidence/2_Determinismo/DET-014/;;
DET-015;2. Determinismo;P0;AUTO;Substituição reproduzível;Aplicar mesma substituição no mesmo instante.;log pós-substituição;Sequência posterior idêntica.;PENDENTE 2.5D;AUDITORIA 650;True;PENDENTE;;;evidence/2_Determinismo/DET-015/;;
DET-016;2. Determinismo;P0;AUTO;Mudança tática reproduzível;Aplicar mesma instrução no mesmo segundo.;log de decisões;Sequência posterior idêntica.;PENDENTE 2.5D;AUDITORIA 650;True;PENDENTE;;;evidence/2_Determinismo/DET-016/;;
DET-017;2. Determinismo;P0;AUTO;Ordem estável de entidades;Comparar ordem de atualização de atletas entre execuções.;trace de IDs por tick;Ordem de processamento é estável ou explicitamente normalizada.;PENDENTE 2.5D;AUDITORIA 650;True;PENDENTE;;;evidence/2_Determinismo/DET-017/;;
DET-018;2. Determinismo;P1;DIR;Empates de decisão resolvidos por regra;Forçar dois alvos com pontuação igual.;trace do seletor;Desempate usa regra determinística documentada.;PENDENTE 2.5D;AUDITORIA 650;True;PENDENTE;;;evidence/2_Determinismo/DET-018/;;
DET-019;2. Determinismo;P0;AUTO;Timestamps lógicos estáveis;Comparar tempo de cada evento em execuções idênticas.;CSV de eventos;Timestamps lógicos iguais dentro de tolerância de um tick.;PENDENTE 2.5D;AUDITORIA 650;True;PENDENTE;;;evidence/2_Determinismo/DET-019/;;
DET-020;2. Determinismo;P0;AUTO;Deltas espaciais estáveis;Comparar coordenadas amostradas a cada segundo.;telemetria espacial;Diferença máxima abaixo de 0,01 unidade lógica.;PENDENTE 2.5D;AUDITORIA 650;True;PENDENTE;;;evidence/2_Determinismo/DET-020/;;
DET-021;2. Determinismo;P1;DIR;Determinismo de rebotes;Forçar chute na trave e desvio com seed fixa.;vídeo + coordenadas;Mesmo vetor de rebote em execuções idênticas.;PENDENTE 2.5D;AUDITORIA 650;True;PENDENTE;;;evidence/2_Determinismo/DET-021/;;
DET-022;2. Determinismo;P1;DIR;Determinismo de disputa aérea;Forçar cruzamento com mesmos participantes.;trace de decisão;Vencedor e trajetória idênticos com mesma seed.;PENDENTE 2.5D;AUDITORIA 650;True;PENDENTE;;;evidence/2_Determinismo/DET-022/;;
DET-023;2. Determinismo;P1;DIR;Determinismo de goleiro;Repetir cenário de defesa, soco e saída.;trace do goleiro;Mesma decisão e ponto de contato.;PENDENTE 2.5D;AUDITORIA 650;True;PENDENTE;;;evidence/2_Determinismo/DET-023/;;
DET-024;2. Determinismo;P0;DIR;Determinismo de impedimento;Repetir corrida e passe na linha.;frame do passe + decisão;Mesma decisão e mesmo atleta identificado.;BASELINE R13.0;AUDITORIA 650;True;PENDENTE;;;evidence/2_Determinismo/DET-024/;;
DET-025;2. Determinismo;P1;AUTO;Determinismo de acréscimos;Repetir partida com mesmos eventos de interrupção.;tempo de acréscimo;Mesmo acréscimo em todas as execuções.;PENDENTE 2.5D;AUDITORIA 650;True;PENDENTE;;;evidence/2_Determinismo/DET-025/;;
DET-026;2. Determinismo;P1;AUTO;Determinismo de pênaltis;Repetir disputa completa com seed fixa.;sequência de cobranças;Mesma ordem, lado, resultado e encerramento.;PENDENTE 2.5D;AUDITORIA 650;True;PENDENTE;;;evidence/2_Determinismo/DET-026/;;
DET-027;2. Determinismo;P0;AUTO;Determinismo da matriz de formações;Reexecutar amostra neutra de 578 partidas.;comparação agregada e por seed;Todas as assinaturas individuais e agregadas reproduzidas.;BASELINE R13.0;AUDITORIA 650;True;PENDENTE;;;evidence/2_Determinismo/DET-027/;;
DET-028;2. Determinismo;P0;AUTO;Determinismo da matriz de estilos;Reexecutar 98 partidas.;comparação por seed;Todas as assinaturas reproduzidas.;BASELINE R13.0;AUDITORIA 650;True;PENDENTE;;;evidence/2_Determinismo/DET-028/;;
DET-029;2. Determinismo;P0;AUTO;Determinismo da amostra diversa;Reexecutar 200 partidas.;comparação por seed;Todas as assinaturas reproduzidas.;BASELINE R13.0;AUDITORIA 650;True;PENDENTE;;;evidence/2_Determinismo/DET-029/;;
DET-030;2. Determinismo;P0;AUTO;Determinismo após minificação;Comparar build de desenvolvimento e produção.;hash de eventos;Mesmo comportamento lógico.;PENDENTE 2.5D;AUDITORIA 650;True;PENDENTE;;;evidence/2_Determinismo/DET-030/;;
CAD-001;3. Cadência;P0;AUTO+VIS;Saída curta: duração da fase;Observar goleiro e primeira linha iniciando sob pressão moderada, em velocidade normal 1.0x, com câmera e VFX definitivos.;timeline de fases + vídeo;A fase dura tempo suficiente para ser reconhecida, sem congelar ou se prolongar artificialmente.;BASELINE R13.0;AUDITORIA 650;True;PENDENTE;;;evidence/3_Cad_ncia/CAD-001/;;
CAD-002;3. Cadência;P0;AUTO+VIS;Saída curta: aceleração contextual;Observar goleiro e primeira linha iniciando sob pressão moderada, em velocidade normal 1.0x, com câmera e VFX definitivos.;velocidade média de bola/atletas + vídeo;"Acelera quando surge espaço real e desacelera quando o espaço fecha; não usa velocidade constante.";BASELINE R13.0;AUDITORIA 650;True;PENDENTE;;;evidence/3_Cad_ncia/CAD-002/;;
CAD-003;3. Cadência;P1;VIS;Saída curta: micro-pausas de decisão;Observar goleiro e primeira linha iniciando sob pressão moderada, em velocidade normal 1.0x, com câmera e VFX definitivos.;clipe de 20–30 s em 1.0x;Existem ajustes corporais e leitura de jogo, mas nenhuma parada sem causa superior a 0,8 s.;PENDENTE 2.5D;AUDITORIA 650;True;PENDENTE;;;evidence/3_Cad_ncia/CAD-003/;;
CAD-004;3. Cadência;P0;AUTO+VIS;Saída curta: reação coletiva;Observar goleiro e primeira linha iniciando sob pressão moderada, em velocidade normal 1.0x, com câmera e VFX definitivos.;telemetria das linhas + vídeo;Ao mudar a fase, ao menos duas linhas reagem de forma coordenada dentro de 1,2 s lógicos.;PENDENTE 2.5D;AUDITORIA 650;True;PENDENTE;;;evidence/3_Cad_ncia/CAD-004/;;
CAD-005;3. Cadência;P1;PAINEL HUMANO;Saída curta: legibilidade humana;Observar goleiro e primeira linha iniciando sob pressão moderada, em velocidade normal 1.0x, com câmera e VFX definitivos.;avaliação cega de 3 observadores;Pelo menos 2 de 3 identificam corretamente a fase e a intenção principal sem consultar logs.;PENDENTE 2.5D;AUDITORIA 650;True;PENDENTE;;;evidence/3_Cad_ncia/CAD-005/;;
CAD-006;3. Cadência;P0;AUTO+VIS;Circulação no meio: duração da fase;Observar posse estabilizada entre zagueiros, volantes e meias, em velocidade normal 1.0x, com câmera e VFX definitivos.;timeline de fases + vídeo;A fase dura tempo suficiente para ser reconhecida, sem congelar ou se prolongar artificialmente.;PENDENTE 2.5D;AUDITORIA 650;True;PENDENTE;;;evidence/3_Cad_ncia/CAD-006/;;
CAD-007;3. Cadência;P0;AUTO+VIS;Circulação no meio: aceleração contextual;Observar posse estabilizada entre zagueiros, volantes e meias, em velocidade normal 1.0x, com câmera e VFX definitivos.;velocidade média de bola/atletas + vídeo;"Acelera quando surge espaço real e desacelera quando o espaço fecha; não usa velocidade constante.";PENDENTE 2.5D;AUDITORIA 650;True;PENDENTE;;;evidence/3_Cad_ncia/CAD-007/;;
CAD-008;3. Cadência;P1;VIS;Circulação no meio: micro-pausas de decisão;Observar posse estabilizada entre zagueiros, volantes e meias, em velocidade normal 1.0x, com câmera e VFX definitivos.;clipe de 20–30 s em 1.0x;Existem ajustes corporais e leitura de jogo, mas nenhuma parada sem causa superior a 0,8 s.;PENDENTE 2.5D;AUDITORIA 650;True;PENDENTE;;;evidence/3_Cad_ncia/CAD-008/;;
CAD-009;3. Cadência;P0;AUTO+VIS;Circulação no meio: reação coletiva;Observar posse estabilizada entre zagueiros, volantes e meias, em velocidade normal 1.0x, com câmera e VFX definitivos.;telemetria das linhas + vídeo;Ao mudar a fase, ao menos duas linhas reagem de forma coordenada dentro de 1,2 s lógicos.;PENDENTE 2.5D;AUDITORIA 650;True;PENDENTE;;;evidence/3_Cad_ncia/CAD-009/;;
CAD-010;3. Cadência;P1;PAINEL HUMANO;Circulação no meio: legibilidade humana;Observar posse estabilizada entre zagueiros, volantes e meias, em velocidade normal 1.0x, com câmera e VFX definitivos.;avaliação cega de 3 observadores;Pelo menos 2 de 3 identificam corretamente a fase e a intenção principal sem consultar logs.;PENDENTE 2.5D;AUDITORIA 650;True;PENDENTE;;;evidence/3_Cad_ncia/CAD-010/;;
CAD-011;3. Cadência;P0;AUTO+VIS;Progressão pelo corredor: duração da fase;Observar lateral, ponta e meia avançando por um lado, em velocidade normal 1.0x, com câmera e VFX definitivos.;timeline de fases + vídeo;A fase dura tempo suficiente para ser reconhecida, sem congelar ou se prolongar artificialmente.;PENDENTE 2.5D;AUDITORIA 650;True;PENDENTE;;;evidence/3_Cad_ncia/CAD-011/;;
CAD-012;3. Cadência;P0;AUTO+VIS;Progressão pelo corredor: aceleração contextual;Observar lateral, ponta e meia avançando por um lado, em velocidade normal 1.0x, com câmera e VFX definitivos.;velocidade média de bola/atletas + vídeo;"Acelera quando surge espaço real e desacelera quando o espaço fecha; não usa velocidade constante.";PENDENTE 2.5D;AUDITORIA 650;True;PENDENTE;;;evidence/3_Cad_ncia/CAD-012/;;
CAD-013;3. Cadência;P1;VIS;Progressão pelo corredor: micro-pausas de decisão;Observar lateral, ponta e meia avançando por um lado, em velocidade normal 1.0x, com câmera e VFX definitivos.;clipe de 20–30 s em 1.0x;Existem ajustes corporais e leitura de jogo, mas nenhuma parada sem causa superior a 0,8 s.;PENDENTE 2.5D;AUDITORIA 650;True;PENDENTE;;;evidence/3_Cad_ncia/CAD-013/;;
CAD-014;3. Cadência;P0;AUTO+VIS;Progressão pelo corredor: reação coletiva;Observar lateral, ponta e meia avançando por um lado, em velocidade normal 1.0x, com câmera e VFX definitivos.;telemetria das linhas + vídeo;Ao mudar a fase, ao menos duas linhas reagem de forma coordenada dentro de 1,2 s lógicos.;PENDENTE 2.5D;AUDITORIA 650;True;PENDENTE;;;evidence/3_Cad_ncia/CAD-014/;;
CAD-015;3. Cadência;P1;PAINEL HUMANO;Progressão pelo corredor: legibilidade humana;Observar lateral, ponta e meia avançando por um lado, em velocidade normal 1.0x, com câmera e VFX definitivos.;avaliação cega de 3 observadores;Pelo menos 2 de 3 identificam corretamente a fase e a intenção principal sem consultar logs.;PENDENTE 2.5D;AUDITORIA 650;True;PENDENTE;;;evidence/3_Cad_ncia/CAD-015/;;
CAD-016;3. Cadência;P0;AUTO+VIS;Ataque posicional: duração da fase;Observar equipe instalada contra bloco organizado, em velocidade normal 1.0x, com câmera e VFX definitivos.;timeline de fases + vídeo;A fase dura tempo suficiente para ser reconhecida, sem congelar ou se prolongar artificialmente.;PENDENTE 2.5D;AUDITORIA 650;True;PENDENTE;;;evidence/3_Cad_ncia/CAD-016/;;
CAD-017;3. Cadência;P0;AUTO+VIS;Ataque posicional: aceleração contextual;Observar equipe instalada contra bloco organizado, em velocidade normal 1.0x, com câmera e VFX definitivos.;velocidade média de bola/atletas + vídeo;"Acelera quando surge espaço real e desacelera quando o espaço fecha; não usa velocidade constante.";PENDENTE 2.5D;AUDITORIA 650;True;PENDENTE;;;evidence/3_Cad_ncia/CAD-017/;;
CAD-018;3. Cadência;P1;VIS;Ataque posicional: micro-pausas de decisão;Observar equipe instalada contra bloco organizado, em velocidade normal 1.0x, com câmera e VFX definitivos.;clipe de 20–30 s em 1.0x;Existem ajustes corporais e leitura de jogo, mas nenhuma parada sem causa superior a 0,8 s.;PENDENTE 2.5D;AUDITORIA 650;True;PENDENTE;;;evidence/3_Cad_ncia/CAD-018/;;
CAD-019;3. Cadência;P0;AUTO+VIS;Ataque posicional: reação coletiva;Observar equipe instalada contra bloco organizado, em velocidade normal 1.0x, com câmera e VFX definitivos.;telemetria das linhas + vídeo;Ao mudar a fase, ao menos duas linhas reagem de forma coordenada dentro de 1,2 s lógicos.;PENDENTE 2.5D;AUDITORIA 650;True;PENDENTE;;;evidence/3_Cad_ncia/CAD-019/;;
CAD-020;3. Cadência;P1;PAINEL HUMANO;Ataque posicional: legibilidade humana;Observar equipe instalada contra bloco organizado, em velocidade normal 1.0x, com câmera e VFX definitivos.;avaliação cega de 3 observadores;Pelo menos 2 de 3 identificam corretamente a fase e a intenção principal sem consultar logs.;PENDENTE 2.5D;AUDITORIA 650;True;PENDENTE;;;evidence/3_Cad_ncia/CAD-020/;;
CAD-021;3. Cadência;P0;AUTO+VIS;Transição ofensiva: duração da fase;Observar recuperação com espaço e defesa adversária desorganizada, em velocidade normal 1.0x, com câmera e VFX definitivos.;timeline de fases + vídeo;A fase dura tempo suficiente para ser reconhecida, sem congelar ou se prolongar artificialmente.;BASELINE R13.0;AUDITORIA 650;True;PENDENTE;;;evidence/3_Cad_ncia/CAD-021/;;
CAD-022;3. Cadência;P0;AUTO+VIS;Transição ofensiva: aceleração contextual;Observar recuperação com espaço e defesa adversária desorganizada, em velocidade normal 1.0x, com câmera e VFX definitivos.;velocidade média de bola/atletas + vídeo;"Acelera quando surge espaço real e desacelera quando o espaço fecha; não usa velocidade constante.";BASELINE R13.0;AUDITORIA 650;True;PENDENTE;;;evidence/3_Cad_ncia/CAD-022/;;
CAD-023;3. Cadência;P1;VIS;Transição ofensiva: micro-pausas de decisão;Observar recuperação com espaço e defesa adversária desorganizada, em velocidade normal 1.0x, com câmera e VFX definitivos.;clipe de 20–30 s em 1.0x;Existem ajustes corporais e leitura de jogo, mas nenhuma parada sem causa superior a 0,8 s.;PENDENTE 2.5D;AUDITORIA 650;True;PENDENTE;;;evidence/3_Cad_ncia/CAD-023/;;
CAD-024;3. Cadência;P0;AUTO+VIS;Transição ofensiva: reação coletiva;Observar recuperação com espaço e defesa adversária desorganizada, em velocidade normal 1.0x, com câmera e VFX definitivos.;telemetria das linhas + vídeo;Ao mudar a fase, ao menos duas linhas reagem de forma coordenada dentro de 1,2 s lógicos.;PENDENTE 2.5D;AUDITORIA 650;True;PENDENTE;;;evidence/3_Cad_ncia/CAD-024/;;
CAD-025;3. Cadência;P1;PAINEL HUMANO;Transição ofensiva: legibilidade humana;Observar recuperação com espaço e defesa adversária desorganizada, em velocidade normal 1.0x, com câmera e VFX definitivos.;avaliação cega de 3 observadores;Pelo menos 2 de 3 identificam corretamente a fase e a intenção principal sem consultar logs.;PENDENTE 2.5D;AUDITORIA 650;True;PENDENTE;;;evidence/3_Cad_ncia/CAD-025/;;
CAD-026;3. Cadência;P0;AUTO+VIS;Transição defensiva: duração da fase;Observar perda da bola com jogadores à frente, em velocidade normal 1.0x, com câmera e VFX definitivos.;timeline de fases + vídeo;A fase dura tempo suficiente para ser reconhecida, sem congelar ou se prolongar artificialmente.;PENDENTE 2.5D;AUDITORIA 650;True;PENDENTE;;;evidence/3_Cad_ncia/CAD-026/;;
CAD-027;3. Cadência;P0;AUTO+VIS;Transição defensiva: aceleração contextual;Observar perda da bola com jogadores à frente, em velocidade normal 1.0x, com câmera e VFX definitivos.;velocidade média de bola/atletas + vídeo;"Acelera quando surge espaço real e desacelera quando o espaço fecha; não usa velocidade constante.";PENDENTE 2.5D;AUDITORIA 650;True;PENDENTE;;;evidence/3_Cad_ncia/CAD-027/;;
CAD-028;3. Cadência;P1;VIS;Transição defensiva: micro-pausas de decisão;Observar perda da bola com jogadores à frente, em velocidade normal 1.0x, com câmera e VFX definitivos.;clipe de 20–30 s em 1.0x;Existem ajustes corporais e leitura de jogo, mas nenhuma parada sem causa superior a 0,8 s.;PENDENTE 2.5D;AUDITORIA 650;True;PENDENTE;;;evidence/3_Cad_ncia/CAD-028/;;
CAD-029;3. Cadência;P0;AUTO+VIS;Transição defensiva: reação coletiva;Observar perda da bola com jogadores à frente, em velocidade normal 1.0x, com câmera e VFX definitivos.;telemetria das linhas + vídeo;Ao mudar a fase, ao menos duas linhas reagem de forma coordenada dentro de 1,2 s lógicos.;PENDENTE 2.5D;AUDITORIA 650;True;PENDENTE;;;evidence/3_Cad_ncia/CAD-029/;;
CAD-030;3. Cadência;P1;PAINEL HUMANO;Transição defensiva: legibilidade humana;Observar perda da bola com jogadores à frente, em velocidade normal 1.0x, com câmera e VFX definitivos.;avaliação cega de 3 observadores;Pelo menos 2 de 3 identificam corretamente a fase e a intenção principal sem consultar logs.;PENDENTE 2.5D;AUDITORIA 650;True;PENDENTE;;;evidence/3_Cad_ncia/CAD-030/;;
CAD-031;3. Cadência;P0;AUTO+VIS;Pressão alta: duração da fase;Observar equipe tentando recuperar perto da área rival, em velocidade normal 1.0x, com câmera e VFX definitivos.;timeline de fases + vídeo;A fase dura tempo suficiente para ser reconhecida, sem congelar ou se prolongar artificialmente.;PENDENTE 2.5D;AUDITORIA 650;True;PENDENTE;;;evidence/3_Cad_ncia/CAD-031/;;
CAD-032;3. Cadência;P0;AUTO+VIS;Pressão alta: aceleração contextual;Observar equipe tentando recuperar perto da área rival, em velocidade normal 1.0x, com câmera e VFX definitivos.;velocidade média de bola/atletas + vídeo;"Acelera quando surge espaço real e desacelera quando o espaço fecha; não usa velocidade constante.";PENDENTE 2.5D;AUDITORIA 650;True;PENDENTE;;;evidence/3_Cad_ncia/CAD-032/;;
CAD-033;3. Cadência;P1;VIS;Pressão alta: micro-pausas de decisão;Observar equipe tentando recuperar perto da área rival, em velocidade normal 1.0x, com câmera e VFX definitivos.;clipe de 20–30 s em 1.0x;Existem ajustes corporais e leitura de jogo, mas nenhuma parada sem causa superior a 0,8 s.;PENDENTE 2.5D;AUDITORIA 650;True;PENDENTE;;;evidence/3_Cad_ncia/CAD-033/;;
CAD-034;3. Cadência;P0;AUTO+VIS;Pressão alta: reação coletiva;Observar equipe tentando recuperar perto da área rival, em velocidade normal 1.0x, com câmera e VFX definitivos.;telemetria das linhas + vídeo;Ao mudar a fase, ao menos duas linhas reagem de forma coordenada dentro de 1,2 s lógicos.;PENDENTE 2.5D;AUDITORIA 650;True;PENDENTE;;;evidence/3_Cad_ncia/CAD-034/;;
CAD-035;3. Cadência;P1;PAINEL HUMANO;Pressão alta: legibilidade humana;Observar equipe tentando recuperar perto da área rival, em velocidade normal 1.0x, com câmera e VFX definitivos.;avaliação cega de 3 observadores;Pelo menos 2 de 3 identificam corretamente a fase e a intenção principal sem consultar logs.;PENDENTE 2.5D;AUDITORIA 650;True;PENDENTE;;;evidence/3_Cad_ncia/CAD-035/;;
CAD-036;3. Cadência;P0;AUTO+VIS;Bloco médio: duração da fase;Observar linhas compactas aguardando no meio-campo, em velocidade normal 1.0x, com câmera e VFX definitivos.;timeline de fases + vídeo;A fase dura tempo suficiente para ser reconhecida, sem congelar ou se prolongar artificialmente.;PENDENTE 2.5D;AUDITORIA 650;True;PENDENTE;;;evidence/3_Cad_ncia/CAD-036/;;
CAD-037;3. Cadência;P0;AUTO+VIS;Bloco médio: aceleração contextual;Observar linhas compactas aguardando no meio-campo, em velocidade normal 1.0x, com câmera e VFX definitivos.;velocidade média de bola/atletas + vídeo;"Acelera quando surge espaço real e desacelera quando o espaço fecha; não usa velocidade constante.";PENDENTE 2.5D;AUDITORIA 650;True;PENDENTE;;;evidence/3_Cad_ncia/CAD-037/;;
CAD-038;3. Cadência;P1;VIS;Bloco médio: micro-pausas de decisão;Observar linhas compactas aguardando no meio-campo, em velocidade normal 1.0x, com câmera e VFX definitivos.;clipe de 20–30 s em 1.0x;Existem ajustes corporais e leitura de jogo, mas nenhuma parada sem causa superior a 0,8 s.;PENDENTE 2.5D;AUDITORIA 650;True;PENDENTE;;;evidence/3_Cad_ncia/CAD-038/;;
CAD-039;3. Cadência;P0;AUTO+VIS;Bloco médio: reação coletiva;Observar linhas compactas aguardando no meio-campo, em velocidade normal 1.0x, com câmera e VFX definitivos.;telemetria das linhas + vídeo;Ao mudar a fase, ao menos duas linhas reagem de forma coordenada dentro de 1,2 s lógicos.;PENDENTE 2.5D;AUDITORIA 650;True;PENDENTE;;;evidence/3_Cad_ncia/CAD-039/;;
CAD-040;3. Cadência;P1;PAINEL HUMANO;Bloco médio: legibilidade humana;Observar linhas compactas aguardando no meio-campo, em velocidade normal 1.0x, com câmera e VFX definitivos.;avaliação cega de 3 observadores;Pelo menos 2 de 3 identificam corretamente a fase e a intenção principal sem consultar logs.;PENDENTE 2.5D;AUDITORIA 650;True;PENDENTE;;;evidence/3_Cad_ncia/CAD-040/;;
CAD-041;3. Cadência;P0;AUTO+VIS;Bloco baixo: duração da fase;Observar equipe protegendo a própria área, em velocidade normal 1.0x, com câmera e VFX definitivos.;timeline de fases + vídeo;A fase dura tempo suficiente para ser reconhecida, sem congelar ou se prolongar artificialmente.;BASELINE R13.0;AUDITORIA 650;True;PENDENTE;;;evidence/3_Cad_ncia/CAD-041/;;
CAD-042;3. Cadência;P0;AUTO+VIS;Bloco baixo: aceleração contextual;Observar equipe protegendo a própria área, em velocidade normal 1.0x, com câmera e VFX definitivos.;velocidade média de bola/atletas + vídeo;"Acelera quando surge espaço real e desacelera quando o espaço fecha; não usa velocidade constante.";BASELINE R13.0;AUDITORIA 650;True;PENDENTE;;;evidence/3_Cad_ncia/CAD-042/;;
CAD-043;3. Cadência;P1;VIS;Bloco baixo: micro-pausas de decisão;Observar equipe protegendo a própria área, em velocidade normal 1.0x, com câmera e VFX definitivos.;clipe de 20–30 s em 1.0x;Existem ajustes corporais e leitura de jogo, mas nenhuma parada sem causa superior a 0,8 s.;PENDENTE 2.5D;AUDITORIA 650;True;PENDENTE;;;evidence/3_Cad_ncia/CAD-043/;;
CAD-044;3. Cadência;P0;AUTO+VIS;Bloco baixo: reação coletiva;Observar equipe protegendo a própria área, em velocidade normal 1.0x, com câmera e VFX definitivos.;telemetria das linhas + vídeo;Ao mudar a fase, ao menos duas linhas reagem de forma coordenada dentro de 1,2 s lógicos.;PENDENTE 2.5D;AUDITORIA 650;True;PENDENTE;;;evidence/3_Cad_ncia/CAD-044/;;
CAD-045;3. Cadência;P1;PAINEL HUMANO;Bloco baixo: legibilidade humana;Observar equipe protegendo a própria área, em velocidade normal 1.0x, com câmera e VFX definitivos.;avaliação cega de 3 observadores;Pelo menos 2 de 3 identificam corretamente a fase e a intenção principal sem consultar logs.;PENDENTE 2.5D;AUDITORIA 650;True;PENDENTE;;;evidence/3_Cad_ncia/CAD-045/;;
BOL-001;4. Bola e reinícios;P0;AUTO+VIS;Bola controlada orientada ao corpo;Portador muda direção em baixa e alta velocidade.;ângulo corpo/bola por frame + vídeo;Divergência acima de 45° em menos de 2% das amostras controladas.;BASELINE R13.0;AUDITORIA 650;True;PENDENTE;;;evidence/4_Bola_e_rein_cios/BOL-001/;;
BOL-002;4. Bola e reinícios;P0;VIS;Contato real no passe curto;Passe de até 12 m com receptor frontal.;frame do contato;Bola sai do pé no frame de ação, sem lacuna nem antecipação visível.;PENDENTE 2.5D;AUDITORIA 650;True;PENDENTE;;;evidence/4_Bola_e_rein_cios/BOL-002/;;
BOL-003;4. Bola e reinícios;P0;VIS;Contato real no passe longo;Lançamento acima de 25 m.;frame do contato + trajetória;Origem coincide com pé de apoio/ação e não com centro do avatar.;PENDENTE 2.5D;AUDITORIA 650;True;PENDENTE;;;evidence/4_Bola_e_rein_cios/BOL-003/;;
BOL-004;4. Bola e reinícios;P0;AUTO+VIS;Passe rasteiro desacelera;Passe de 15–25 m em gramado livre.;curva velocidade-tempo;"Velocidade diminui progressivamente; não desliza em velocidade constante.";PENDENTE 2.5D;AUDITORIA 650;True;PENDENTE;;;evidence/4_Bola_e_rein_cios/BOL-004/;;
BOL-005;4. Bola e reinícios;P0;DIR;Passe de primeira;Receptor devolve sem domínio completo.;vídeo em 0,5x;"Animação e novo vetor começam no contato; sem teleporte para o pé.";PENDENTE 2.5D;AUDITORIA 650;True;PENDENTE;;;evidence/4_Bola_e_rein_cios/BOL-005/;;
BOL-006;4. Bola e reinícios;P0;DIR;Domínio orientado;Recepção com espaço lateral.;vídeo + coordenadas;Primeiro toque prepara a direção escolhida e mantém distância plausível do corpo.;PENDENTE 2.5D;AUDITORIA 650;True;PENDENTE;;;evidence/4_Bola_e_rein_cios/BOL-006/;;
BOL-007;4. Bola e reinícios;P0;DIR;Domínio sob pressão;Recepção com defensor a menos de 2 m.;vídeo + estado da disputa;"Toque pode escapar ou proteger; nunca cola instantaneamente no pé.";PENDENTE 2.5D;AUDITORIA 650;True;PENDENTE;;;evidence/4_Bola_e_rein_cios/BOL-007/;;
BOL-008;4. Bola e reinícios;P0;DIR;Bola espirrada em dividida;Dois atletas chegam simultaneamente.;vídeo + vetor pós-contato;"Vetor deriva dos movimentos e do ponto de contato; posse não é atribuída antes da resolução.";PENDENTE 2.5D;AUDITORIA 650;True;PENDENTE;;;evidence/4_Bola_e_rein_cios/BOL-008/;;
BOL-009;4. Bola e reinícios;P0;DIR;Desvio defensivo;Bloqueio de passe ou chute.;antes/depois do vetor;Trajetória muda no ponto do defensor e pode sair do campo naturalmente.;PENDENTE 2.5D;AUDITORIA 650;True;PENDENTE;;;evidence/4_Bola_e_rein_cios/BOL-009/;;
BOL-010;4. Bola e reinícios;P0;DIR;Rebote no gramado;Bola aérea quica antes da recepção.;altura e velocidade por frame;Quica com perda de energia e segunda altura menor.;PENDENTE 2.5D;AUDITORIA 650;True;PENDENTE;;;evidence/4_Bola_e_rein_cios/BOL-010/;;
BOL-011;4. Bola e reinícios;P0;DIR;Rebote na trave;Chute atinge poste.;ponto de impacto + vetor;Rebate do ponto visível da trave, sem atravessar ou inverter arbitrariamente.;PENDENTE 2.5D;AUDITORIA 650;True;PENDENTE;;;evidence/4_Bola_e_rein_cios/BOL-011/;;
BOL-012;4. Bola e reinícios;P0;DIR;Rebote no travessão;Chute alto atinge travessão.;ponto de impacto + arco;Altura e profundidade respeitam o travessão 2.5D.;PENDENTE 2.5D;AUDITORIA 650;True;PENDENTE;;;evidence/4_Bola_e_rein_cios/BOL-012/;;
BOL-013;4. Bola e reinícios;P0;VIS;Bola aérea no terço distante;Lançamento alto próximo à arquibancada visual.;vídeo da projeção;"A bola permanece dentro do teto de projeção do palco; não invade arquibancada.";PENDENTE 2.5D;AUDITORIA 650;True;PENDENTE;;;evidence/4_Bola_e_rein_cios/BOL-013/;;
BOL-014;4. Bola e reinícios;P0;DIR;Cruzamento em arco;Cruzamento de linha de fundo.;trajetória amostrada;"Altura cresce e cai; não é segmento linear.";BASELINE R13.0;AUDITORIA 650;True;PENDENTE;;;evidence/4_Bola_e_rein_cios/BOL-014/;;
BOL-015;4. Bola e reinícios;P1;DIR;Chute colocado;Finalização com alvo lateral.;trajetória e velocidade;Curva/diagonal coerente e desaceleração menor que passe.;PENDENTE 2.5D;AUDITORIA 650;True;PENDENTE;;;evidence/4_Bola_e_rein_cios/BOL-015/;;
BOL-016;4. Bola e reinícios;P1;DIR;Chute forte rasteiro;Finalização frontal de média distância.;velocidade inicial e contato;"Velocidade superior ao passe; bola mantém contato visual correto.";PENDENTE 2.5D;AUDITORIA 650;True;PENDENTE;;;evidence/4_Bola_e_rein_cios/BOL-016/;;
BOL-017;4. Bola e reinícios;P0;DIR;Chute alto com arco;Finalização alta de fora da área.;altura por frame;"Curva vertical contínua; não sobe em linha reta nem muda de altura abruptamente.";PENDENTE 2.5D;AUDITORIA 650;True;PENDENTE;;;evidence/4_Bola_e_rein_cios/BOL-017/;;
BOL-018;4. Bola e reinícios;P0;DIR;Cabeceio direcionado;Cruzamento com atacante em movimento.;frame cabeça/bola;Vetor muda no contato da cabeça e segue direção corporal plausível.;PENDENTE 2.5D;AUDITORIA 650;True;PENDENTE;;;evidence/4_Bola_e_rein_cios/BOL-018/;;
BOL-019;4. Bola e reinícios;P0;AUTO;Bola sem dono;Após corte parcial e rebote.;tempo sem posse + proximidade;"Pode existir bola livre; nenhum atleta é marcado portador até alcance físico.";PENDENTE 2.5D;AUDITORIA 650;True;PENDENTE;;;evidence/4_Bola_e_rein_cios/BOL-019/;;
BOL-020;4. Bola e reinícios;P0;AUTO+VIS;Recuperação física da posse;Atleta alcança bola livre.;distância no frame de aquisição;Posse só muda quando distância e tempo de contato são plausíveis.;PENDENTE 2.5D;AUDITORIA 650;True;PENDENTE;;;evidence/4_Bola_e_rein_cios/BOL-020/;;
BOL-021;4. Bola e reinícios;P0;DIR;Detecção de saída lateral por passe errado;Passe junto à linha ultrapassa completamente o limite.;coordenadas + evento;Lateral marcado no primeiro tick após a bola cruzar integralmente a linha.;BASELINE R13.0;AUDITORIA 650;True;PENDENTE;;;evidence/4_Bola_e_rein_cios/BOL-021/;;
BOL-022;4. Bola e reinícios;P0;DIR;Detecção de saída por domínio ruim;Primeiro toque leva a bola para fora.;vídeo + último toque;Reposição concedida ao adversário do último tocador.;PENDENTE 2.5D;AUDITORIA 650;True;PENDENTE;;;evidence/4_Bola_e_rein_cios/BOL-022/;;
BOL-023;4. Bola e reinícios;P0;DIR;Detecção de saída por dividida;Disputa empurra a bola para fora.;log de contatos;Último contato define a posse do lateral.;PENDENTE 2.5D;AUDITORIA 650;True;PENDENTE;;;evidence/4_Bola_e_rein_cios/BOL-023/;;
BOL-024;4. Bola e reinícios;P0;DIR;Detecção de saída por corte;Defensor corta passe pela lateral.;vídeo + evento;Gera lateral, não tiro de meta ou continuidade artificial.;PENDENTE 2.5D;AUDITORIA 650;True;PENDENTE;;;evidence/4_Bola_e_rein_cios/BOL-024/;;
BOL-025;4. Bola e reinícios;P1;AUTO+VIS;Origem do arremesso;Bola sai em cinco pontos diferentes da linha.;coordenada de saída/reposição;Reposição ocorre no ponto equivalente, limitado apenas por regra documentada.;PENDENTE 2.5D;AUDITORIA 650;True;PENDENTE;;;evidence/4_Bola_e_rein_cios/BOL-025/;;
BOL-026;4. Bola e reinícios;P1;AUTO;Cobrador correto;Lateral em ambos os lados e terços.;ID do cobrador;Escolhe atleta elegível e próximo, sem goleiro ou jogador adversário.;PENDENTE 2.5D;AUDITORIA 650;True;PENDENTE;;;evidence/4_Bola_e_rein_cios/BOL-026/;;
BOL-027;4. Bola e reinícios;P1;DIR;Distância de segurança;Adversário pressiona o cobrador.;distâncias no momento da cobrança;Oponentes respeitam distância mínima definida até a bola entrar.;PENDENTE 2.5D;AUDITORIA 650;True;PENDENTE;;;evidence/4_Bola_e_rein_cios/BOL-027/;;
BOL-028;4. Bola e reinícios;P0;DIR;Trajetória do arremesso;Cobrança curta, média e longa.;arco por frame;Bola nasce nas mãos/posição de cobrança, possui arco e cai no receptor ou espaço.;PENDENTE 2.5D;AUDITORIA 650;True;PENDENTE;;;evidence/4_Bola_e_rein_cios/BOL-028/;;
BOL-029;4. Bola e reinícios;P0;DIR;Continuidade após lateral;Receptor domina ou disputa.;vídeo pós-reposição;Fluxo retorna ao jogo corrido sem teleporte, pausa longa ou posse automática indevida.;PENDENTE 2.5D;AUDITORIA 650;True;PENDENTE;;;evidence/4_Bola_e_rein_cios/BOL-029/;;
BOL-030;4. Bola e reinícios;P0;AUTO;Frequência natural de laterais;Executar amostra diversa de 200 jogos.;média por partida;Entre 5 e 16 laterais/jogo, sem concentração anormal em uma formação.;BASELINE R13.0;AUDITORIA 650;True;PENDENTE;;;evidence/4_Bola_e_rein_cios/BOL-030/;;
BOL-031;4. Bola e reinícios;P0;DIR;Concessão correta de escanteio;Defensor toca por último antes da linha de fundo.;último contato + evento;"Escanteio concedido ao ataque; nenhum tiro de meta simultâneo.";PENDENTE 2.5D;AUDITORIA 650;True;PENDENTE;;;evidence/4_Bola_e_rein_cios/BOL-031/;;
BOL-032;4. Bola e reinícios;P1;VIS;Origem no quadrante correto;Saída pela esquerda e direita.;frame da cobrança;Bola posicionada no lado correspondente.;PENDENTE 2.5D;AUDITORIA 650;True;PENDENTE;;;evidence/4_Bola_e_rein_cios/BOL-032/;;
BOL-033;4. Bola e reinícios;P1;VIS;Corridas pré-cobrança;Marcação mista com atacantes na área.;clipe anterior à cobrança;"Há disputa por espaço; atletas não ficam estáticos ou sobrepostos.";PENDENTE 2.5D;AUDITORIA 650;True;PENDENTE;;;evidence/4_Bola_e_rein_cios/BOL-033/;;
BOL-034;4. Bola e reinícios;P0;AUTO;Limite de defensores atacando;Equipe com zagueiros altos.;contagem de jogadores avançados;No máximo dois defensores atacam a área e há defesa de descanso.;BASELINE R13.0;AUDITORIA 650;True;PENDENTE;;;evidence/4_Bola_e_rein_cios/BOL-034/;;
BOL-035;4. Bola e reinícios;P0;DIR;Decisão do goleiro no cruzamento;Cobranças fechada e aberta.;trace de decisão;"Sai, soca ou fica conforme trajetória e tráfego; não teleporta.";PENDENTE 2.5D;AUDITORIA 650;True;PENDENTE;;;evidence/4_Bola_e_rein_cios/BOL-035/;;
BOL-036;4. Bola e reinícios;P0;DIR;Segunda bola de escanteio;Corte parcial para entrada da área.;vídeo + posse;"Bola permanece viva e jogadores reagem; papéis especiais são limpos.";PENDENTE 2.5D;AUDITORIA 650;True;PENDENTE;;;evidence/4_Bola_e_rein_cios/BOL-036/;;
BOL-037;4. Bola e reinícios;P0;AUTO;Conversão de escanteios;Amostra neutra e diversa.;taxa de gols/corners;"Participação em gols dentro de 2%–18%; alvo de referência R13 entre 2,78% e 4,67%.";BASELINE R13.0;AUDITORIA 650;True;PENDENTE;;;evidence/4_Bola_e_rein_cios/BOL-037/;;
BOL-038;4. Bola e reinícios;P1;DIR;Transição após corte;Defesa recupera e contra-ataca.;vídeo de 10 s após corte;"Jogadores de descanso protegem o contra-ataque; sem reset artificial.";PENDENTE 2.5D;AUDITORIA 650;True;PENDENTE;;;evidence/4_Bola_e_rein_cios/BOL-038/;;
BOL-039;4. Bola e reinícios;P0;DIR;Concessão correta de tiro de meta;Atacante toca por último antes da linha de fundo.;último contato + evento;Tiro de meta, nunca escanteio.;PENDENTE 2.5D;AUDITORIA 650;True;PENDENTE;;;evidence/4_Bola_e_rein_cios/BOL-039/;;
BOL-040;4. Bola e reinícios;P1;AUTO+VIS;Reposicionamento para tiro de meta;Equipes em bloco alto e baixo.;mapa de posições;Jogadores assumem estrutura coerente sem teleporte visível.;PENDENTE 2.5D;AUDITORIA 650;True;PENDENTE;;;evidence/4_Bola_e_rein_cios/BOL-040/;;
BOL-041;4. Bola e reinícios;P1;DIR;Saída curta do goleiro;Zagueiro livre próximo.;trace de escolha;Goleiro pode escolher opção curta e bola percorre fisicamente o trajeto.;PENDENTE 2.5D;AUDITORIA 650;True;PENDENTE;;;evidence/4_Bola_e_rein_cios/BOL-041/;;
BOL-042;4. Bola e reinícios;P1;DIR;Saída longa do goleiro;Pressão alta fecha opções curtas.;trajetória + decisão;Lançamento tem arco e alvo espacial coerente.;PENDENTE 2.5D;AUDITORIA 650;True;PENDENTE;;;evidence/4_Bola_e_rein_cios/BOL-042/;;
BOL-043;4. Bola e reinícios;P1;AUTO;Bola em jogo no tiro de meta;Cobrança executada.;momento de ativação;Pressão e disputa começam quando a bola entra em jogo, conforme regra adotada.;PENDENTE 2.5D;AUDITORIA 650;True;PENDENTE;;;evidence/4_Bola_e_rein_cios/BOL-043/;;
BOL-044;4. Bola e reinícios;P1;AUTO;Frequência de tiros de meta;Amostra diversa.;média por partida;"Sem colapso estatístico; referência inicial próxima de 7,71/jogo.";BASELINE R13.0;AUDITORIA 650;True;PENDENTE;;;evidence/4_Bola_e_rein_cios/BOL-044/;;
BOL-045;4. Bola e reinícios;P1;VIS;Continuidade após tiro de meta;Recepção curta ou disputa longa.;clipe de 8 s;Sem corte de câmera, pausa ou posse forçada.;PENDENTE 2.5D;AUDITORIA 650;True;PENDENTE;;;evidence/4_Bola_e_rein_cios/BOL-045/;;
BOL-046;4. Bola e reinícios;P0;DIR;Concessão e local da falta;Falta em cinco zonas do campo.;coordenada da infração/reposição;Cobrança nasce no ponto da infração dentro de tolerância de 1 m lógico.;PENDENTE 2.5D;AUDITORIA 650;True;PENDENTE;;;evidence/4_Bola_e_rein_cios/BOL-046/;;
BOL-047;4. Bola e reinícios;P0;VIS;Câmera unificada de falta;Falta direta e indireta.;vídeo da transição;"Permanece no palco 2.5D; não há corte para perspectiva antiga.";PENDENTE 2.5D;AUDITORIA 650;True;PENDENTE;;;evidence/4_Bola_e_rein_cios/BOL-047/;;
BOL-048;4. Bola e reinícios;P0;AUTO+VIS;Barreira posicionada;Falta frontal e lateral.;distância bola-barreira;Distância regulamentar visual e jogadores não sobrepostos.;PENDENTE 2.5D;AUDITORIA 650;True;PENDENTE;;;evidence/4_Bola_e_rein_cios/BOL-048/;;
BOL-049;4. Bola e reinícios;P1;DIR;Escolha entre chute e passe;Distância curta, média e longa.;trace de decisão;Decisão responde a ângulo, distância, atributo e estado do jogo.;PENDENTE 2.5D;AUDITORIA 650;True;PENDENTE;;;evidence/4_Bola_e_rein_cios/BOL-049/;;
BOL-050;4. Bola e reinícios;P0;DIR;Trajetória da falta direta;Cobrança por cima e ao redor da barreira.;curva 3D projetada;"Arco e curva contínuos; bola não atravessa barreira.";PENDENTE 2.5D;AUDITORIA 650;True;PENDENTE;;;evidence/4_Bola_e_rein_cios/BOL-050/;;
BOL-051;4. Bola e reinícios;P1;VIS;Reação da barreira;Chute direto.;clipe em 0,5x;Jogadores saltam/reagem no momento da cobrança, sem antecipação grosseira.;PENDENTE 2.5D;AUDITORIA 650;True;PENDENTE;;;evidence/4_Bola_e_rein_cios/BOL-051/;;
BOL-052;4. Bola e reinícios;P1;DIR;Segunda bola de falta;Defesa rebate para a entrada da área.;vídeo pós-rebote;Jogo continua com bola livre e reorganização real.;PENDENTE 2.5D;AUDITORIA 650;True;PENDENTE;;;evidence/4_Bola_e_rein_cios/BOL-052/;;
BOL-053;4. Bola e reinícios;P1;DIR;Falta ofensiva em bola parada;Atacante comete infração na disputa.;evento e reinício;"Ataque perde a posse; gol subsequente é anulado se aplicável.";PENDENTE 2.5D;AUDITORIA 650;True;PENDENTE;;;evidence/4_Bola_e_rein_cios/BOL-053/;;
BOL-054;4. Bola e reinícios;P0;VIS;Câmera unificada de pênalti;Gerar pênalti durante partida.;vídeo da transição;Cena usa palco 2.5D e mantém identidade visual do jogo.;PENDENTE 2.5D;AUDITORIA 650;True;PENDENTE;;;evidence/4_Bola_e_rein_cios/BOL-054/;;
BOL-055;4. Bola e reinícios;P0;AUTO+VIS;Posicionamento pré-cobrança;Batedor, goleiro e demais atletas.;mapa de posições;Todos ocupam posições legais sem sobreposição.;PENDENTE 2.5D;AUDITORIA 650;True;PENDENTE;;;evidence/4_Bola_e_rein_cios/BOL-055/;;
BOL-056;4. Bola e reinícios;P0;VIS;Contato do chute no pênalti;Cobrança em diferentes lados.;frame do contato;Bola sai no contato do pé e não teleporta.;PENDENTE 2.5D;AUDITORIA 650;True;PENDENTE;;;evidence/4_Bola_e_rein_cios/BOL-056/;;
BOL-057;4. Bola e reinícios;P0;DIR;Mergulho do goleiro;Cobranças altas e baixas.;pose, sombra e ponto de defesa;Goleiro possui ação própria, alcança fisicamente ou é vencido.;PENDENTE 2.5D;AUDITORIA 650;True;PENDENTE;;;evidence/4_Bola_e_rein_cios/BOL-057/;;
BOL-058;4. Bola e reinícios;P0;DIR;Rebote de pênalti em jogo;Defesa ou trave em tempo normal.;vídeo pós-impacto;Bola segue viva e jogadores entram somente quando permitido.;PENDENTE 2.5D;AUDITORIA 650;True;PENDENTE;;;evidence/4_Bola_e_rein_cios/BOL-058/;;
BOL-059;4. Bola e reinícios;P0;AUTO;Encerramento na disputa por pênaltis;Cobrança defendida ou na trave.;estado da disputa;"Sem rebote jogável; placar de pênaltis atualiza uma vez.";PENDENTE 2.5D;AUDITORIA 650;True;PENDENTE;;;evidence/4_Bola_e_rein_cios/BOL-059/;;
BOL-060;4. Bola e reinícios;P0;AUTO;Ordem de batedores;Disputa chega a alternadas.;lista de batedores;Ordem válida, sem repetição antes de todos elegíveis cobrarem.;PENDENTE 2.5D;AUDITORIA 650;True;PENDENTE;;;evidence/4_Bola_e_rein_cios/BOL-060/;;
BOL-061;4. Bola e reinícios;P1;DIR;Saída inicial da partida;Início do primeiro tempo.;posições + primeiro toque;"Equipes em campos corretos; relógio inicia com a bola em jogo.";PENDENTE 2.5D;AUDITORIA 650;True;PENDENTE;;;evidence/4_Bola_e_rein_cios/BOL-061/;;
BOL-062;4. Bola e reinícios;P1;DIR;Saída do segundo tempo;Após intervalo.;posse e lados;Lados e equipe de saída obedecem regra definida.;PENDENTE 2.5D;AUDITORIA 650;True;PENDENTE;;;evidence/4_Bola_e_rein_cios/BOL-062/;;
BOL-063;4. Bola e reinícios;P0;DIR;Saída após gol;Após gol válido.;vídeo completo;"Equipe que sofreu reinicia; placar já atualizado; VFX não interfere.";PENDENTE 2.5D;AUDITORIA 650;True;PENDENTE;;;evidence/4_Bola_e_rein_cios/BOL-063/;;
BOL-064;4. Bola e reinícios;P1;VIS;Estrutura após saída;Passe para trás e pressão adversária.;clipe de 10 s;Linhas expandem gradualmente, sem corrida caótica ao mesmo ponto.;PENDENTE 2.5D;AUDITORIA 650;True;PENDENTE;;;evidence/4_Bola_e_rein_cios/BOL-064/;;
BOL-065;4. Bola e reinícios;P1;AUTO;Sem chute impossível da saída;Jogador tenta ação direta.;decisão e trajetória;"Ação respeita capacidade e regra; não gera atalho de gol recorrente.";PENDENTE 2.5D;AUDITORIA 650;True;PENDENTE;;;evidence/4_Bola_e_rein_cios/BOL-065/;;
BOL-066;4. Bola e reinícios;P1;DIR;Bola exatamente sobre a linha lateral;Centro da bola tangencia a linha.;coordenada subpixel;Permanece em jogo até cruzar integralmente o limite definido.;PENDENTE 2.5D;AUDITORIA 650;True;PENDENTE;;;evidence/4_Bola_e_rein_cios/BOL-066/;;
BOL-067;4. Bola e reinícios;P1;DIR;Bola exatamente sobre a linha de fundo;Centro da bola tangencia a linha.;coordenada subpixel;Permanece em jogo até cruzar integralmente.;PENDENTE 2.5D;AUDITORIA 650;True;PENDENTE;;;evidence/4_Bola_e_rein_cios/BOL-067/;;
BOL-068;4. Bola e reinícios;P0;DIR;Saída no encontro lateral/linha de fundo;Bola cruza próximo à bandeirinha.;trajeto + último toque;Classificação usa o primeiro limite cruzado e último toque.;PENDENTE 2.5D;AUDITORIA 650;True;PENDENTE;;;evidence/4_Bola_e_rein_cios/BOL-068/;;
BOL-069;4. Bola e reinícios;P0;DIR;Desvio múltiplo antes da saída;Bola toca em três atletas.;cadeia de contatos;Último contato válido define a reposição.;PENDENTE 2.5D;AUDITORIA 650;True;PENDENTE;;;evidence/4_Bola_e_rein_cios/BOL-069/;;
BOL-070;4. Bola e reinícios;P0;DIR;Bola fora durante vantagem;Falta ocorre e bola sai logo depois.;timeline da vantagem;Motor decide falta ou reposição uma vez, sem eventos concorrentes.;PENDENTE 2.5D;AUDITORIA 650;True;PENDENTE;;;evidence/4_Bola_e_rein_cios/BOL-070/;;
IA-001;5. IA tática;P0;AUTO+VIS;Compactação vertical do bloco;Ataque circula da defesa ao terço final.;distância entre linhas;Bloco ajusta profundidade sem buracos sistemáticos acima de 18 m entre linhas adjacentes.;BASELINE R13.0;AUDITORIA 650;True;PENDENTE;;;evidence/5_IA_t_tica/IA-001/;;
IA-002;5. IA tática;P0;AUTO+VIS;Compactação horizontal;Bola alterna entre corredor esquerdo, centro e direito.;largura das linhas;Equipe desliza para o lado da bola e mantém lado oposto protegido por dentro.;PENDENTE 2.5D;AUDITORIA 650;True;PENDENTE;;;evidence/5_IA_t_tica/IA-002/;;
IA-003;5. IA tática;P0;AUTO;Linha defensiva coordenada;Passador rival sob e sem pressão.;amplitude de profundidade;"Linha sobe/recua em conjunto; taxa de desconexão dentro do gate.";BASELINE R13.0;AUDITORIA 650;True;PENDENTE;;;evidence/5_IA_t_tica/IA-003/;;
IA-004;5. IA tática;P0;AUTO+VIS;Lateral acompanha a linha;Bola no lado oposto e atacante aberto.;profundidade do lateral;Não mantém atacante em condição por atraso recorrente sem motivo.;PENDENTE 2.5D;AUDITORIA 650;True;PENDENTE;;;evidence/5_IA_t_tica/IA-004/;;
IA-005;5. IA tática;P0;AUTO+VIS;Volante protege zona central;Zagueiro sai para pressionar.;ocupação da zona abandonada;Volante ou defensor cobre a zona antes de o rival explorar o corredor central.;PENDENTE 2.5D;AUDITORIA 650;True;PENDENTE;;;evidence/5_IA_t_tica/IA-005/;;
IA-006;5. IA tática;P1;DIR;Ponta acompanha lateral;Lateral adversário ultrapassa.;vídeo + referência;"Ponta reage conforme estilo/mentalidade; ausência de acompanhamento deve gerar compensação.";PENDENTE 2.5D;AUDITORIA 650;True;PENDENTE;;;evidence/5_IA_t_tica/IA-006/;;
IA-007;5. IA tática;P1;AUTO+VIS;Lado oposto fecha por dentro;Ataque progride pelo corredor lateral.;posições do lado fraco;Extremo e lateral opostos estreitam sem abandonar completamente a largura.;PENDENTE 2.5D;AUDITORIA 650;True;PENDENTE;;;evidence/5_IA_t_tica/IA-007/;;
IA-008;5. IA tática;P0;AUTO;Defesa de descanso;Ataque posiciona muitos jogadores à frente.;quantidade e posição atrás da bola;Mantém proteção mínima coerente com mentalidade.;PENDENTE 2.5D;AUDITORIA 650;True;PENDENTE;;;evidence/5_IA_t_tica/IA-008/;;
IA-009;5. IA tática;P0;DIR;Linha de cinco temporária;Adversário ocupa última linha com quatro atacantes.;mudança estrutural;Volante/lateral recua por ocupação espacial, não por nome da formação.;PENDENTE 2.5D;AUDITORIA 650;True;PENDENTE;;;evidence/5_IA_t_tica/IA-009/;;
IA-010;5. IA tática;P1;DIR;Retorno à estrutura-base;Sobrecarga adversária termina.;timeline estrutural;Equipe desfaz linha de cinco gradualmente e sem trocar IDs de forma errada.;PENDENTE 2.5D;AUDITORIA 650;True;PENDENTE;;;evidence/5_IA_t_tica/IA-010/;;
IA-011;5. IA tática;P0;AUTO+VIS;Proteção do corredor central;Rival possui dois meias entrelinhas.;mapa de sombras de passe;Ao menos um volante ou zagueiro controla a zona e linha de passe.;PENDENTE 2.5D;AUDITORIA 650;True;PENDENTE;;;evidence/5_IA_t_tica/IA-011/;;
IA-012;5. IA tática;P0;DIR;Proteção do corredor lateral;Rival cria 2x1 contra lateral.;vídeo + distâncias;Cobertura chega por ponta, volante ou zagueiro antes de cruzamento livre recorrente.;PENDENTE 2.5D;AUDITORIA 650;True;PENDENTE;;;evidence/5_IA_t_tica/IA-012/;;
IA-013;5. IA tática;P1;DIR;Proteção da entrada da área;Cruzamento é cortado parcialmente.;ocupação após corte;Defesa mantém jogador para segunda bola.;PENDENTE 2.5D;AUDITORIA 650;True;PENDENTE;;;evidence/5_IA_t_tica/IA-013/;;
IA-014;5. IA tática;P0;AUTO+VIS;Recuo diante de corrida nas costas;Atacante acelera e passador tem tempo.;profundidade da linha;Linha recua proporcionalmente antes do passe, sem recuo infinito.;PENDENTE 2.5D;AUDITORIA 650;True;PENDENTE;;;evidence/5_IA_t_tica/IA-014/;;
IA-015;5. IA tática;P0;AUTO+VIS;Subida com passador pressionado;Passador rival de costas e sob pressão.;movimento da linha;Linha encurta em bloco e pode gerar impedimento orgânico.;BASELINE R13.0;AUDITORIA 650;True;PENDENTE;;;evidence/5_IA_t_tica/IA-015/;;
IA-016;5. IA tática;P1;AUTO;Escalonamento natural dos zagueiros;Bola em corredor lateral.;diferença de profundidade;Pequeno escalonamento, sem linha perfeitamente rígida nem buraco excessivo.;PENDENTE 2.5D;AUDITORIA 650;True;PENDENTE;;;evidence/5_IA_t_tica/IA-016/;;
IA-017;5. IA tática;P0;DIR;Cobertura do zagueiro que salta;Zagueiro pressiona entrelinhas.;mapa de posições;Parceiro e volante fecham profundidade e corredor do passe.;PENDENTE 2.5D;AUDITORIA 650;True;PENDENTE;;;evidence/5_IA_t_tica/IA-017/;;
IA-018;5. IA tática;P0;DIR;Proteção contra terceiro homem;Passe apoia e devolve em profundidade.;vídeo da sequência;Defesa acompanha a devolução e não persegue somente a bola.;PENDENTE 2.5D;AUDITORIA 650;True;PENDENTE;;;evidence/5_IA_t_tica/IA-018/;;
IA-019;5. IA tática;P1;AUTO+VIS;Reação a inversão longa;Bola muda de corredor em passe longo.;tempo de basculação;Bloco oposto reage antes da recepção ou dentro de 1,5 s lógicos.;PENDENTE 2.5D;AUDITORIA 650;True;PENDENTE;;;evidence/5_IA_t_tica/IA-019/;;
IA-020;5. IA tática;P0;DIR;Estrutura após bola parada;Escanteio ou falta é afastado.;mapa de recomposição;Papéis temporários desaparecem e linhas se reorganizam.;PENDENTE 2.5D;AUDITORIA 650;True;PENDENTE;;;evidence/5_IA_t_tica/IA-020/;;
IA-021;5. IA tática;P0;AUTO;Marcador a distância útil;Atacante recebe entrelinhas.;distância marcador-ameaça;Média dentro do gate e nenhuma associação acima de 20 m contada como cobertura.;BASELINE R13.0;AUDITORIA 650;True;PENDENTE;;;evidence/5_IA_t_tica/IA-021/;;
IA-022;5. IA tática;P0;AUTO;Marcador do lado do gol;Atacante central próximo à área.;posição relativa ao gol;Cobertura pelo lado do gol acima de 70% nas ameaças relevantes.;BASELINE R13.0;AUDITORIA 650;True;PENDENTE;;;evidence/5_IA_t_tica/IA-022/;;
IA-023;5. IA tática;P0;AUTO+VIS;Controle do corredor de passe;Atacante sem bola entre defensor e gol.;interseção defensor-linha de passe;Defensor reduz linha de passe mesmo sem colar no atacante.;PENDENTE 2.5D;AUDITORIA 650;True;PENDENTE;;;evidence/5_IA_t_tica/IA-023/;;
IA-024;5. IA tática;P0;DIR;Cobertura secundária;Primeiro marcador é driblado.;distância do segundo defensor;Segundo defensor entra em condição de intervenção sem abrir corredor central.;PENDENTE 2.5D;AUDITORIA 650;True;PENDENTE;;;evidence/5_IA_t_tica/IA-024/;;
IA-025;5. IA tática;P0;DIR;Transferência de marcação;Atacante cruza zonas lateral/central.;IDs de referência por tempo;Referência passa entre setores sem dois defensores perseguirem indefinidamente.;PENDENTE 2.5D;AUDITORIA 650;True;PENDENTE;;;evidence/5_IA_t_tica/IA-025/;;
IA-026;5. IA tática;P1;AUTO+VIS;Não seguir atacante irrelevante;Atacante recua para longe do gol.;movimento do defensor;Defensor preserva estrutura quando a perseguição criaria espaço perigoso.;PENDENTE 2.5D;AUDITORIA 650;True;PENDENTE;;;evidence/5_IA_t_tica/IA-026/;;
IA-027;5. IA tática;P0;DIR;Marcação de dois atacantes centrais;Dupla ocupa entre zagueiros e volantes.;mapa de coberturas;Ambos controlados por referências distintas ou zona compartilhada com sobra.;PENDENTE 2.5D;AUDITORIA 650;True;PENDENTE;;;evidence/5_IA_t_tica/IA-027/;;
IA-028;5. IA tática;P1;DIR;Marcação de ponta aberto;Ponta fixa amplitude.;posição lateral/zagueiro;Lateral controla distância e orientação sem abrir meio.;PENDENTE 2.5D;AUDITORIA 650;True;PENDENTE;;;evidence/5_IA_t_tica/IA-028/;;
IA-029;5. IA tática;P0;DIR;Marcação no segundo pau;Cruzamento vindo do lado oposto.;posição antes do cruzamento;Defensor do lado fraco acompanha atacante ou protege zona de finalização.;PENDENTE 2.5D;AUDITORIA 650;True;PENDENTE;;;evidence/5_IA_t_tica/IA-029/;;
IA-030;5. IA tática;P1;DIR;Marcação em rebote;Chute bloqueado volta à área.;reação após rebote;Defesa atualiza ameaça e não mantém referências antigas.;PENDENTE 2.5D;AUDITORIA 650;True;PENDENTE;;;evidence/5_IA_t_tica/IA-030/;;
IA-031;5. IA tática;P1;VIS;Marcação sem colisão de atletas;Dois defensores convergem.;vídeo próximo;Não ocupam exatamente o mesmo ponto por mais de 0,3 s.;PENDENTE 2.5D;AUDITORIA 650;True;PENDENTE;;;evidence/5_IA_t_tica/IA-031/;;
IA-032;5. IA tática;P1;AUTO;Sobra defensiva;Ataque possui igualdade numérica na última linha.;quantidade de defensores livres;Quando possível, um defensor preserva cobertura em vez de todos marcarem homem a homem.;PENDENTE 2.5D;AUDITORIA 650;True;PENDENTE;;;evidence/5_IA_t_tica/IA-032/;;
IA-033;5. IA tática;P1;DIR;Ameaça recém-entrada;Substituto entra e ocupa zona perigosa.;tempo para nova referência;IA reconhece e ajusta marcação em até 2 s lógicos.;PENDENTE 2.5D;AUDITORIA 650;True;PENDENTE;;;evidence/5_IA_t_tica/IA-033/;;
IA-034;5. IA tática;P0;DIR;Troca de posição ofensiva;Ponta e meia trocam corredores.;transferência de referências;Defesa reage à posição real, não ao rótulo original.;PENDENTE 2.5D;AUDITORIA 650;True;PENDENTE;;;evidence/5_IA_t_tica/IA-034/;;
IA-035;5. IA tática;P0;AUTO+VIS;Sobrecarga 4-2-4 por ocupação;Quatro atacantes ocupam última linha.;taxa de ameaça descoberta;Resposta ocorre sem condição hard-coded e taxa permanece dentro do gate.;BASELINE R13.0;AUDITORIA 650;True;PENDENTE;;;evidence/5_IA_t_tica/IA-035/;;
IA-036;5. IA tática;P1;DIR;Gatilho por passe para trás;Rival recua ao zagueiro.;timeline do pressionador;Pressão aumenta conforme estilo e distância, sem todos abandonarem zonas.;PENDENTE 2.5D;AUDITORIA 650;True;PENDENTE;;;evidence/5_IA_t_tica/IA-036/;;
IA-037;5. IA tática;P0;DIR;Gatilho por domínio ruim;Receptor perde controle.;tempo de reação;Jogador próximo acelera e cobertura fecha passe seguinte.;PENDENTE 2.5D;AUDITORIA 650;True;PENDENTE;;;evidence/5_IA_t_tica/IA-037/;;
IA-038;5. IA tática;P0;DIR;Gatilho por recepção de costas;Meia recebe voltado para o próprio gol.;abordagem e sombra;Pressionador chega pelo lado correto e bloqueia giro/passe perigoso.;PENDENTE 2.5D;AUDITORIA 650;True;PENDENTE;;;evidence/5_IA_t_tica/IA-038/;;
IA-039;5. IA tática;P1;AUTO+VIS;Pressão orientada para lateral;Portador próximo ao corredor.;ângulo de abordagem;Abordagem usa linha lateral como defensor adicional.;PENDENTE 2.5D;AUDITORIA 650;True;PENDENTE;;;evidence/5_IA_t_tica/IA-039/;;
IA-040;5. IA tática;P0;AUTO;Segundo homem fecha passe;Primeiro jogador pressiona.;ocupação da linha de passe;Companheiro fecha opção curta em vez de atacar a mesma bola.;PENDENTE 2.5D;AUDITORIA 650;True;PENDENTE;;;evidence/5_IA_t_tica/IA-040/;;
IA-041;5. IA tática;P0;AUTO;Terceiro homem protege profundidade;Pressão alta com linha subida.;posição do terceiro defensor;Mantém proteção contra passe vertical.;PENDENTE 2.5D;AUDITORIA 650;True;PENDENTE;;;evidence/5_IA_t_tica/IA-041/;;
IA-042;5. IA tática;P0;DIR;Abandono da pressão vencida;Rival rompe primeira linha.;mudança de fase;"Equipe recua e reorganiza; não persegue em fila.";PENDENTE 2.5D;AUDITORIA 650;True;PENDENTE;;;evidence/5_IA_t_tica/IA-042/;;
IA-043;5. IA tática;P1;AUTO;Intensidade coerente com estilo;Comparar pressão, equilibrado e bloco baixo.;ações de pressão por zona;"Pressão alta pressiona mais no campo rival; bloco baixo concentra no próprio terço.";BASELINE R13.0;AUDITORIA 650;True;PENDENTE;;;evidence/5_IA_t_tica/IA-043/;;
IA-044;5. IA tática;P1;AUTO+VIS;Pressão sem stamina infinita;Sequência longa de posse rival.;velocidade e frequência ao longo do tempo;Intensidade varia e não permanece máxima continuamente.;PENDENTE 2.5D;AUDITORIA 650;True;PENDENTE;;;evidence/5_IA_t_tica/IA-044/;;
IA-045;5. IA tática;P1;DIR;Pressão após saída de meta;Rival escolhe passe curto.;mapa de encaixes;Atacantes fecham opções proporcionalmente, sem teleporte de estrutura.;PENDENTE 2.5D;AUDITORIA 650;True;PENDENTE;;;evidence/5_IA_t_tica/IA-045/;;
IA-046;5. IA tática;P1;AUTO+VIS;Amplitude na construção;Posse com zagueiros.;largura de laterais/pontas;Equipe abre o campo conforme formação e estilo.;PENDENTE 2.5D;AUDITORIA 650;True;PENDENTE;;;evidence/5_IA_t_tica/IA-046/;;
IA-047;5. IA tática;P0;AUTO;Apoio curto ao portador;Portador sem opção frontal.;número de linhas de passe próximas;Ao menos uma opção de apoio aparece sem amontoamento.;PENDENTE 2.5D;AUDITORIA 650;True;PENDENTE;;;evidence/5_IA_t_tica/IA-047/;;
IA-048;5. IA tática;P1;AUTO+VIS;Ocupação entrelinhas;Meias atacam espaço entre meio e defesa.;mapa de recepções;Jogadores alternam altura e não formam uma única linha.;PENDENTE 2.5D;AUDITORIA 650;True;PENDENTE;;;evidence/5_IA_t_tica/IA-048/;;
IA-049;5. IA tática;P0;DIR;Ataque à profundidade;Passador tem tempo e atacante inicia corrida.;sincronia corrida/passe;Corrida começa antes do passe, podendo gerar condição ou impedimento orgânico.;PENDENTE 2.5D;AUDITORIA 650;True;PENDENTE;;;evidence/5_IA_t_tica/IA-049/;;
IA-050;5. IA tática;P1;DIR;Terceiro homem ofensivo;Apoio devolve para corredor livre.;sequência de três jogadores;Movimento do terceiro jogador cria linha real de progressão.;PENDENTE 2.5D;AUDITORIA 650;True;PENDENTE;;;evidence/5_IA_t_tica/IA-050/;;
IA-051;5. IA tática;P1;DIR;Inversão de corredor;Lado da bola está congestionado.;trace de decisão;IA considera lado oposto e executa passe viável, não giro instantâneo.;PENDENTE 2.5D;AUDITORIA 650;True;PENDENTE;;;evidence/5_IA_t_tica/IA-051/;;
IA-052;5. IA tática;P1;DIR;Ultrapassagem do lateral;Ponta recebe por dentro.;corrida sem bola;Lateral ataca corredor externo quando há cobertura.;PENDENTE 2.5D;AUDITORIA 650;True;PENDENTE;;;evidence/5_IA_t_tica/IA-052/;;
IA-053;5. IA tática;P1;DIR;Diagonal do ponta;Lateral mantém amplitude.;movimento ponta/lateral;Ponta ocupa meio espaço ou área sem colidir com centroavante.;PENDENTE 2.5D;AUDITORIA 650;True;PENDENTE;;;evidence/5_IA_t_tica/IA-053/;;
IA-054;5. IA tática;P0;AUTO;Presença na área proporcional;Ataque chega à linha de fundo.;contagem na área/defesa de descanso;Quantidade de atacantes responde à mentalidade sem abandonar totalmente a transição.;PENDENTE 2.5D;AUDITORIA 650;True;PENDENTE;;;evidence/5_IA_t_tica/IA-054/;;
IA-055;5. IA tática;P0;DIR;Escolha entre passe, cruzamento e chute;Portador no terço final com opções variadas.;scores de decisão;"Escolha reflete ângulo, pressão, companheiros e atributos; sem ação dominante fixa.";PENDENTE 2.5D;AUDITORIA 650;True;PENDENTE;;;evidence/5_IA_t_tica/IA-055/;;
IA-056;5. IA tática;P0;DIR;Primeiro passe após recuperação;Bola recuperada no próprio terço.;trace de opções;Pode assegurar posse ou acelerar conforme espaço e estilo.;PENDENTE 2.5D;AUDITORIA 650;True;PENDENTE;;;evidence/5_IA_t_tica/IA-056/;;
IA-057;5. IA tática;P1;AUTO+VIS;Corridas de apoio na transição;Recuperação com superioridade.;trajetórias de três jogadores;Portador recebe opções em largura, profundidade e apoio.;PENDENTE 2.5D;AUDITORIA 650;True;PENDENTE;;;evidence/5_IA_t_tica/IA-057/;;
IA-058;5. IA tática;P0;AUTO;Proteção contra contra-ataque;Equipe perde bola com laterais altos.;jogadores atrás da bola;Defesa de descanso fecha centro antes de perseguir portador.;PENDENTE 2.5D;AUDITORIA 650;True;PENDENTE;;;evidence/5_IA_t_tica/IA-058/;;
IA-059;5. IA tática;P1;DIR;Contra-pressão imediata;Perda no terço final.;ações nos primeiros 3 s;Jogadores próximos pressionam e outros protegem saídas.;PENDENTE 2.5D;AUDITORIA 650;True;PENDENTE;;;evidence/5_IA_t_tica/IA-059/;;
IA-060;5. IA tática;P0;DIR;Abandono da contra-pressão;Rival supera o primeiro cerco.;mudança de fase;"Equipe recua para bloco; não mantém perseguição caótica.";PENDENTE 2.5D;AUDITORIA 650;True;PENDENTE;;;evidence/5_IA_t_tica/IA-060/;;
IA-061;5. IA tática;P1;AUTO+VIS;Recomposição do lado oposto;Perda após inversão.;trajetória dos jogadores distantes;Lado fraco fecha por dentro e protege profundidade.;PENDENTE 2.5D;AUDITORIA 650;True;PENDENTE;;;evidence/5_IA_t_tica/IA-061/;;
IA-062;5. IA tática;P0;DIR;Decisão do portador no contra-ataque;Portador com 2x2 e 3x2.;trace da decisão;Conduz, passa ou finaliza conforme vantagem real.;PENDENTE 2.5D;AUDITORIA 650;True;PENDENTE;;;evidence/5_IA_t_tica/IA-062/;;
IA-063;5. IA tática;P0;DIR;Temporização defensiva;Defensor isolado contra dois atacantes.;movimento do defensor;Recua e fecha linha de passe até chegada de cobertura, em vez de bote suicida recorrente.;PENDENTE 2.5D;AUDITORIA 650;True;PENDENTE;;;evidence/5_IA_t_tica/IA-063/;;
IA-064;5. IA tática;P1;AUTO;Retorno de atacantes;Perda prolongada.;distância percorrida na recomposição;"Atacantes retornam conforme função e estilo; ninguém fica permanentemente desligado.";PENDENTE 2.5D;AUDITORIA 650;True;PENDENTE;;;evidence/5_IA_t_tica/IA-064/;;
IA-065;5. IA tática;P1;DIR;Transição após defesa do goleiro;Goleiro encaixa e vê espaço.;decisão de distribuição;Pode acelerar com lançamento ou esperar reorganização.;PENDENTE 2.5D;AUDITORIA 650;True;PENDENTE;;;evidence/5_IA_t_tica/IA-065/;;
IA-066;5. IA tática;P1;AUTO+VIS;Resposta a vantagem no placar;IA vence após 70 minutos.;mudança de risco/estrutura;Reduz risco de forma gradual, sem parar de atacar completamente.;PENDENTE 2.5D;AUDITORIA 650;True;PENDENTE;;;evidence/5_IA_t_tica/IA-066/;;
IA-067;5. IA tática;P0;AUTO+VIS;Resposta a desvantagem;IA perde após 70 minutos.;mudança de presença ofensiva;Aumenta risco e presença sem desmontar toda a defesa.;PENDENTE 2.5D;AUDITORIA 650;True;PENDENTE;;;evidence/5_IA_t_tica/IA-067/;;
IA-068;5. IA tática;P0;DIR;Resposta a expulsão própria;Equipe fica com dez.;nova estrutura;Reorganiza funções e preserva zonas essenciais.;PENDENTE 2.5D;AUDITORIA 650;True;PENDENTE;;;evidence/5_IA_t_tica/IA-068/;;
IA-069;5. IA tática;P1;DIR;Resposta a expulsão adversária;Rival fica com dez.;ocupação territorial;Explora superioridade sem criar regra de gol artificial.;PENDENTE 2.5D;AUDITORIA 650;True;PENDENTE;;;evidence/5_IA_t_tica/IA-069/;;
IA-070;5. IA tática;P1;DIR;Resposta a lesão/substituição;Jogador-chave sai.;redistribuição de funções;"Novo jogador assume função compatível; equipe não mantém referência inexistente.";PENDENTE 2.5D;AUDITORIA 650;True;PENDENTE;;;evidence/5_IA_t_tica/IA-070/;;
IA-071;5. IA tática;P0;DIR;Resposta a mudança de formação rival;Usuário troca 4-3-3 para 4-2-4.;ajuste espacial da IA;IA reage à nova ocupação, não ao nome do esquema.;PENDENTE 2.5D;AUDITORIA 650;True;PENDENTE;;;evidence/5_IA_t_tica/IA-071/;;
IA-072;5. IA tática;P1;DIR;Resposta a sobrecarga lateral repetida;Rival ataca o mesmo lado três vezes.;ajustes de cobertura;IA aumenta proteção local sem abandonar lado oposto por completo.;PENDENTE 2.5D;AUDITORIA 650;True;PENDENTE;;;evidence/5_IA_t_tica/IA-072/;;
IA-073;5. IA tática;P1;DIR;Resposta a bola longa repetida;Rival usa lançamentos nas costas.;profundidade e pressão no passador;Linha recua ou pressiona origem, reduzindo repetição do mesmo dano.;PENDENTE 2.5D;AUDITORIA 650;True;PENDENTE;;;evidence/5_IA_t_tica/IA-073/;;
IA-074;5. IA tática;P1;DIR;Resposta a bloco baixo rival;Rival fecha área.;circulação e largura;"IA amplia, troca corredor e busca entrelinhas; não chuta de qualquer lugar sempre.";PENDENTE 2.5D;AUDITORIA 650;True;PENDENTE;;;evidence/5_IA_t_tica/IA-074/;;
IA-075;5. IA tática;P0;DIR;Resposta a pressão alta rival;Saída curta é bloqueada.;decisão de saída;Alterna apoio, terceiro homem ou jogo direto conforme risco.;PENDENTE 2.5D;AUDITORIA 650;True;PENDENTE;;;evidence/5_IA_t_tica/IA-075/;;
IA-076;5. IA tática;P0;AUTO;Ausência de ação impossível;Amostrar todas as decisões em 200 jogos.;lista de decisões sem caminho físico;Zero passe/chute/interceptação sem trajetória ou alcance válido.;PENDENTE 2.5D;AUDITORIA 650;True;PENDENTE;;;evidence/5_IA_t_tica/IA-076/;;
IA-077;5. IA tática;P0;AUTO;Ausência de ação dominante;Comparar distribuição de ações por zona.;histograma de decisões;Nenhuma ação concentra participação anormal sem justificativa tática.;PENDENTE 2.5D;AUDITORIA 650;True;PENDENTE;;;evidence/5_IA_t_tica/IA-077/;;
IA-078;5. IA tática;P1;AUTO;Atributos influenciam sem determinar;Comparar atleta alto e baixo atributo em cenário igual.;probabilidades e resultados;Melhor atleta tem vantagem estatística, mas não sucesso garantido.;PENDENTE 2.5D;AUDITORIA 650;True;PENDENTE;;;evidence/5_IA_t_tica/IA-078/;;
IA-079;5. IA tática;P0;DIR;Contexto supera rótulo;Trocar posição nominal mantendo mesma ocupação física.;decisões comparadas;IA responde à geometria, não apenas ao nome da posição/formação.;PENDENTE 2.5D;AUDITORIA 650;True;PENDENTE;;;evidence/5_IA_t_tica/IA-079/;;
IA-080;5. IA tática;P1;AUTO;Explicabilidade de decisão crítica;Registrar chute, passe-chave, bote e saída do goleiro.;trace com fatores e pontuações;Cada decisão crítica apresenta fatores suficientes para reprodução e diagnóstico.;PENDENTE 2.5D;AUDITORIA 650;True;PENDENTE;;;evidence/5_IA_t_tica/IA-080/;;
FOR-001;6. Formações e estilos;P0;AUTO+VIS;3-4-3: estrutura-base;Iniciar partida neutra com atletas de laboratório e observar posse, defesa e reinícios.;mapas médios de posição + vídeo;Onze atletas ocupam funções distintas, sem amontoamento sistemático ou posição fora do campo.;BASELINE R13.0;AUDITORIA 650;True;PENDENTE;;;evidence/6_Forma_es_e_estilos/FOR-001/;;
FOR-002;6. Formações e estilos;P0;AUTO;3-4-3: transições e equilíbrio;Executar mandos espelhados e duas seeds contra todas as demais formações.;PPG, saldo, ameaças e transições;"Nenhuma dominância fora dos limites; transições preservam cobertura compatível com o desenho.";BASELINE R13.0;AUDITORIA 650;True;PENDENTE;;;evidence/6_Forma_es_e_estilos/FOR-002/;;
FOR-003;6. Formações e estilos;P0;AUTO+VIS;4-2-4: estrutura-base;Iniciar partida neutra com atletas de laboratório e observar posse, defesa e reinícios.;mapas médios de posição + vídeo;Onze atletas ocupam funções distintas, sem amontoamento sistemático ou posição fora do campo.;BASELINE R13.0;AUDITORIA 650;True;PENDENTE;;;evidence/6_Forma_es_e_estilos/FOR-003/;;
FOR-004;6. Formações e estilos;P0;AUTO;4-2-4: transições e equilíbrio;Executar mandos espelhados e duas seeds contra todas as demais formações.;PPG, saldo, ameaças e transições;"Nenhuma dominância fora dos limites; transições preservam cobertura compatível com o desenho.";BASELINE R13.0;AUDITORIA 650;True;PENDENTE;;;evidence/6_Forma_es_e_estilos/FOR-004/;;
FOR-005;6. Formações e estilos;P1;AUTO+VIS;4-5-1: estrutura-base;Iniciar partida neutra com atletas de laboratório e observar posse, defesa e reinícios.;mapas médios de posição + vídeo;Onze atletas ocupam funções distintas, sem amontoamento sistemático ou posição fora do campo.;BASELINE R13.0;AUDITORIA 650;True;PENDENTE;;;evidence/6_Forma_es_e_estilos/FOR-005/;;
FOR-006;6. Formações e estilos;P0;AUTO;4-5-1: transições e equilíbrio;Executar mandos espelhados e duas seeds contra todas as demais formações.;PPG, saldo, ameaças e transições;"Nenhuma dominância fora dos limites; transições preservam cobertura compatível com o desenho.";BASELINE R13.0;AUDITORIA 650;True;PENDENTE;;;evidence/6_Forma_es_e_estilos/FOR-006/;;
FOR-007;6. Formações e estilos;P1;AUTO+VIS;3-5-2: estrutura-base;Iniciar partida neutra com atletas de laboratório e observar posse, defesa e reinícios.;mapas médios de posição + vídeo;Onze atletas ocupam funções distintas, sem amontoamento sistemático ou posição fora do campo.;BASELINE R13.0;AUDITORIA 650;True;PENDENTE;;;evidence/6_Forma_es_e_estilos/FOR-007/;;
FOR-008;6. Formações e estilos;P0;AUTO;3-5-2: transições e equilíbrio;Executar mandos espelhados e duas seeds contra todas as demais formações.;PPG, saldo, ameaças e transições;"Nenhuma dominância fora dos limites; transições preservam cobertura compatível com o desenho.";BASELINE R13.0;AUDITORIA 650;True;PENDENTE;;;evidence/6_Forma_es_e_estilos/FOR-008/;;
FOR-009;6. Formações e estilos;P1;AUTO+VIS;5-2-3: estrutura-base;Iniciar partida neutra com atletas de laboratório e observar posse, defesa e reinícios.;mapas médios de posição + vídeo;Onze atletas ocupam funções distintas, sem amontoamento sistemático ou posição fora do campo.;BASELINE R13.0;AUDITORIA 650;True;PENDENTE;;;evidence/6_Forma_es_e_estilos/FOR-009/;;
FOR-010;6. Formações e estilos;P0;AUTO;5-2-3: transições e equilíbrio;Executar mandos espelhados e duas seeds contra todas as demais formações.;PPG, saldo, ameaças e transições;"Nenhuma dominância fora dos limites; transições preservam cobertura compatível com o desenho.";BASELINE R13.0;AUDITORIA 650;True;PENDENTE;;;evidence/6_Forma_es_e_estilos/FOR-010/;;
FOR-011;6. Formações e estilos;P1;AUTO+VIS;4-1-2-1-2: estrutura-base;Iniciar partida neutra com atletas de laboratório e observar posse, defesa e reinícios.;mapas médios de posição + vídeo;Onze atletas ocupam funções distintas, sem amontoamento sistemático ou posição fora do campo.;BASELINE R13.0;AUDITORIA 650;True;PENDENTE;;;evidence/6_Forma_es_e_estilos/FOR-011/;;
FOR-012;6. Formações e estilos;P0;AUTO;4-1-2-1-2: transições e equilíbrio;Executar mandos espelhados e duas seeds contra todas as demais formações.;PPG, saldo, ameaças e transições;"Nenhuma dominância fora dos limites; transições preservam cobertura compatível com o desenho.";BASELINE R13.0;AUDITORIA 650;True;PENDENTE;;;evidence/6_Forma_es_e_estilos/FOR-012/;;
FOR-013;6. Formações e estilos;P1;AUTO+VIS;4-3-3: estrutura-base;Iniciar partida neutra com atletas de laboratório e observar posse, defesa e reinícios.;mapas médios de posição + vídeo;Onze atletas ocupam funções distintas, sem amontoamento sistemático ou posição fora do campo.;BASELINE R13.0;AUDITORIA 650;True;PENDENTE;;;evidence/6_Forma_es_e_estilos/FOR-013/;;
FOR-014;6. Formações e estilos;P0;AUTO;4-3-3: transições e equilíbrio;Executar mandos espelhados e duas seeds contra todas as demais formações.;PPG, saldo, ameaças e transições;"Nenhuma dominância fora dos limites; transições preservam cobertura compatível com o desenho.";BASELINE R13.0;AUDITORIA 650;True;PENDENTE;;;evidence/6_Forma_es_e_estilos/FOR-014/;;
FOR-015;6. Formações e estilos;P1;AUTO+VIS;3-1-4-2: estrutura-base;Iniciar partida neutra com atletas de laboratório e observar posse, defesa e reinícios.;mapas médios de posição + vídeo;Onze atletas ocupam funções distintas, sem amontoamento sistemático ou posição fora do campo.;BASELINE R13.0;AUDITORIA 650;True;PENDENTE;;;evidence/6_Forma_es_e_estilos/FOR-015/;;
FOR-016;6. Formações e estilos;P0;AUTO;3-1-4-2: transições e equilíbrio;Executar mandos espelhados e duas seeds contra todas as demais formações.;PPG, saldo, ameaças e transições;"Nenhuma dominância fora dos limites; transições preservam cobertura compatível com o desenho.";BASELINE R13.0;AUDITORIA 650;True;PENDENTE;;;evidence/6_Forma_es_e_estilos/FOR-016/;;
FOR-017;6. Formações e estilos;P1;AUTO+VIS;4-4-2: estrutura-base;Iniciar partida neutra com atletas de laboratório e observar posse, defesa e reinícios.;mapas médios de posição + vídeo;Onze atletas ocupam funções distintas, sem amontoamento sistemático ou posição fora do campo.;BASELINE R13.0;AUDITORIA 650;True;PENDENTE;;;evidence/6_Forma_es_e_estilos/FOR-017/;;
FOR-018;6. Formações e estilos;P0;AUTO;4-4-2: transições e equilíbrio;Executar mandos espelhados e duas seeds contra todas as demais formações.;PPG, saldo, ameaças e transições;"Nenhuma dominância fora dos limites; transições preservam cobertura compatível com o desenho.";BASELINE R13.0;AUDITORIA 650;True;PENDENTE;;;evidence/6_Forma_es_e_estilos/FOR-018/;;
FOR-019;6. Formações e estilos;P1;AUTO+VIS;4-1-4-1: estrutura-base;Iniciar partida neutra com atletas de laboratório e observar posse, defesa e reinícios.;mapas médios de posição + vídeo;Onze atletas ocupam funções distintas, sem amontoamento sistemático ou posição fora do campo.;BASELINE R13.0;AUDITORIA 650;True;PENDENTE;;;evidence/6_Forma_es_e_estilos/FOR-019/;;
FOR-020;6. Formações e estilos;P0;AUTO;4-1-4-1: transições e equilíbrio;Executar mandos espelhados e duas seeds contra todas as demais formações.;PPG, saldo, ameaças e transições;"Nenhuma dominância fora dos limites; transições preservam cobertura compatível com o desenho.";BASELINE R13.0;AUDITORIA 650;True;PENDENTE;;;evidence/6_Forma_es_e_estilos/FOR-020/;;
FOR-021;6. Formações e estilos;P1;AUTO+VIS;4-3-1-2: estrutura-base;Iniciar partida neutra com atletas de laboratório e observar posse, defesa e reinícios.;mapas médios de posição + vídeo;Onze atletas ocupam funções distintas, sem amontoamento sistemático ou posição fora do campo.;BASELINE R13.0;AUDITORIA 650;True;PENDENTE;;;evidence/6_Forma_es_e_estilos/FOR-021/;;
FOR-022;6. Formações e estilos;P0;AUTO;4-3-1-2: transições e equilíbrio;Executar mandos espelhados e duas seeds contra todas as demais formações.;PPG, saldo, ameaças e transições;"Nenhuma dominância fora dos limites; transições preservam cobertura compatível com o desenho.";BASELINE R13.0;AUDITORIA 650;True;PENDENTE;;;evidence/6_Forma_es_e_estilos/FOR-022/;;
FOR-023;6. Formações e estilos;P1;AUTO+VIS;4-2-2-2: estrutura-base;Iniciar partida neutra com atletas de laboratório e observar posse, defesa e reinícios.;mapas médios de posição + vídeo;Onze atletas ocupam funções distintas, sem amontoamento sistemático ou posição fora do campo.;BASELINE R13.0;AUDITORIA 650;True;PENDENTE;;;evidence/6_Forma_es_e_estilos/FOR-023/;;
FOR-024;6. Formações e estilos;P0;AUTO;4-2-2-2: transições e equilíbrio;Executar mandos espelhados e duas seeds contra todas as demais formações.;PPG, saldo, ameaças e transições;"Nenhuma dominância fora dos limites; transições preservam cobertura compatível com o desenho.";BASELINE R13.0;AUDITORIA 650;True;PENDENTE;;;evidence/6_Forma_es_e_estilos/FOR-024/;;
FOR-025;6. Formações e estilos;P1;AUTO+VIS;5-3-2: estrutura-base;Iniciar partida neutra com atletas de laboratório e observar posse, defesa e reinícios.;mapas médios de posição + vídeo;Onze atletas ocupam funções distintas, sem amontoamento sistemático ou posição fora do campo.;BASELINE R13.0;AUDITORIA 650;True;PENDENTE;;;evidence/6_Forma_es_e_estilos/FOR-025/;;
FOR-026;6. Formações e estilos;P0;AUTO;5-3-2: transições e equilíbrio;Executar mandos espelhados e duas seeds contra todas as demais formações.;PPG, saldo, ameaças e transições;"Nenhuma dominância fora dos limites; transições preservam cobertura compatível com o desenho.";BASELINE R13.0;AUDITORIA 650;True;PENDENTE;;;evidence/6_Forma_es_e_estilos/FOR-026/;;
FOR-027;6. Formações e estilos;P1;AUTO+VIS;4-3-2-1: estrutura-base;Iniciar partida neutra com atletas de laboratório e observar posse, defesa e reinícios.;mapas médios de posição + vídeo;Onze atletas ocupam funções distintas, sem amontoamento sistemático ou posição fora do campo.;BASELINE R13.0;AUDITORIA 650;True;PENDENTE;;;evidence/6_Forma_es_e_estilos/FOR-027/;;
FOR-028;6. Formações e estilos;P0;AUTO;4-3-2-1: transições e equilíbrio;Executar mandos espelhados e duas seeds contra todas as demais formações.;PPG, saldo, ameaças e transições;"Nenhuma dominância fora dos limites; transições preservam cobertura compatível com o desenho.";BASELINE R13.0;AUDITORIA 650;True;PENDENTE;;;evidence/6_Forma_es_e_estilos/FOR-028/;;
FOR-029;6. Formações e estilos;P1;AUTO+VIS;4-2-3-1: estrutura-base;Iniciar partida neutra com atletas de laboratório e observar posse, defesa e reinícios.;mapas médios de posição + vídeo;Onze atletas ocupam funções distintas, sem amontoamento sistemático ou posição fora do campo.;BASELINE R13.0;AUDITORIA 650;True;PENDENTE;;;evidence/6_Forma_es_e_estilos/FOR-029/;;
FOR-030;6. Formações e estilos;P0;AUTO;4-2-3-1: transições e equilíbrio;Executar mandos espelhados e duas seeds contra todas as demais formações.;PPG, saldo, ameaças e transições;"Nenhuma dominância fora dos limites; transições preservam cobertura compatível com o desenho.";BASELINE R13.0;AUDITORIA 650;True;PENDENTE;;;evidence/6_Forma_es_e_estilos/FOR-030/;;
FOR-031;6. Formações e estilos;P1;AUTO+VIS;3-4-2-1: estrutura-base;Iniciar partida neutra com atletas de laboratório e observar posse, defesa e reinícios.;mapas médios de posição + vídeo;Onze atletas ocupam funções distintas, sem amontoamento sistemático ou posição fora do campo.;BASELINE R13.0;AUDITORIA 650;True;PENDENTE;;;evidence/6_Forma_es_e_estilos/FOR-031/;;
FOR-032;6. Formações e estilos;P0;AUTO;3-4-2-1: transições e equilíbrio;Executar mandos espelhados e duas seeds contra todas as demais formações.;PPG, saldo, ameaças e transições;"Nenhuma dominância fora dos limites; transições preservam cobertura compatível com o desenho.";BASELINE R13.0;AUDITORIA 650;True;PENDENTE;;;evidence/6_Forma_es_e_estilos/FOR-032/;;
FOR-033;6. Formações e estilos;P0;AUTO+VIS;5-4-1: estrutura-base;Iniciar partida neutra com atletas de laboratório e observar posse, defesa e reinícios.;mapas médios de posição + vídeo;Onze atletas ocupam funções distintas, sem amontoamento sistemático ou posição fora do campo.;BASELINE R13.0;AUDITORIA 650;True;PENDENTE;;;evidence/6_Forma_es_e_estilos/FOR-033/;;
FOR-034;6. Formações e estilos;P0;AUTO;5-4-1: transições e equilíbrio;Executar mandos espelhados e duas seeds contra todas as demais formações.;PPG, saldo, ameaças e transições;"Nenhuma dominância fora dos limites; transições preservam cobertura compatível com o desenho.";BASELINE R13.0;AUDITORIA 650;True;PENDENTE;;;evidence/6_Forma_es_e_estilos/FOR-034/;;
FOR-035;6. Formações e estilos;P1;AUTO+PAINEL;Equilibrado: identidade observável;"Comparar 28 aparições neutras e clipes cegos; identidade esperada: alternância razoável entre circulação, pressão e proteção.";métricas por zona + avaliação humana;Métricas e observação distinguem o estilo sem regra direta de placar.;BASELINE R13.0;AUDITORIA 650;True;PENDENTE;;;evidence/6_Forma_es_e_estilos/FOR-035/;;
FOR-036;6. Formações e estilos;P0;AUTO;Equilibrado: ausência de dominância;Executar todos contra todos com 4-3-3 neutro.;PPG, saldo, chutes, passes e corners;Faixa de PPG <=0,75 e saldo absoluto <=0,65 gol/jogo.;BASELINE R13.0;AUDITORIA 650;True;PENDENTE;;;evidence/6_Forma_es_e_estilos/FOR-036/;;
FOR-037;6. Formações e estilos;P1;AUTO+PAINEL;Pressão: identidade observável;"Comparar 28 aparições neutras e clipes cegos; identidade esperada: maior pressão no campo rival com cobertura.";métricas por zona + avaliação humana;Métricas e observação distinguem o estilo sem regra direta de placar.;BASELINE R13.0;AUDITORIA 650;True;PENDENTE;;;evidence/6_Forma_es_e_estilos/FOR-037/;;
FOR-038;6. Formações e estilos;P0;AUTO;Pressão: ausência de dominância;Executar todos contra todos com 4-3-3 neutro.;PPG, saldo, chutes, passes e corners;Faixa de PPG <=0,75 e saldo absoluto <=0,65 gol/jogo.;BASELINE R13.0;AUDITORIA 650;True;PENDENTE;;;evidence/6_Forma_es_e_estilos/FOR-038/;;
FOR-039;6. Formações e estilos;P1;AUTO+PAINEL;Direto: identidade observável;"Comparar 28 aparições neutras e clipes cegos; identidade esperada: menos circulação curta e mais jogo vertical.";métricas por zona + avaliação humana;Métricas e observação distinguem o estilo sem regra direta de placar.;BASELINE R13.0;AUDITORIA 650;True;PENDENTE;;;evidence/6_Forma_es_e_estilos/FOR-039/;;
FOR-040;6. Formações e estilos;P0;AUTO;Direto: ausência de dominância;Executar todos contra todos com 4-3-3 neutro.;PPG, saldo, chutes, passes e corners;Faixa de PPG <=0,75 e saldo absoluto <=0,65 gol/jogo.;BASELINE R13.0;AUDITORIA 650;True;PENDENTE;;;evidence/6_Forma_es_e_estilos/FOR-040/;;
FOR-041;6. Formações e estilos;P1;AUTO+PAINEL;Contra-ataque: identidade observável;"Comparar 28 aparições neutras e clipes cegos; identidade esperada: bloco preparado para acelerar após recuperação.";métricas por zona + avaliação humana;Métricas e observação distinguem o estilo sem regra direta de placar.;BASELINE R13.0;AUDITORIA 650;True;PENDENTE;;;evidence/6_Forma_es_e_estilos/FOR-041/;;
FOR-042;6. Formações e estilos;P0;AUTO;Contra-ataque: ausência de dominância;Executar todos contra todos com 4-3-3 neutro.;PPG, saldo, chutes, passes e corners;Faixa de PPG <=0,75 e saldo absoluto <=0,65 gol/jogo.;BASELINE R13.0;AUDITORIA 650;True;PENDENTE;;;evidence/6_Forma_es_e_estilos/FOR-042/;;
FOR-043;6. Formações e estilos;P1;AUTO+PAINEL;Bloco baixo: identidade observável;"Comparar 28 aparições neutras e clipes cegos; identidade esperada: menor volume ofensivo e proteção territorial.";métricas por zona + avaliação humana;Métricas e observação distinguem o estilo sem regra direta de placar.;BASELINE R13.0;AUDITORIA 650;True;PENDENTE;;;evidence/6_Forma_es_e_estilos/FOR-043/;;
FOR-044;6. Formações e estilos;P0;AUTO;Bloco baixo: ausência de dominância;Executar todos contra todos com 4-3-3 neutro.;PPG, saldo, chutes, passes e corners;Faixa de PPG <=0,75 e saldo absoluto <=0,65 gol/jogo.;BASELINE R13.0;AUDITORIA 650;True;PENDENTE;;;evidence/6_Forma_es_e_estilos/FOR-044/;;
FOR-045;6. Formações e estilos;P1;AUTO+PAINEL;Alas: identidade observável;"Comparar 28 aparições neutras e clipes cegos; identidade esperada: uso de amplitude e ultrapassagens.";métricas por zona + avaliação humana;Métricas e observação distinguem o estilo sem regra direta de placar.;BASELINE R13.0;AUDITORIA 650;True;PENDENTE;;;evidence/6_Forma_es_e_estilos/FOR-045/;;
FOR-046;6. Formações e estilos;P0;AUTO;Alas: ausência de dominância;Executar todos contra todos com 4-3-3 neutro.;PPG, saldo, chutes, passes e corners;Faixa de PPG <=0,75 e saldo absoluto <=0,65 gol/jogo.;BASELINE R13.0;AUDITORIA 650;True;PENDENTE;;;evidence/6_Forma_es_e_estilos/FOR-046/;;
FOR-047;6. Formações e estilos;P1;AUTO+PAINEL;Tiki: identidade observável;"Comparar 28 aparições neutras e clipes cegos; identidade esperada: circulação curta, apoios e paciência.";métricas por zona + avaliação humana;Métricas e observação distinguem o estilo sem regra direta de placar.;BASELINE R13.0;AUDITORIA 650;True;PENDENTE;;;evidence/6_Forma_es_e_estilos/FOR-047/;;
FOR-048;6. Formações e estilos;P0;AUTO;Tiki: ausência de dominância;Executar todos contra todos com 4-3-3 neutro.;PPG, saldo, chutes, passes e corners;Faixa de PPG <=0,75 e saldo absoluto <=0,65 gol/jogo.;BASELINE R13.0;AUDITORIA 650;True;PENDENTE;;;evidence/6_Forma_es_e_estilos/FOR-048/;;
FOR-049;6. Formações e estilos;P1;AUTO;Formação não substitui estilo;Comparar mesma formação com sete estilos.;matriz formação x estilo;Mudanças de estilo alteram comportamento sem invalidar estrutura-base.;PENDENTE 2.5D;AUDITORIA 650;True;PENDENTE;;;evidence/6_Forma_es_e_estilos/FOR-049/;;
FOR-050;6. Formações e estilos;P1;AUTO;Estilo não ignora formação;Comparar mesmo estilo nas 17 formações.;mapas médios;Identidade do estilo permanece, mas ocupação respeita o desenho.;PENDENTE 2.5D;AUDITORIA 650;True;PENDENTE;;;evidence/6_Forma_es_e_estilos/FOR-050/;;
FOR-051;6. Formações e estilos;P0;AUTO+VIS;4-2-4 ofensivo tem risco real;Usar mentalidade ofensiva contra bloco organizado.;presença ofensiva e transições sofridas;Cria sobrecarga, mas expõe espaços e não vira formação dominante.;PENDENTE 2.5D;AUDITORIA 650;True;PENDENTE;;;evidence/6_Forma_es_e_estilos/FOR-051/;;
FOR-052;6. Formações e estilos;P1;AUTO;5-4-1 não vira posse dominante;Usar bloco baixo e equilibrado.;posse territorial, passes e chutes;Produz menor volume contínuo e contra-ataques reconhecíveis.;PENDENTE 2.5D;AUDITORIA 650;True;PENDENTE;;;evidence/6_Forma_es_e_estilos/FOR-052/;;
FOR-053;6. Formações e estilos;P1;AUTO+VIS;Três zagueiros preservam largura;Testar 3-4-3, 3-5-2, 3-1-4-2 e 3-4-2-1.;mapas de alas/zagueiros;Alas oferecem largura e zagueiros cobrem corredor sem formar bloco amorfo.;PENDENTE 2.5D;AUDITORIA 650;True;PENDENTE;;;evidence/6_Forma_es_e_estilos/FOR-053/;;
FOR-054;6. Formações e estilos;P1;AUTO+VIS;Dois atacantes coordenam alturas;Testar formações com dupla de ataque.;distância e corridas da dupla;Atacantes alternam apoio/profundidade e não ocupam o mesmo ponto.;PENDENTE 2.5D;AUDITORIA 650;True;PENDENTE;;;evidence/6_Forma_es_e_estilos/FOR-054/;;
FOR-055;6. Formações e estilos;P0;DIR;Formação estreita protege largura;Testar 4-1-2-1-2 e 4-3-1-2 contra alas.;ajustes laterais e cobertura;Laterais/volantes compensam sem abrir corredor central completamente.;PENDENTE 2.5D;AUDITORIA 650;True;PENDENTE;;;evidence/6_Forma_es_e_estilos/FOR-055/;;
REG-001;7. Regras e goleiros;P0;DIR;Impedimento no instante do passe;Atacante cruza a linha antes e depois do passe.;frame do passe + penúltimo defensor;Decisão usa instante real do passe e parte válida do corpo definida.;BASELINE R13.0;AUDITORIA 650;True;PENDENTE;;;evidence/7_Regras_e_goleiros/REG-001/;;
REG-002;7. Regras e goleiros;P0;DIR;Atacante em posição legal por defensor atrasado;Um lateral mantém condição.;frame da linha;"Jogada segue; IA não usa linha média abstrata.";PENDENTE 2.5D;AUDITORIA 650;True;PENDENTE;;;evidence/7_Regras_e_goleiros/REG-002/;;
REG-003;7. Regras e goleiros;P0;DIR;Retorno de posição irregular;Atacante volta para receber.;posição no passe e toque;Impedimento marcado se participa após estar irregular.;PENDENTE 2.5D;AUDITORIA 650;True;PENDENTE;;;evidence/7_Regras_e_goleiros/REG-003/;;
REG-004;7. Regras e goleiros;P1;DIR;Jogador passivo em impedimento;Atacante irregular não interfere.;trajetória e participantes;Jogada segue conforme regra adotada.;PENDENTE 2.5D;AUDITORIA 650;True;PENDENTE;;;evidence/7_Regras_e_goleiros/REG-004/;;
REG-005;7. Regras e goleiros;P1;DIR;Impedimento em rebote do goleiro;Chute defendido volta a atacante irregular.;sequência de contatos;Decisão coerente com a regra implementada e documentada.;PENDENTE 2.5D;AUDITORIA 650;True;PENDENTE;;;evidence/7_Regras_e_goleiros/REG-005/;;
REG-006;7. Regras e goleiros;P0;AUTO;Frequência orgânica de impedimentos;Amostra diversa de 200 jogos.;média por partida;"Entre 0,5 e 4 impedimentos/jogo; referência R13 0,805.";BASELINE R13.0;AUDITORIA 650;True;PENDENTE;;;evidence/7_Regras_e_goleiros/REG-006/;;
REG-007;7. Regras e goleiros;P1;AUTO+VIS;Armadilha de impedimento contextual;Passador pressionado e linha compacta.;tentativas e resultados;"Tentativas surgem das condições; referência próxima de 3/jogo sem taxa absurda.";BASELINE R13.0;AUDITORIA 650;True;PENDENTE;;;evidence/7_Regras_e_goleiros/REG-007/;;
REG-008;7. Regras e goleiros;P0;DIR;Falta por contato real;Bote alcança corpo/perna antes da bola.;ponto e ordem de contatos;"Falta nasce do contato; sem apito por proximidade abstrata.";PENDENTE 2.5D;AUDITORIA 650;True;PENDENTE;;;evidence/7_Regras_e_goleiros/REG-008/;;
REG-009;7. Regras e goleiros;P0;DIR;Desarme limpo;Defensor toca a bola primeiro.;ordem dos contatos;"Jogo segue ou bola sai; falta não é marcada automaticamente.";PENDENTE 2.5D;AUDITORIA 650;True;PENDENTE;;;evidence/7_Regras_e_goleiros/REG-009/;;
REG-010;7. Regras e goleiros;P1;DIR;Vantagem;Falta ocorre mas ataque mantém oportunidade clara.;timeline de vantagem;Árbitro deixa seguir e volta à falta somente conforme regra definida.;PENDENTE 2.5D;AUDITORIA 650;True;PENDENTE;;;evidence/7_Regras_e_goleiros/REG-010/;;
REG-011;7. Regras e goleiros;P1;DIR;Fim da vantagem;Ataque perde benefício rapidamente.;tempo e reinício;Jogo retorna à falta uma vez, sem duplicar evento.;PENDENTE 2.5D;AUDITORIA 650;True;PENDENTE;;;evidence/7_Regras_e_goleiros/REG-011/;;
REG-012;7. Regras e goleiros;P1;AUTO;Cartão amarelo proporcional;Falta tática, dura e reincidente.;tipo de falta e sanção;"Sanção responde à gravidade/contexto; não é aleatória pura.";PENDENTE 2.5D;AUDITORIA 650;True;PENDENTE;;;evidence/7_Regras_e_goleiros/REG-012/;;
REG-013;7. Regras e goleiros;P0;DIR;Cartão vermelho direto;Entrada grave ou impedir gol.;evento disciplinar;Jogador expulso, equipe fica com dez e IA reorganiza.;PENDENTE 2.5D;AUDITORIA 650;True;PENDENTE;;;evidence/7_Regras_e_goleiros/REG-013/;;
REG-014;7. Regras e goleiros;P0;DIR;Segundo amarelo;Jogador já advertido comete nova falta.;histórico do atleta;"Mostra segundo amarelo e vermelho uma vez; remove atleta.";PENDENTE 2.5D;AUDITORIA 650;True;PENDENTE;;;evidence/7_Regras_e_goleiros/REG-014/;;
REG-015;7. Regras e goleiros;P0;DIR;Pênalti pela localização;Falta ocorre dentro/fora da área.;coordenada do contato;"Dentro gera pênalti; fora gera falta no ponto correto.";PENDENTE 2.5D;AUDITORIA 650;True;PENDENTE;;;evidence/7_Regras_e_goleiros/REG-015/;;
REG-016;7. Regras e goleiros;P0;DIR;Gol cruza completamente a linha;Chute entra por pouco.;coordenada bola/linha;Gol apenas quando bola cruza integralmente.;PENDENTE 2.5D;AUDITORIA 650;True;PENDENTE;;;evidence/7_Regras_e_goleiros/REG-016/;;
REG-017;7. Regras e goleiros;P0;DIR;Bola sobre a linha do gol;Bola para parcialmente sobre a linha.;frame congelado;Não marca gol prematuramente.;PENDENTE 2.5D;AUDITORIA 650;True;PENDENTE;;;evidence/7_Regras_e_goleiros/REG-017/;;
REG-018;7. Regras e goleiros;P0;DIR;Gol anulado por falta ofensiva;Contato ilegal antes do chute.;cadeia causal;Placar não muda e reinício correto.;PENDENTE 2.5D;AUDITORIA 650;True;PENDENTE;;;evidence/7_Regras_e_goleiros/REG-018/;;
REG-019;7. Regras e goleiros;P0;DIR;Gol anulado por impedimento;Passe para atleta irregular que finaliza.;evento + placar;Anulação aparece uma vez e estatística de gol não permanece.;PENDENTE 2.5D;AUDITORIA 650;True;PENDENTE;;;evidence/7_Regras_e_goleiros/REG-019/;;
REG-020;7. Regras e goleiros;P1;DIR;Gol contra;Defensor desvia decisivamente para própria meta.;últimos contatos;Autoria e placar corretos conforme regra documentada.;PENDENTE 2.5D;AUDITORIA 650;True;PENDENTE;;;evidence/7_Regras_e_goleiros/REG-020/;;
REG-021;7. Regras e goleiros;P1;AUTO;Acréscimos proporcionais;Comparar jogo fluido e jogo com interrupções.;tempo parado/acréscimo;Acréscimo cresce com eventos e relógio encerra corretamente.;PENDENTE 2.5D;AUDITORIA 650;True;PENDENTE;;;evidence/7_Regras_e_goleiros/REG-021/;;
REG-022;7. Regras e goleiros;P1;DIR;Intervalo e troca de lados;Chegar ao intervalo.;posições e posse;Lados/tática são preservados e segundo tempo inicia sem estado residual.;PENDENTE 2.5D;AUDITORIA 650;True;PENDENTE;;;evidence/7_Regras_e_goleiros/REG-022/;;
REG-023;7. Regras e goleiros;P1;DIR;Fim de jogo durante ataque;Relógio ultrapassa limite com bola viva.;momento do apito;Critério é consistente e não permite sequência infinita.;PENDENTE 2.5D;AUDITORIA 650;True;PENDENTE;;;evidence/7_Regras_e_goleiros/REG-023/;;
REG-024;7. Regras e goleiros;P1;DIR;Substituições dentro do limite;Tentar exceder limite definido.;UI + estado;Sistema bloqueia ação inválida e explica o motivo.;PENDENTE 2.5D;AUDITORIA 650;True;PENDENTE;;;evidence/7_Regras_e_goleiros/REG-024/;;
REG-025;7. Regras e goleiros;P0;AUTO;Reinício único por infração;Falta e saída ocorrem quase juntas.;contagem de reinícios;Exatamente um reinício é escolhido pela ordem causal.;PENDENTE 2.5D;AUDITORIA 650;True;PENDENTE;;;evidence/7_Regras_e_goleiros/REG-025/;;
REG-026;7. Regras e goleiros;P1;AUTO+VIS;Posição-base em posse rival distante;Bola no meio-campo.;posição relativa à área;Goleiro ajusta profundidade sem sair excessivamente.;PENDENTE 2.5D;AUDITORIA 650;True;PENDENTE;;;evidence/7_Regras_e_goleiros/REG-026/;;
REG-027;7. Regras e goleiros;P0;AUTO+VIS;Ajuste lateral ao ângulo da bola;Bola muda de corredor.;linha bola-centro do gol;Goleiro acompanha o ângulo e permanece balanceado.;PENDENTE 2.5D;AUDITORIA 650;True;PENDENTE;;;evidence/7_Regras_e_goleiros/REG-027/;;
REG-028;7. Regras e goleiros;P0;DIR;Fechamento de ângulo no 1x1;Atacante entra livre.;trajetória do goleiro;Avança gradualmente, reduz alvo e não teleporta.;PENDENTE 2.5D;AUDITORIA 650;True;PENDENTE;;;evidence/7_Regras_e_goleiros/REG-028/;;
REG-029;7. Regras e goleiros;P1;DIR;Decisão de ficar no gol;Atacante ainda distante e coberto.;trace de decisão;Não sai sem necessidade.;PENDENTE 2.5D;AUDITORIA 650;True;PENDENTE;;;evidence/7_Regras_e_goleiros/REG-029/;;
REG-030;7. Regras e goleiros;P0;AUTO+VIS;Alcance físico de defesa;Chutes em nove zonas do gol.;ponto mão/bola;Defesa só ocorre quando corpo/mãos alcançam a trajetória.;BASELINE R13.0;AUDITORIA 650;True;PENDENTE;;;evidence/7_Regras_e_goleiros/REG-030/;;
REG-031;7. Regras e goleiros;P0;VIS;Mergulho lateral próprio;Chute no canto baixo.;pose e sombra;Usa pose de goleiro, com corpo orientado e sombra coerente.;PENDENTE 2.5D;AUDITORIA 650;True;PENDENTE;;;evidence/7_Regras_e_goleiros/REG-031/;;
REG-032;7. Regras e goleiros;P0;VIS;Mergulho alto;Chute no canto superior.;pose + ponto de contato;Elevação e extensão correspondem ao ponto da bola.;PENDENTE 2.5D;AUDITORIA 650;True;PENDENTE;;;evidence/7_Regras_e_goleiros/REG-032/;;
REG-033;7. Regras e goleiros;P1;DIR;Defesa encaixada;Chute central controlável.;estado pós-contato;Bola permanece com goleiro e atacantes interrompem disputa.;PENDENTE 2.5D;AUDITORIA 650;True;PENDENTE;;;evidence/7_Regras_e_goleiros/REG-033/;;
REG-034;7. Regras e goleiros;P0;DIR;Espalmada lateral;Chute forte no canto.;vetor pós-defesa;Desvia para lado plausível, não para o centro automaticamente.;PENDENTE 2.5D;AUDITORIA 650;True;PENDENTE;;;evidence/7_Regras_e_goleiros/REG-034/;;
REG-035;7. Regras e goleiros;P0;DIR;Soco em cruzamento;Bola alta com tráfego.;contato + vetor;"Goleiro alcança e soca para zona possível; não atravessa atletas.";PENDENTE 2.5D;AUDITORIA 650;True;PENDENTE;;;evidence/7_Regras_e_goleiros/REG-035/;;
REG-036;7. Regras e goleiros;P1;DIR;Erro de saída;Cruzamento difícil sob pressão.;probabilidade e contato;"Pode falhar de forma física; erro não é teleporte ou animação omitida.";PENDENTE 2.5D;AUDITORIA 650;True;PENDENTE;;;evidence/7_Regras_e_goleiros/REG-036/;;
REG-037;7. Regras e goleiros;P0;DIR;Colisão com atacante;Disputa aérea na pequena área.;pontos de contato;Resultado respeita trajetórias e pode gerar falta conforme ordem do contato.;PENDENTE 2.5D;AUDITORIA 650;True;PENDENTE;;;evidence/7_Regras_e_goleiros/REG-037/;;
REG-038;7. Regras e goleiros;P0;DIR;Saída em bola nas costas;Passe atravessa a defesa.;interceptação espaço-temporal;Goleiro sai somente se chega antes ou aceita risco coerente.;BASELINE R13.0;AUDITORIA 650;True;PENDENTE;;;evidence/7_Regras_e_goleiros/REG-038/;;
REG-039;7. Regras e goleiros;P1;DIR;Desistência da saída;Atacante chega primeiro.;mudança de trajetória;Goleiro freia/recuo de modo contínuo, sem inverter instantaneamente.;PENDENTE 2.5D;AUDITORIA 650;True;PENDENTE;;;evidence/7_Regras_e_goleiros/REG-039/;;
REG-040;7. Regras e goleiros;P0;DIR;Atuação fora da área;Goleiro corta com os pés/cabeça.;posição e ação;Não usa mãos fora da área e ação possui contato real.;PENDENTE 2.5D;AUDITORIA 650;True;PENDENTE;;;evidence/7_Regras_e_goleiros/REG-040/;;
REG-041;7. Regras e goleiros;P0;DIR;Mão fora da área;Forçar tentativa de defesa manual fora.;regra aplicada;Ação é impedida ou gera infração conforme implementação.;PENDENTE 2.5D;AUDITORIA 650;True;PENDENTE;;;evidence/7_Regras_e_goleiros/REG-041/;;
REG-042;7. Regras e goleiros;P1;DIR;Distribuição curta com mãos;Goleiro encaixa e lateral está livre.;trajetória de reposição;Bola parte das mãos/posição correta e chega fisicamente.;PENDENTE 2.5D;AUDITORIA 650;True;PENDENTE;;;evidence/7_Regras_e_goleiros/REG-042/;;
REG-043;7. Regras e goleiros;P1;DIR;Distribuição longa com mãos;Contra-ataque pelo corredor.;arco + alvo;Lançamento possui arco, alcance e decisão coerentes.;PENDENTE 2.5D;AUDITORIA 650;True;PENDENTE;;;evidence/7_Regras_e_goleiros/REG-043/;;
REG-044;7. Regras e goleiros;P1;DIR;Reposição com os pés;Pressão alta fecha curto.;decisão + trajetória;"Pode lançar longo; contato e arco corretos.";PENDENTE 2.5D;AUDITORIA 650;True;PENDENTE;;;evidence/7_Regras_e_goleiros/REG-044/;;
REG-045;7. Regras e goleiros;P1;AUTO+VIS;Tempo de retenção;Goleiro segura com equipe vencendo/perdendo.;duração da posse;Tempo varia dentro de limite e não paralisa jogo.;PENDENTE 2.5D;AUDITORIA 650;True;PENDENTE;;;evidence/7_Regras_e_goleiros/REG-045/;;
REG-046;7. Regras e goleiros;P0;DIR;Reação a desvio tardio;Chute muda de direção perto do gol.;tempo de reação;"Goleiro pode reagir tarde ou ser vencido; não conhece vetor futuro.";PENDENTE 2.5D;AUDITORIA 650;True;PENDENTE;;;evidence/7_Regras_e_goleiros/REG-046/;;
REG-047;7. Regras e goleiros;P1;DIR;Visão bloqueada;Chute atravessa grupo de jogadores.;trace de percepção;Tempo/qualidade da reação piora com obstrução.;PENDENTE 2.5D;AUDITORIA 650;True;PENDENTE;;;evidence/7_Regras_e_goleiros/REG-047/;;
REG-048;7. Regras e goleiros;P0;DIR;Defesa em dois tempos;Bola escapa após primeira defesa.;sequência de posse;"Goleiro recupera fisicamente ou adversário disputa; posse não é automática.";PENDENTE 2.5D;AUDITORIA 650;True;PENDENTE;;;evidence/7_Regras_e_goleiros/REG-048/;;
REG-049;7. Regras e goleiros;P1;DIR;Reação após rebote na trave;Bola volta à pequena área.;trajetória e decisão;Goleiro reorienta e tenta nova ação sem reset de pose.;PENDENTE 2.5D;AUDITORIA 650;True;PENDENTE;;;evidence/7_Regras_e_goleiros/REG-049/;;
REG-050;7. Regras e goleiros;P0;AUTO+VIS;Pênalti: permanência na linha;Antes da cobrança.;posição dos pés;Goleiro respeita posição inicial adotada pela regra.;PENDENTE 2.5D;AUDITORIA 650;True;PENDENTE;;;evidence/7_Regras_e_goleiros/REG-050/;;
REG-051;7. Regras e goleiros;P0;AUTO;Pênalti: escolha de lado;Cobranças com seed fixa e variável.;trace de decisão;"Decisão não lê destino futuro; é reproduzível por seed.";PENDENTE 2.5D;AUDITORIA 650;True;PENDENTE;;;evidence/7_Regras_e_goleiros/REG-051/;;
REG-052;7. Regras e goleiros;P0;AUTO+VIS;Pênalti: alcance;Bola em cantos e alturas diferentes.;distância mão/bola;Defesa só quando alcance físico permite.;PENDENTE 2.5D;AUDITORIA 650;True;PENDENTE;;;evidence/7_Regras_e_goleiros/REG-052/;;
REG-053;7. Regras e goleiros;P1;AUTO;Identidade por atributo;Comparar goleiros de níveis distintos.;taxas por zona;Melhor goleiro melhora decisão/alcance sem invencibilidade.;PENDENTE 2.5D;AUDITORIA 650;True;PENDENTE;;;evidence/7_Regras_e_goleiros/REG-053/;;
REG-054;7. Regras e goleiros;P0;VIS;Sem animação de jogador de linha;Executar todas as ações de goleiro.;galeria determinística;Goleiro usa conjunto próprio em defesa, saída, soco e distribuição.;PENDENTE 2.5D;AUDITORIA 650;True;PENDENTE;;;evidence/7_Regras_e_goleiros/REG-054/;;
REG-055;7. Regras e goleiros;P1;AUTO+VIS;Retorno à posição após ação;Goleiro defende e jogo continua.;trajetória de recomposição;Retorna ao gol de forma contínua e coerente com a bola.;PENDENTE 2.5D;AUDITORIA 650;True;PENDENTE;;;evidence/7_Regras_e_goleiros/REG-055/;;
CAM-001;8. Projeção e câmera;P0;AUTO;Mapeamento campo lógico→palco 2.5D;Amostrar quatro cantos, centro e áreas.;coordenadas lógicas e projetadas;Transformação é contínua e pontos permanecem dentro do gramado visível.;PENDENTE 2.5D;AUDITORIA 650;True;PENDENTE;;;evidence/8_Proje_o_e_c_mera/CAM-001/;;
CAM-002;8. Projeção e câmera;P0;VIS;Linhas laterais projetadas;Percorrer toda a lateral próxima e distante.;capturas por segmento;Linhas formam limites contínuos e coincidem com detecção lógica.;PENDENTE 2.5D;AUDITORIA 650;True;PENDENTE;;;evidence/8_Proje_o_e_c_mera/CAM-002/;;
CAM-003;8. Projeção e câmera;P0;VIS;Linhas de fundo projetadas;Percorrer ambas as metas.;capturas;Sem desalinhamento entre gol, área e limite físico.;PENDENTE 2.5D;AUDITORIA 650;True;PENDENTE;;;evidence/8_Proje_o_e_c_mera/CAM-003/;;
CAM-004;8. Projeção e câmera;P2;VIS;Círculo central;Saída e jogo corrido.;captura central;Geometria não deforma de modo incompatível com perspectiva.;PENDENTE 2.5D;AUDITORIA 650;True;PENDENTE;;;evidence/8_Proje_o_e_c_mera/CAM-004/;;
CAM-005;8. Projeção e câmera;P0;VIS;Áreas e marca do pênalti;Comparar perto/longe.;capturas espelhadas;Posições correspondem ao campo lógico e mantêm legibilidade.;PENDENTE 2.5D;AUDITORIA 650;True;PENDENTE;;;evidence/8_Proje_o_e_c_mera/CAM-005/;;
CAM-006;8. Projeção e câmera;P0;AUTO+VIS;Escala de atleta por profundidade;Mover mesmo avatar da linha próxima à distante.;escala por y lógico;Escala varia monotonicamente, sem saltos e dentro dos limites definidos.;PENDENTE 2.5D;AUDITORIA 650;True;PENDENTE;;;evidence/8_Proje_o_e_c_mera/CAM-006/;;
CAM-007;8. Projeção e câmera;P0;AUTO+VIS;Escala da bola por profundidade;Passe da faixa próxima à distante.;diâmetro por frame;Bola reduz/aumenta com profundidade sem desaparecer ou inflar.;PENDENTE 2.5D;AUDITORIA 650;True;PENDENTE;;;evidence/8_Proje_o_e_c_mera/CAM-007/;;
CAM-008;8. Projeção e câmera;P1;VIS;Escala de sombras;Atletas e bola em diferentes profundidades.;galeria;Sombras acompanham escala e não ficam maiores no fundo.;PENDENTE 2.5D;AUDITORIA 650;True;PENDENTE;;;evidence/8_Proje_o_e_c_mera/CAM-008/;;
CAM-009;8. Projeção e câmera;P1;VIS;Escala de números;Atletas atravessam o campo.;galeria;Número reduz com profundidade e permanece legível sem dominar o avatar.;PENDENTE 2.5D;AUDITORIA 650;True;PENDENTE;;;evidence/8_Proje_o_e_c_mera/CAM-009/;;
CAM-010;8. Projeção e câmera;P1;VIS;Escala de VFX;Impactos perto e longe.;comparação lado a lado;VFX respeitam profundidade e não cobrem atletas distantes.;PENDENTE 2.5D;AUDITORIA 650;True;PENDENTE;;;evidence/8_Proje_o_e_c_mera/CAM-010/;;
CAM-011;8. Projeção e câmera;P0;VIS;Ordenação de profundidade;Atletas se cruzam em diagonais.;vídeo em 0,5x;"Objeto mais próximo aparece à frente; sem troca tardia ou piscada.";PENDENTE 2.5D;AUDITORIA 650;True;PENDENTE;;;evidence/8_Proje_o_e_c_mera/CAM-011/;;
CAM-012;8. Projeção e câmera;P0;VIS;Oclusão bola-atleta;Bola passa atrás e à frente.;vídeo;"Camada muda conforme profundidade; bola não some indevidamente.";PENDENTE 2.5D;AUDITORIA 650;True;PENDENTE;;;evidence/8_Proje_o_e_c_mera/CAM-012/;;
CAM-013;8. Projeção e câmera;P0;VIS;Oclusão com gol e rede;Chute entra e goleiro mergulha.;vídeo do gol;Bola, goleiro, postes e rede têm ordem coerente.;PENDENTE 2.5D;AUDITORIA 650;True;PENDENTE;;;evidence/8_Proje_o_e_c_mera/CAM-013/;;
CAM-014;8. Projeção e câmera;P0;AUTO+VIS;Teto vertical de bola alta;Lançamentos e chutes altos no terço distante.;máxima altura projetada;Nunca invade arquibancada/interface e mantém arco visível.;PENDENTE 2.5D;AUDITORIA 650;True;PENDENTE;;;evidence/8_Proje_o_e_c_mera/CAM-014/;;
CAM-015;8. Projeção e câmera;P0;VIS;Continuidade em bordas do palco;Bola e atletas próximos aos quatro limites.;vídeos de borda;"Nada é cortado antes de sair logicamente; nomes não vazam para fora.";PENDENTE 2.5D;AUDITORIA 650;True;PENDENTE;;;evidence/8_Proje_o_e_c_mera/CAM-015/;;
CAM-016;8. Projeção e câmera;P0;VIS;Enquadramento da partida inteira;Jogo corrido em todos os terços.;partida gravada;Bola e zona relevante permanecem visíveis sem esconder o HUD.;PENDENTE 2.5D;AUDITORIA 650;True;PENDENTE;;;evidence/8_Proje_o_e_c_mera/CAM-016/;;
CAM-017;8. Projeção e câmera;P1;VIS;Transição suave entre terços;Ataque vai de uma área à outra.;curva de câmera;Sem salto brusco, atraso excessivo ou enjoo.;PENDENTE 2.5D;AUDITORIA 650;True;PENDENTE;;;evidence/8_Proje_o_e_c_mera/CAM-017/;;
CAM-018;8. Projeção e câmera;P1;VIS;Antecipação moderada da bola;Lançamento longo.;vídeo;Câmera acompanha destino sem abandonar origem antes do contato.;PENDENTE 2.5D;AUDITORIA 650;True;PENDENTE;;;evidence/8_Proje_o_e_c_mera/CAM-018/;;
CAM-019;8. Projeção e câmera;P0;VIS;Reação a contra-ataque;Mudança rápida de direção.;vídeo;Acelera de modo controlado e mantém portador visível.;PENDENTE 2.5D;AUDITORIA 650;True;PENDENTE;;;evidence/8_Proje_o_e_c_mera/CAM-019/;;
CAM-020;8. Projeção e câmera;P1;VIS;Reação a rebote inesperado;Bola muda de direção.;vídeo;Corrige enquadramento sem teleporte de câmera.;PENDENTE 2.5D;AUDITORIA 650;True;PENDENTE;;;evidence/8_Proje_o_e_c_mera/CAM-020/;;
CAM-021;8. Projeção e câmera;P0;VIS;Enquadramento de cruzamento;Bola vai da lateral à área.;vídeo;Inclui cobrador, trajetória e zona de disputa.;PENDENTE 2.5D;AUDITORIA 650;True;PENDENTE;;;evidence/8_Proje_o_e_c_mera/CAM-021/;;
CAM-022;8. Projeção e câmera;P0;VIS;Enquadramento de chute longo;Finalização de fora.;vídeo;Mostra contato e destino do chute.;PENDENTE 2.5D;AUDITORIA 650;True;PENDENTE;;;evidence/8_Proje_o_e_c_mera/CAM-022/;;
CAM-023;8. Projeção e câmera;P0;VIS;Enquadramento de 1x1;Atacante entra na área.;vídeo;Atacante, goleiro e gol permanecem legíveis.;PENDENTE 2.5D;AUDITORIA 650;True;PENDENTE;;;evidence/8_Proje_o_e_c_mera/CAM-023/;;
CAM-024;8. Projeção e câmera;P1;VIS;Enquadramento pós-gol;Bola cruza linha e placar atualiza.;vídeo;Mantém gol visível e transita para celebração/saída sem corte incoerente.;PENDENTE 2.5D;AUDITORIA 650;True;PENDENTE;;;evidence/8_Proje_o_e_c_mera/CAM-024/;;
CAM-025;8. Projeção e câmera;P1;VIS;Enquadramento de impedimento;Jogada é interrompida.;vídeo;Mostra contexto da linha sem congelar ou reposicionar abruptamente.;PENDENTE 2.5D;AUDITORIA 650;True;PENDENTE;;;evidence/8_Proje_o_e_c_mera/CAM-025/;;
CAM-026;8. Projeção e câmera;P0;VIS+PERF;Câmera em velocidade turbo;Executar 3.6x.;vídeo + frame time;"Sem tremor frenético; suavização adapta-se ao multiplicador.";PENDENTE 2.5D;AUDITORIA 650;True;PENDENTE;;;evidence/8_Proje_o_e_c_mera/CAM-026/;;
CAM-027;8. Projeção e câmera;P1;DIR;Câmera após pausa;Pausar durante movimento.;vídeo;Congela e retoma sem interpolação acumulada.;PENDENTE 2.5D;AUDITORIA 650;True;PENDENTE;;;evidence/8_Proje_o_e_c_mera/CAM-027/;;
CAM-028;8. Projeção e câmera;P0;DIR;Câmera após troca de aba;Ocultar e voltar.;vídeo;Não salta para posição incorreta.;PENDENTE 2.5D;AUDITORIA 650;True;PENDENTE;;;evidence/8_Proje_o_e_c_mera/CAM-028/;;
CAM-029;8. Projeção e câmera;P0;VIS;Câmera em gol distante;Ataque no terço mais distante.;vídeo;Gol, bola e atletas mantêm tamanho mínimo legível.;PENDENTE 2.5D;AUDITORIA 650;True;PENDENTE;;;evidence/8_Proje_o_e_c_mera/CAM-029/;;
CAM-030;8. Projeção e câmera;P1;AUTO+VIS;Simetria entre lados;Repetir cenário espelhado.;comparação espelhada;Comportamento visual equivalente nos dois sentidos.;PENDENTE 2.5D;AUDITORIA 650;True;PENDENTE;;;evidence/8_Proje_o_e_c_mera/CAM-030/;;
CAM-031;8. Projeção e câmera;P0;VIS;Falta direta usa câmera 2.5D;Cobrança frontal.;vídeo;Sem perspectiva legada ou mudança abrupta de escala.;PENDENTE 2.5D;AUDITORIA 650;True;PENDENTE;;;evidence/8_Proje_o_e_c_mera/CAM-031/;;
CAM-032;8. Projeção e câmera;P0;VIS;Falta lateral usa câmera 2.5D;Cobrança para a área.;vídeo;Cobrador, barreira e área aparecem no mesmo palco.;PENDENTE 2.5D;AUDITORIA 650;True;PENDENTE;;;evidence/8_Proje_o_e_c_mera/CAM-032/;;
CAM-033;8. Projeção e câmera;P0;VIS;Pênalti usa câmera 2.5D;Cobrança em tempo normal.;vídeo;"Batedor, goleiro e gol legíveis; identidade visual preservada.";PENDENTE 2.5D;AUDITORIA 650;True;PENDENTE;;;evidence/8_Proje_o_e_c_mera/CAM-033/;;
CAM-034;8. Projeção e câmera;P0;VIS;Disputa por pênaltis usa câmera 2.5D;Série completa.;vídeo;Transições entre cobradores sem voltar à perspectiva antiga.;PENDENTE 2.5D;AUDITORIA 650;True;PENDENTE;;;evidence/8_Proje_o_e_c_mera/CAM-034/;;
CAM-035;8. Projeção e câmera;P1;VIS;Escanteio próximo;Cobrança no lado da câmera.;vídeo;Quadrante, área e goleiro no enquadramento.;PENDENTE 2.5D;AUDITORIA 650;True;PENDENTE;;;evidence/8_Proje_o_e_c_mera/CAM-035/;;
CAM-036;8. Projeção e câmera;P0;VIS;Escanteio distante;Cobrança no lado oposto.;vídeo;Trajetória não invade arquibancada e disputa permanece legível.;PENDENTE 2.5D;AUDITORIA 650;True;PENDENTE;;;evidence/8_Proje_o_e_c_mera/CAM-036/;;
CAM-037;8. Projeção e câmera;P1;VIS;Lateral próximo;Cobrança na lateral inferior.;vídeo;"Cobrador e receptor visíveis; nomes não saem da tela.";PENDENTE 2.5D;AUDITORIA 650;True;PENDENTE;;;evidence/8_Proje_o_e_c_mera/CAM-037/;;
CAM-038;8. Projeção e câmera;P1;VIS;Lateral distante;Cobrança na lateral superior.;vídeo;"Arco e receptor legíveis; escala correta.";PENDENTE 2.5D;AUDITORIA 650;True;PENDENTE;;;evidence/8_Proje_o_e_c_mera/CAM-038/;;
CAM-039;8. Projeção e câmera;P1;VIS;Tiro de meta;Saída curta e longa.;vídeo;Goleiro e opções iniciais visíveis.;PENDENTE 2.5D;AUDITORIA 650;True;PENDENTE;;;evidence/8_Proje_o_e_c_mera/CAM-039/;;
CAM-040;8. Projeção e câmera;P1;VIS;Saída após gol;Reinício central.;vídeo;Transição de câmera estável e sem corte legado.;PENDENTE 2.5D;AUDITORIA 650;True;PENDENTE;;;evidence/8_Proje_o_e_c_mera/CAM-040/;;
CAM-041;8. Projeção e câmera;P0;AUTO+VIS;Nomes sem colisão horizontal;Dois atletas próximos.;mapa de caixas de texto;Algoritmo evita sobreposição crítica ou reduz labels por prioridade.;PENDENTE 2.5D;AUDITORIA 650;True;PENDENTE;;;evidence/8_Proje_o_e_c_mera/CAM-041/;;
CAM-042;8. Projeção e câmera;P0;AUTO+VIS;Nomes sem colisão vertical;Atletas alinhados em profundidade.;mapa de caixas;"Labels não cobrem bola nem placar; deslocamento é estável.";PENDENTE 2.5D;AUDITORIA 650;True;PENDENTE;;;evidence/8_Proje_o_e_c_mera/CAM-042/;;
CAM-043;8. Projeção e câmera;P1;VIS;Prioridade do portador;Aglomerado com bola.;captura;Nome do portador permanece identificável e os demais podem ser suprimidos.;PENDENTE 2.5D;AUDITORIA 650;True;PENDENTE;;;evidence/8_Proje_o_e_c_mera/CAM-043/;;
CAM-044;8. Projeção e câmera;P2;VIS;Número legível no fundo;Atleta distante.;captura 100%;Número ainda reconhecível sem escala fixa excessiva.;PENDENTE 2.5D;AUDITORIA 650;True;PENDENTE;;;evidence/8_Proje_o_e_c_mera/CAM-044/;;
CAM-045;8. Projeção e câmera;P0;VIS;VFX não oculta a bola;Desarme, chute e defesa.;vídeo;Bola permanece visível durante a ação crítica.;PENDENTE 2.5D;AUDITORIA 650;True;PENDENTE;;;evidence/8_Proje_o_e_c_mera/CAM-045/;;
CAM-046;8. Projeção e câmera;P0;VIS;Placar não cobre o campo;Diferentes proporções de tela.;capturas;HUD respeita área segura e não invade zona ativa.;PENDENTE 2.5D;AUDITORIA 650;True;PENDENTE;;;evidence/8_Proje_o_e_c_mera/CAM-046/;;
CAM-047;8. Projeção e câmera;P1;VIS;Painéis laterais não deformam palco;Abrir estatísticas/eventos.;antes/depois;Campo redimensiona ou sobrepõe de modo definido sem distorção.;PENDENTE 2.5D;AUDITORIA 650;True;PENDENTE;;;evidence/8_Proje_o_e_c_mera/CAM-047/;;
CAM-048;8. Projeção e câmera;P2;VIS;Tooltips respeitam profundidade;Abrir informação de atleta próximo à borda.;captura;Tooltip fica dentro da viewport e não acompanha escala do atleta.;PENDENTE 2.5D;AUDITORIA 650;True;PENDENTE;;;evidence/8_Proje_o_e_c_mera/CAM-048/;;
CAM-049;8. Projeção e câmera;P1;VIS;Indicador de seleção;Selecionar atleta em diferentes profundidades.;galeria;Indicador acompanha posição e escala sem esconder pés/bola.;PENDENTE 2.5D;AUDITORIA 650;True;PENDENTE;;;evidence/8_Proje_o_e_c_mera/CAM-049/;;
CAM-050;8. Projeção e câmera;P1;DIR;Debug visual removível;Ativar/desativar sobreposições de auditoria.;capturas on/off;Debug não altera layout/lógica e fica ausente no modo de release.;BASELINE R13.0;AUDITORIA 650;True;PENDENTE;;;evidence/8_Proje_o_e_c_mera/CAM-050/;;
ATL-001;9. Atletas;P1;VIS;Pose ociosa;Atleta parado aguardando reinício.;galeria determinística;"Postura estável e orientada; não desliza sem passada.";PENDENTE 2.5D;AUDITORIA 650;True;PENDENTE;;;evidence/9_Atletas/ATL-001/;;
ATL-002;9. Atletas;P1;VIS;Caminhada;Reorganização em baixa velocidade.;clipe em 1.0x;Passos acompanham deslocamento e não patinam.;PENDENTE 2.5D;AUDITORIA 650;True;PENDENTE;;;evidence/9_Atletas/ATL-002/;;
ATL-003;9. Atletas;P0;VIS;Corrida moderada;Progressão sem sprint.;clipe;Cadência de passada proporcional à velocidade.;PENDENTE 2.5D;AUDITORIA 650;True;PENDENTE;;;evidence/9_Atletas/ATL-003/;;
ATL-004;9. Atletas;P0;VIS;Sprint;Transição rápida.;clipe;Pose e passada distinguem sprint de corrida comum.;PENDENTE 2.5D;AUDITORIA 650;True;PENDENTE;;;evidence/9_Atletas/ATL-004/;;
ATL-005;9. Atletas;P1;VIS;Aceleração;Atleta parte do repouso.;clipe em 0,5x;Corpo inclina e velocidade cresce gradualmente.;PENDENTE 2.5D;AUDITORIA 650;True;PENDENTE;;;evidence/9_Atletas/ATL-005/;;
ATL-006;9. Atletas;P1;VIS;Desaceleração;Atleta reduz antes de receber.;clipe;"Passos/lean mostram frenagem; não para instantaneamente.";PENDENTE 2.5D;AUDITORIA 650;True;PENDENTE;;;evidence/9_Atletas/ATL-006/;;
ATL-007;9. Atletas;P0;VIS;Mudança de direção;Corte de 90° e 180°.;clipe;Rotação precede novo vetor e não espelha de modo abrupto.;PENDENTE 2.5D;AUDITORIA 650;True;PENDENTE;;;evidence/9_Atletas/ATL-007/;;
ATL-008;9. Atletas;P1;VIS;Corrida para trás/lateral;Defensor ajusta posição.;clipe;Movimento defensivo tem orientação adequada, sem correr de costas para a bola sempre.;PENDENTE 2.5D;AUDITORIA 650;True;PENDENTE;;;evidence/9_Atletas/ATL-008/;;
ATL-009;9. Atletas;P1;VIS;Recomposição;Atacante retorna após perda.;clipe longo;"Pose e velocidade variam com urgência; sem deslize contínuo.";PENDENTE 2.5D;AUDITORIA 650;True;PENDENTE;;;evidence/9_Atletas/ATL-009/;;
ATL-010;9. Atletas;P0;VIS;Aproximação da bola;Atleta chega para dominar.;clipe;Reduz passada e alinha pé ao ponto de contato.;PENDENTE 2.5D;AUDITORIA 650;True;PENDENTE;;;evidence/9_Atletas/ATL-010/;;
ATL-011;9. Atletas;P0;VIS;Proteção de bola;Portador sob pressão lateral.;clipe;Corpo se coloca entre bola e defensor.;PENDENTE 2.5D;AUDITORIA 650;True;PENDENTE;;;evidence/9_Atletas/ATL-011/;;
ATL-012;9. Atletas;P1;VIS;Queda após contato;Falta ou choque forte.;clipe;Queda parte do contato e termina sem teleporte de volta.;PENDENTE 2.5D;AUDITORIA 650;True;PENDENTE;;;evidence/9_Atletas/ATL-012/;;
ATL-013;9. Atletas;P2;VIS;Levantada após queda;Jogo segue ou reinicia.;clipe;Atleta retorna de forma contínua e em tempo plausível.;PENDENTE 2.5D;AUDITORIA 650;True;PENDENTE;;;evidence/9_Atletas/ATL-013/;;
ATL-014;9. Atletas;P2;VIS;Comemoração curta;Gol válido.;vídeo;Não bloqueia reinício e mantém escala/profundidade.;PENDENTE 2.5D;AUDITORIA 650;True;PENDENTE;;;evidence/9_Atletas/ATL-014/;;
ATL-015;9. Atletas;P2;VIS;Frustração após chance;Chute perdido importante.;vídeo;Reação breve, sem impedir recomposição.;PENDENTE 2.5D;AUDITORIA 650;True;PENDENTE;;;evidence/9_Atletas/ATL-015/;;
ATL-016;9. Atletas;P0;VIS;Passe com perna visível;Passe curto frontal.;frame do contato;Perna/pé executa movimento no instante da saída.;PENDENTE 2.5D;AUDITORIA 650;True;PENDENTE;;;evidence/9_Atletas/ATL-016/;;
ATL-017;9. Atletas;P1;VIS;Passe de lado;Passe lateral sob pressão.;clipe;Corpo gira e pé corresponde ao lado do passe.;PENDENTE 2.5D;AUDITORIA 650;True;PENDENTE;;;evidence/9_Atletas/ATL-017/;;
ATL-018;9. Atletas;P0;VIS;Passe de primeira;Desvio rápido.;clipe;Animação curta sincronizada ao contato.;PENDENTE 2.5D;AUDITORIA 650;True;PENDENTE;;;evidence/9_Atletas/ATL-018/;;
ATL-019;9. Atletas;P1;VIS;Lançamento longo;Bola aérea.;clipe;Amplitude de perna e inclinação diferem do passe curto.;PENDENTE 2.5D;AUDITORIA 650;True;PENDENTE;;;evidence/9_Atletas/ATL-019/;;
ATL-020;9. Atletas;P0;VIS;Chute forte;Finalização de média distância.;clipe;Preparação, balanço de perna e contato visíveis.;PENDENTE 2.5D;AUDITORIA 650;True;PENDENTE;;;evidence/9_Atletas/ATL-020/;;
ATL-021;9. Atletas;P1;VIS;Chute colocado;Finalização de precisão.;clipe;Pose distinta do chute forte e alinhada ao alvo.;PENDENTE 2.5D;AUDITORIA 650;True;PENDENTE;;;evidence/9_Atletas/ATL-021/;;
ATL-022;9. Atletas;P0;VIS;Cabeceio;Disputa aérea.;clipe;Salto e cabeça encontram a bola no mesmo frame.;PENDENTE 2.5D;AUDITORIA 650;True;PENDENTE;;;evidence/9_Atletas/ATL-022/;;
ATL-023;9. Atletas;P0;VIS;Carrinho;Desarme no chão.;clipe;"Corpo percorre distância física; bola muda no contato.";PENDENTE 2.5D;AUDITORIA 650;True;PENDENTE;;;evidence/9_Atletas/ATL-023/;;
ATL-024;9. Atletas;P0;VIS;Bote em pé;Defensor alcança a bola.;clipe;Perna de desarme aparece e não atravessa o atacante.;PENDENTE 2.5D;AUDITORIA 650;True;PENDENTE;;;evidence/9_Atletas/ATL-024/;;
ATL-025;9. Atletas;P0;VIS;Bloqueio de chute;Defensor se coloca na trajetória.;clipe;Pose de bloqueio coincide com ponto do desvio.;PENDENTE 2.5D;AUDITORIA 650;True;PENDENTE;;;evidence/9_Atletas/ATL-025/;;
ATL-026;9. Atletas;P1;VIS;Salto defensivo;Zagueiro disputa cruzamento.;clipe;Elevação e tempo de salto coerentes com altura da bola.;PENDENTE 2.5D;AUDITORIA 650;True;PENDENTE;;;evidence/9_Atletas/ATL-026/;;
ATL-027;9. Atletas;P0;VIS;Cobrança de lateral;Cobrador lança com braços.;clipe;Pose distingue lateral de passe e bola nasce na posição correta.;PENDENTE 2.5D;AUDITORIA 650;True;PENDENTE;;;evidence/9_Atletas/ATL-027/;;
ATL-028;9. Atletas;P0;VIS;Cobrança de falta;Batedor executa chute.;clipe;Pose e contato permanecem no palco 2.5D.;PENDENTE 2.5D;AUDITORIA 650;True;PENDENTE;;;evidence/9_Atletas/ATL-028/;;
ATL-029;9. Atletas;P0;VIS;Cobrança de pênalti;Batedor corre e chuta.;clipe;"Passos e contato sincronizados; sem perspectiva legada.";PENDENTE 2.5D;AUDITORIA 650;True;PENDENTE;;;evidence/9_Atletas/ATL-029/;;
ATL-030;9. Atletas;P0;VIS;Ações específicas do goleiro;Defesa, mergulho, soco e distribuição.;galeria;Conjunto próprio, sem reutilizar pose genérica inadequada.;PENDENTE 2.5D;AUDITORIA 650;True;PENDENTE;;;evidence/9_Atletas/ATL-030/;;
ATL-031;9. Atletas;P0;AUTO+VIS;Orientação para a bola;Atleta sem posse em diferentes fases.;ângulo corpo-bola;Mantém orientação plausível sem girar instantaneamente a cada tick.;PENDENTE 2.5D;AUDITORIA 650;True;PENDENTE;;;evidence/9_Atletas/ATL-031/;;
ATL-032;9. Atletas;P1;AUTO+VIS;Orientação para alvo de movimento;Corrida sem bola.;ângulo corpo-vetor;Corpo acompanha vetor com suavização.;PENDENTE 2.5D;AUDITORIA 650;True;PENDENTE;;;evidence/9_Atletas/ATL-032/;;
ATL-033;9. Atletas;P1;VIS;Orientação do receptor;Passe chega de lado ou por trás.;clipe;Receptor ajusta corpo antes do domínio quando há tempo.;PENDENTE 2.5D;AUDITORIA 650;True;PENDENTE;;;evidence/9_Atletas/ATL-033/;;
ATL-034;9. Atletas;P1;VIS;Pé de contato coerente;Passe e chute para ambos os lados.;galeria;"Contato ocorre no lado do corpo compatível; sem bola saindo do pé oposto distante.";PENDENTE 2.5D;AUDITORIA 650;True;PENDENTE;;;evidence/9_Atletas/ATL-034/;;
ATL-035;9. Atletas;P1;VIS;Espelhamento correto;Mesma ação nos dois sentidos do campo.;comparação espelhada;Animação espelha sem inverter profundidade ou texto.;PENDENTE 2.5D;AUDITORIA 650;True;PENDENTE;;;evidence/9_Atletas/ATL-035/;;
ATL-036;9. Atletas;P0;VIS;Colisão visual atleta-atleta;Disputa ombro a ombro.;clipe;"Corpos não atravessam profundamente; separação ocorre suavemente.";PENDENTE 2.5D;AUDITORIA 650;True;PENDENTE;;;evidence/9_Atletas/ATL-036/;;
ATL-037;9. Atletas;P0;VIS;Colisão visual atleta-bola;Domínio, chute e desarme.;clipes em 0,5x;Ponto de contato coincide com a mudança de trajetória.;PENDENTE 2.5D;AUDITORIA 650;True;PENDENTE;;;evidence/9_Atletas/ATL-037/;;
ATL-038;9. Atletas;P2;VIS;Lean 2D em curva;Atleta muda direção em velocidade.;clipe;Inclinação ajuda a leitura sem deformar o avatar.;PENDENTE 2.5D;AUDITORIA 650;True;PENDENTE;;;evidence/9_Atletas/ATL-038/;;
ATL-039;9. Atletas;P2;VIS;Sombra no mergulho;Goleiro ou atleta no chão.;captura;Sombra acompanha corpo projetado, não permanece em pé.;PENDENTE 2.5D;AUDITORIA 650;True;PENDENTE;;;evidence/9_Atletas/ATL-039/;;
ATL-040;9. Atletas;P1;AUTO+VIS;Sem jitter de rotação;Atleta alterna pequenos ajustes.;variação angular por frame;Sem oscilação de esquerda/direita superior ao limite definido.;PENDENTE 2.5D;AUDITORIA 650;True;PENDENTE;;;evidence/9_Atletas/ATL-040/;;
ATL-041;9. Atletas;P0;AUTO+VIS;Nome associado ao atleta correto;Atletas cruzam posições.;ID visual x lógico;Label acompanha o mesmo ID sem troca.;PENDENTE 2.5D;AUDITORIA 650;True;PENDENTE;;;evidence/9_Atletas/ATL-041/;;
ATL-042;9. Atletas;P1;AUTO;Número associado ao atleta correto;Substituições e trocas de posição.;ID/número;Número não muda nem duplica indevidamente.;PENDENTE 2.5D;AUDITORIA 650;True;PENDENTE;;;evidence/9_Atletas/ATL-042/;;
ATL-043;9. Atletas;P0;PAINEL HUMANO;Cores distinguem equipes;Uniformes semelhantes e campo distante.;avaliação de reconhecimento;Observadores distinguem equipes em pelo menos 95% dos frames críticos.;PENDENTE 2.5D;AUDITORIA 650;True;PENDENTE;;;evidence/9_Atletas/ATL-043/;;
ATL-044;9. Atletas;P1;VIS;Goleiro distinguível;Goleiro entre jogadores na área.;capturas;Cor/forma permite identificação imediata.;PENDENTE 2.5D;AUDITORIA 650;True;PENDENTE;;;evidence/9_Atletas/ATL-044/;;
ATL-045;9. Atletas;P1;VIS;Avatar não invade UI;Atleta próximo a bordas e painéis.;capturas;Corpo e labels são cortados/contidos de forma previsível sem sobrepor controles.;PENDENTE 2.5D;AUDITORIA 650;True;PENDENTE;;;evidence/9_Atletas/ATL-045/;;
VFX-001;10. Trajetórias e VFX;P0;AUTO+VIS;Arco de lançamento longo;Passe acima de 30 m.;curva altura-tempo;"Altura sobe e desce suavemente; pico entre origem e destino.";PENDENTE 2.5D;AUDITORIA 650;True;PENDENTE;;;evidence/10_Trajet_rias_e_VFX/VFX-001/;;
VFX-002;10. Trajetórias e VFX;P0;AUTO+VIS;Arco de cruzamento;Cruzamento aberto e fechado.;curvas comparadas;Perfis distintos e coerentes com tipo de cobrança.;BASELINE R13.0;AUDITORIA 650;True;PENDENTE;;;evidence/10_Trajet_rias_e_VFX/VFX-002/;;
VFX-003;10. Trajetórias e VFX;P0;AUTO+VIS;Arco de chute alto;Finalização alta.;altura-tempo;Sem progressão linear ou mudança abrupta.;PENDENTE 2.5D;AUDITORIA 650;True;PENDENTE;;;evidence/10_Trajet_rias_e_VFX/VFX-003/;;
VFX-004;10. Trajetórias e VFX;P1;AUTO+VIS;Curva lateral de chute;Chute colocado.;x/y por frame;Curvatura contínua e compatível com velocidade.;PENDENTE 2.5D;AUDITORIA 650;True;PENDENTE;;;evidence/10_Trajet_rias_e_VFX/VFX-004/;;
VFX-005;10. Trajetórias e VFX;P0;AUTO;Trajetória de passe rasteiro;Passe curto e médio.;velocidade-tempo;Mantém altura baixa e desaceleração progressiva.;PENDENTE 2.5D;AUDITORIA 650;True;PENDENTE;;;evidence/10_Trajet_rias_e_VFX/VFX-005/;;
VFX-006;10. Trajetórias e VFX;P1;DIR;Trajetória de passe picado;Passe sobre defensor.;altura e destino;Sobe o suficiente para superar obstáculo e cai antes do receptor.;PENDENTE 2.5D;AUDITORIA 650;True;PENDENTE;;;evidence/10_Trajet_rias_e_VFX/VFX-006/;;
VFX-007;10. Trajetórias e VFX;P1;DIR;Trajetória de cabeceio;Cabeceio ofensivo e defensivo.;vetor pós-contato;"Origem na cabeça; velocidade menor que chute forte.";PENDENTE 2.5D;AUDITORIA 650;True;PENDENTE;;;evidence/10_Trajet_rias_e_VFX/VFX-007/;;
VFX-008;10. Trajetórias e VFX;P1;DIR;Trajetória de soco do goleiro;Cruzamento alto.;vetor pós-contato;Sai das mãos e evita centro da área quando possível.;PENDENTE 2.5D;AUDITORIA 650;True;PENDENTE;;;evidence/10_Trajet_rias_e_VFX/VFX-008/;;
VFX-009;10. Trajetórias e VFX;P0;DIR;Trajetória de espalmada;Chute no canto.;vetor pós-defesa;Desvio coerente com mão e direção do chute.;PENDENTE 2.5D;AUDITORIA 650;True;PENDENTE;;;evidence/10_Trajet_rias_e_VFX/VFX-009/;;
VFX-010;10. Trajetórias e VFX;P0;DIR;Trajetória após bloqueio;Chute toca defensor.;vetor antes/depois;Ângulo muda no contato, sem snap para alvo predefinido.;PENDENTE 2.5D;AUDITORIA 650;True;PENDENTE;;;evidence/10_Trajet_rias_e_VFX/VFX-010/;;
VFX-011;10. Trajetórias e VFX;P0;DIR;Trajetória após carrinho;Desarme em movimento.;ponto de contato;Bola espirra conforme vetor relativo.;PENDENTE 2.5D;AUDITORIA 650;True;PENDENTE;;;evidence/10_Trajet_rias_e_VFX/VFX-011/;;
VFX-012;10. Trajetórias e VFX;P0;AUTO;Trajetória após quique;Bola aérea no gramado.;sequência de picos;Cada quique perde altura/energia.;PENDENTE 2.5D;AUDITORIA 650;True;PENDENTE;;;evidence/10_Trajet_rias_e_VFX/VFX-012/;;
VFX-013;10. Trajetórias e VFX;P0;DIR;Trajetória no poste;Impacto lateral.;normal de colisão;Reflexão usa superfície do poste.;PENDENTE 2.5D;AUDITORIA 650;True;PENDENTE;;;evidence/10_Trajet_rias_e_VFX/VFX-013/;;
VFX-014;10. Trajetórias e VFX;P0;DIR;Trajetória no travessão;Impacto alto.;normal de colisão;Reflexão respeita profundidade e gravidade.;PENDENTE 2.5D;AUDITORIA 650;True;PENDENTE;;;evidence/10_Trajet_rias_e_VFX/VFX-014/;;
VFX-015;10. Trajetórias e VFX;P1;VIS;Trajetória na rede;Gol em várias zonas.;vídeo;Bola desacelera/para na região da rede sem atravessar cenário.;PENDENTE 2.5D;AUDITORIA 650;True;PENDENTE;;;evidence/10_Trajet_rias_e_VFX/VFX-015/;;
VFX-016;10. Trajetórias e VFX;P0;AUTO+VIS;Trajetória do lateral;Cobrança curta e longa.;arco e origem;Origem/altura coerentes com arremesso.;PENDENTE 2.5D;AUDITORIA 650;True;PENDENTE;;;evidence/10_Trajet_rias_e_VFX/VFX-016/;;
VFX-017;10. Trajetórias e VFX;P1;AUTO+VIS;Trajetória da reposição do goleiro;Lançamento com mãos e pés.;curvas comparadas;Perfis são distintos e fisicamente plausíveis.;PENDENTE 2.5D;AUDITORIA 650;True;PENDENTE;;;evidence/10_Trajet_rias_e_VFX/VFX-017/;;
VFX-018;10. Trajetórias e VFX;P0;AUTO;Trajetória de bola livre;Após disputa sem posse.;velocidade e atrito;"Continua até perder energia ou novo contato; não busca automaticamente um pé.";PENDENTE 2.5D;AUDITORIA 650;True;PENDENTE;;;evidence/10_Trajet_rias_e_VFX/VFX-018/;;
VFX-019;10. Trajetórias e VFX;P0;AUTO+VIS;Continuidade entre segmentos;Troca de estado voo→quique→domínio.;posição no frame de transição;Sem descontinuidade espacial acima de 0,05 unidade.;PENDENTE 2.5D;AUDITORIA 650;True;PENDENTE;;;evidence/10_Trajet_rias_e_VFX/VFX-019/;;
VFX-020;10. Trajetórias e VFX;P0;AUTO+VIS;Limites de altura por profundidade;Bolas altas perto e longe.;máxima projeção;Teto visual adaptado ao palco sem cortar o arco.;PENDENTE 2.5D;AUDITORIA 650;True;PENDENTE;;;evidence/10_Trajet_rias_e_VFX/VFX-020/;;
VFX-021;10. Trajetórias e VFX;P1;VIS;VFX de chute;Chute forte e colocado.;galeria;Efeito sinaliza contato sem esconder bola ou pé.;PENDENTE 2.5D;AUDITORIA 650;True;PENDENTE;;;evidence/10_Trajet_rias_e_VFX/VFX-021/;;
VFX-022;10. Trajetórias e VFX;P2;VIS;VFX de passe;Passe curto e longo.;galeria;Mais discreto que chute e coerente com intensidade.;PENDENTE 2.5D;AUDITORIA 650;True;PENDENTE;;;evidence/10_Trajet_rias_e_VFX/VFX-022/;;
VFX-023;10. Trajetórias e VFX;P1;VIS;VFX de desarme;Contato limpo e falta.;galeria;Diferencia impacto sem substituir animação física.;PENDENTE 2.5D;AUDITORIA 650;True;PENDENTE;;;evidence/10_Trajet_rias_e_VFX/VFX-023/;;
VFX-024;10. Trajetórias e VFX;P1;VIS;VFX de defesa;Encaixe, espalmada e soco.;galeria;Efeito acompanha ponto real de contato.;PENDENTE 2.5D;AUDITORIA 650;True;PENDENTE;;;evidence/10_Trajet_rias_e_VFX/VFX-024/;;
VFX-025;10. Trajetórias e VFX;P1;VIS;VFX de trave;Poste e travessão.;vídeo;Pulso/feedback nasce no impacto e não antes.;PENDENTE 2.5D;AUDITORIA 650;True;PENDENTE;;;evidence/10_Trajet_rias_e_VFX/VFX-025/;;
VFX-026;10. Trajetórias e VFX;P1;VIS;VFX de gol;Gol próximo e distante.;vídeo;Escala respeita profundidade e placar atualiza uma vez.;PENDENTE 2.5D;AUDITORIA 650;True;PENDENTE;;;evidence/10_Trajet_rias_e_VFX/VFX-026/;;
VFX-027;10. Trajetórias e VFX;P1;VIS;Rastro de bola em 1.0x;Passes e chutes.;vídeo;Rastro é sutil, curto e não cria duas bolas aparentes.;PENDENTE 2.5D;AUDITORIA 650;True;PENDENTE;;;evidence/10_Trajet_rias_e_VFX/VFX-027/;;
VFX-028;10. Trajetórias e VFX;P0;VIS;Rastro em TURBO;Executar 3.6x.;vídeo;"Comprimento/intensidade adaptam-se; não vira linha frenética contínua.";PENDENTE 2.5D;AUDITORIA 650;True;PENDENTE;;;evidence/10_Trajet_rias_e_VFX/VFX-028/;;
VFX-029;10. Trajetórias e VFX;P0;VIS;Pulso em TURBO;Eventos repetidos em 3.6x.;vídeo;"Duração escala com velocidade; pulsos não se acumulam.";PENDENTE 2.5D;AUDITORIA 650;True;PENDENTE;;;evidence/10_Trajet_rias_e_VFX/VFX-029/;;
VFX-030;10. Trajetórias e VFX;P0;AUTO;Limpeza de VFX;Sequência de eventos e reinícios.;contagem de objetos VFX;"Objetos expirados são removidos; nenhuma sobra entre partidas.";PENDENTE 2.5D;AUDITORIA 650;True;PENDENTE;;;evidence/10_Trajet_rias_e_VFX/VFX-030/;;
VFX-031;10. Trajetórias e VFX;P2;VIS;VFX de impedimento;Jogada interrompida.;captura/vídeo;Feedback identifica evento sem cobrir linha e atletas.;PENDENTE 2.5D;AUDITORIA 650;True;PENDENTE;;;evidence/10_Trajet_rias_e_VFX/VFX-031/;;
VFX-032;10. Trajetórias e VFX;P2;VIS;VFX de cartão;Amarelo e vermelho.;vídeo;"Visível e breve; não bloqueia controles essenciais.";PENDENTE 2.5D;AUDITORIA 650;True;PENDENTE;;;evidence/10_Trajet_rias_e_VFX/VFX-032/;;
VFX-033;10. Trajetórias e VFX;P2;VIS;VFX de substituição;Entrada/saída.;vídeo;Identifica atletas corretos sem congelar o jogo indevidamente.;PENDENTE 2.5D;AUDITORIA 650;True;PENDENTE;;;evidence/10_Trajet_rias_e_VFX/VFX-033/;;
VFX-034;10. Trajetórias e VFX;P1;VIS;VFX de posse/momentum;Mudanças rápidas de domínio.;vídeo;Indicador suaviza variações e não pisca excessivamente.;PENDENTE 2.5D;AUDITORIA 650;True;PENDENTE;;;evidence/10_Trajet_rias_e_VFX/VFX-034/;;
VFX-035;10. Trajetórias e VFX;P2;VIS;VFX de tempo adicional;Entrada nos acréscimos.;captura;Mensagem legível e não interfere no campo.;PENDENTE 2.5D;AUDITORIA 650;True;PENDENTE;;;evidence/10_Trajet_rias_e_VFX/VFX-035/;;
VFX-036;10. Trajetórias e VFX;P1;AUTO+VIS;Escala de VFX por profundidade;Repetir mesmo evento perto e longe.;medidas em pixels;Escala varia de forma monotônica e limitada.;PENDENTE 2.5D;AUDITORIA 650;True;PENDENTE;;;evidence/10_Trajet_rias_e_VFX/VFX-036/;;
VFX-037;10. Trajetórias e VFX;P1;VIS;Opacidade em sobreposição;Dois efeitos simultâneos.;captura;Bola e atletas continuam identificáveis.;PENDENTE 2.5D;AUDITORIA 650;True;PENDENTE;;;evidence/10_Trajet_rias_e_VFX/VFX-037/;;
VFX-038;10. Trajetórias e VFX;P2;VIS;Sem clipping em bordas;Evento próximo à linha/tela.;captura;Efeito é contido ou reposicionado sem corte feio.;PENDENTE 2.5D;AUDITORIA 650;True;PENDENTE;;;evidence/10_Trajet_rias_e_VFX/VFX-038/;;
VFX-039;10. Trajetórias e VFX;P1;A11Y+VIS;Reduced motion;Ativar preferência de movimento reduzido.;comparação on/off;Remove/reduz rastro, pulso e animações não essenciais sem perder informação.;PENDENTE 2.5D;AUDITORIA 650;True;PENDENTE;;;evidence/10_Trajet_rias_e_VFX/VFX-039/;;
VFX-040;10. Trajetórias e VFX;P1;A11Y;Sem dependência exclusiva de cor;Gol, cartão, impedimento e seleção.;capturas em escala de cinza;Forma, texto ou ícone complementa a cor.;PENDENTE 2.5D;AUDITORIA 650;True;PENDENTE;;;evidence/10_Trajet_rias_e_VFX/VFX-040/;;
VFX-041;10. Trajetórias e VFX;P2;A11Y;Contraste de VFX;Campo claro/escuro e uniformes variados.;medição e painel;Feedback permanece perceptível sem brilho excessivo.;PENDENTE 2.5D;AUDITORIA 650;True;PENDENTE;;;evidence/10_Trajet_rias_e_VFX/VFX-041/;;
VFX-042;10. Trajetórias e VFX;P1;AUTO;Cache de projeção limpo;Trocar resolução e orientação repetidamente.;tamanho dos caches;"Caches inválidos são descartados; nenhum crescimento contínuo.";PENDENTE 2.5D;AUDITORIA 650;True;PENDENTE;;;evidence/10_Trajet_rias_e_VFX/VFX-042/;;
VFX-043;10. Trajetórias e VFX;P0;AUTO;Cache de VFX limpo;Jogar 20 partidas seguidas.;objetos alocados;Contagem retorna ao baseline após cada partida.;PENDENTE 2.5D;AUDITORIA 650;True;PENDENTE;;;evidence/10_Trajet_rias_e_VFX/VFX-043/;;
VFX-044;10. Trajetórias e VFX;P2;VIS;Gomos/rotação da bola;Bola gira em passe, chute e quique.;clipes em 0,5x;Rotação acompanha vetor sem parecer textura fixa ou giro invertido.;PENDENTE 2.5D;AUDITORIA 650;True;PENDENTE;;;evidence/10_Trajet_rias_e_VFX/VFX-044/;;
VFX-045;10. Trajetórias e VFX;P1;VIS;Moldura visual consistente;Comparar partida, falta e pênalti.;capturas lado a lado;Mesma linguagem de campo, câmera e overlays em todas as cenas.;PENDENTE 2.5D;AUDITORIA 650;True;PENDENTE;;;evidence/10_Trajet_rias_e_VFX/VFX-045/;;
UX-001;11. UX;P1;PAINEL HUMANO;Carregamento: compreensão imediata;"Abrir a tela sem instrução prévia e pedir a 3 usuários que indiquem a ação principal; foco em feedback de progresso e falha.";taxa de acerto + comentários;Pelo menos 2/3 identificam a ação principal em até 5 s.;PENDENTE 2.5D;AUDITORIA 650;True;PENDENTE;;;evidence/11_UX/UX-001/;;
UX-002;11. UX;P1;DIR;Carregamento: conclusão sem bloqueio;Executar o fluxo principal e um caminho de volta/cancelamento.;vídeo do fluxo;Fluxo termina sem botão oculto, estado morto, perda silenciosa ou navegação circular.;PENDENTE 2.5D;AUDITORIA 650;True;PENDENTE;;;evidence/11_UX/UX-002/;;
UX-003;11. UX;P1;PAINEL HUMANO;Tela inicial: compreensão imediata;"Abrir a tela sem instrução prévia e pedir a 3 usuários que indiquem a ação principal; foco em hierarquia de jogar, continuar e configurações.";taxa de acerto + comentários;Pelo menos 2/3 identificam a ação principal em até 5 s.;PENDENTE 2.5D;AUDITORIA 650;True;PENDENTE;;;evidence/11_UX/UX-003/;;
UX-004;11. UX;P1;DIR;Tela inicial: conclusão sem bloqueio;Executar o fluxo principal e um caminho de volta/cancelamento.;vídeo do fluxo;Fluxo termina sem botão oculto, estado morto, perda silenciosa ou navegação circular.;PENDENTE 2.5D;AUDITORIA 650;True;PENDENTE;;;evidence/11_UX/UX-004/;;
UX-005;11. UX;P1;PAINEL HUMANO;Seleção de modo: compreensão imediata;"Abrir a tela sem instrução prévia e pedir a 3 usuários que indiquem a ação principal; foco em clareza das opções e consequências.";taxa de acerto + comentários;Pelo menos 2/3 identificam a ação principal em até 5 s.;PENDENTE 2.5D;AUDITORIA 650;True;PENDENTE;;;evidence/11_UX/UX-005/;;
UX-006;11. UX;P1;DIR;Seleção de modo: conclusão sem bloqueio;Executar o fluxo principal e um caminho de volta/cancelamento.;vídeo do fluxo;Fluxo termina sem botão oculto, estado morto, perda silenciosa ou navegação circular.;PENDENTE 2.5D;AUDITORIA 650;True;PENDENTE;;;evidence/11_UX/UX-006/;;
UX-007;11. UX;P1;PAINEL HUMANO;Draft: compreensão imediata;"Abrir a tela sem instrução prévia e pedir a 3 usuários que indiquem a ação principal; foco em sorteio, escolha, reroll e estado do elenco.";taxa de acerto + comentários;Pelo menos 2/3 identificam a ação principal em até 5 s.;PENDENTE 2.5D;AUDITORIA 650;True;PENDENTE;;;evidence/11_UX/UX-007/;;
UX-008;11. UX;P0;DIR;Draft: conclusão sem bloqueio;Executar o fluxo principal e um caminho de volta/cancelamento.;vídeo do fluxo;Fluxo termina sem botão oculto, estado morto, perda silenciosa ou navegação circular.;PENDENTE 2.5D;AUDITORIA 650;True;PENDENTE;;;evidence/11_UX/UX-008/;;
UX-009;11. UX;P1;PAINEL HUMANO;Elenco: compreensão imediata;"Abrir a tela sem instrução prévia e pedir a 3 usuários que indiquem a ação principal; foco em titulares, reservas e posições.";taxa de acerto + comentários;Pelo menos 2/3 identificam a ação principal em até 5 s.;PENDENTE 2.5D;AUDITORIA 650;True;PENDENTE;;;evidence/11_UX/UX-009/;;
UX-010;11. UX;P1;DIR;Elenco: conclusão sem bloqueio;Executar o fluxo principal e um caminho de volta/cancelamento.;vídeo do fluxo;Fluxo termina sem botão oculto, estado morto, perda silenciosa ou navegação circular.;PENDENTE 2.5D;AUDITORIA 650;True;PENDENTE;;;evidence/11_UX/UX-010/;;
UX-011;11. UX;P1;PAINEL HUMANO;Formação: compreensão imediata;"Abrir a tela sem instrução prévia e pedir a 3 usuários que indiquem a ação principal; foco em campo, troca de jogadores e compatibilidade.";taxa de acerto + comentários;Pelo menos 2/3 identificam a ação principal em até 5 s.;PENDENTE 2.5D;AUDITORIA 650;True;PENDENTE;;;evidence/11_UX/UX-011/;;
UX-012;11. UX;P0;DIR;Formação: conclusão sem bloqueio;Executar o fluxo principal e um caminho de volta/cancelamento.;vídeo do fluxo;Fluxo termina sem botão oculto, estado morto, perda silenciosa ou navegação circular.;PENDENTE 2.5D;AUDITORIA 650;True;PENDENTE;;;evidence/11_UX/UX-012/;;
UX-013;11. UX;P1;PAINEL HUMANO;Táticas: compreensão imediata;"Abrir a tela sem instrução prévia e pedir a 3 usuários que indiquem a ação principal; foco em mentalidade, estilo e instruções.";taxa de acerto + comentários;Pelo menos 2/3 identificam a ação principal em até 5 s.;PENDENTE 2.5D;AUDITORIA 650;True;PENDENTE;;;evidence/11_UX/UX-013/;;
UX-014;11. UX;P0;DIR;Táticas: conclusão sem bloqueio;Executar o fluxo principal e um caminho de volta/cancelamento.;vídeo do fluxo;Fluxo termina sem botão oculto, estado morto, perda silenciosa ou navegação circular.;PENDENTE 2.5D;AUDITORIA 650;True;PENDENTE;;;evidence/11_UX/UX-014/;;
UX-015;11. UX;P1;PAINEL HUMANO;Adversário: compreensão imediata;"Abrir a tela sem instrução prévia e pedir a 3 usuários que indiquem a ação principal; foco em leitura de formação, força e ameaças.";taxa de acerto + comentários;Pelo menos 2/3 identificam a ação principal em até 5 s.;PENDENTE 2.5D;AUDITORIA 650;True;PENDENTE;;;evidence/11_UX/UX-015/;;
UX-016;11. UX;P1;DIR;Adversário: conclusão sem bloqueio;Executar o fluxo principal e um caminho de volta/cancelamento.;vídeo do fluxo;Fluxo termina sem botão oculto, estado morto, perda silenciosa ou navegação circular.;PENDENTE 2.5D;AUDITORIA 650;True;PENDENTE;;;evidence/11_UX/UX-016/;;
UX-017;11. UX;P1;PAINEL HUMANO;Pré-jogo: compreensão imediata;"Abrir a tela sem instrução prévia e pedir a 3 usuários que indiquem a ação principal; foco em resumo e início da partida.";taxa de acerto + comentários;Pelo menos 2/3 identificam a ação principal em até 5 s.;PENDENTE 2.5D;AUDITORIA 650;True;PENDENTE;;;evidence/11_UX/UX-017/;;
UX-018;11. UX;P0;DIR;Pré-jogo: conclusão sem bloqueio;Executar o fluxo principal e um caminho de volta/cancelamento.;vídeo do fluxo;Fluxo termina sem botão oculto, estado morto, perda silenciosa ou navegação circular.;PENDENTE 2.5D;AUDITORIA 650;True;PENDENTE;;;evidence/11_UX/UX-018/;;
UX-019;11. UX;P1;PAINEL HUMANO;Intervalo: compreensão imediata;"Abrir a tela sem instrução prévia e pedir a 3 usuários que indiquem a ação principal; foco em estatísticas, ajustes e retorno.";taxa de acerto + comentários;Pelo menos 2/3 identificam a ação principal em até 5 s.;PENDENTE 2.5D;AUDITORIA 650;True;PENDENTE;;;evidence/11_UX/UX-019/;;
UX-020;11. UX;P1;DIR;Intervalo: conclusão sem bloqueio;Executar o fluxo principal e um caminho de volta/cancelamento.;vídeo do fluxo;Fluxo termina sem botão oculto, estado morto, perda silenciosa ou navegação circular.;PENDENTE 2.5D;AUDITORIA 650;True;PENDENTE;;;evidence/11_UX/UX-020/;;
UX-021;11. UX;P1;PAINEL HUMANO;Pós-jogo: compreensão imediata;"Abrir a tela sem instrução prévia e pedir a 3 usuários que indiquem a ação principal; foco em resultado, notas e eventos.";taxa de acerto + comentários;Pelo menos 2/3 identificam a ação principal em até 5 s.;PENDENTE 2.5D;AUDITORIA 650;True;PENDENTE;;;evidence/11_UX/UX-021/;;
UX-022;11. UX;P0;DIR;Pós-jogo: conclusão sem bloqueio;Executar o fluxo principal e um caminho de volta/cancelamento.;vídeo do fluxo;Fluxo termina sem botão oculto, estado morto, perda silenciosa ou navegação circular.;PENDENTE 2.5D;AUDITORIA 650;True;PENDENTE;;;evidence/11_UX/UX-022/;;
UX-023;11. UX;P1;PAINEL HUMANO;Fase de grupos: compreensão imediata;"Abrir a tela sem instrução prévia e pedir a 3 usuários que indiquem a ação principal; foco em tabela, rodada e classificação.";taxa de acerto + comentários;Pelo menos 2/3 identificam a ação principal em até 5 s.;PENDENTE 2.5D;AUDITORIA 650;True;PENDENTE;;;evidence/11_UX/UX-023/;;
UX-024;11. UX;P1;DIR;Fase de grupos: conclusão sem bloqueio;Executar o fluxo principal e um caminho de volta/cancelamento.;vídeo do fluxo;Fluxo termina sem botão oculto, estado morto, perda silenciosa ou navegação circular.;PENDENTE 2.5D;AUDITORIA 650;True;PENDENTE;;;evidence/11_UX/UX-024/;;
UX-025;11. UX;P1;PAINEL HUMANO;Chaveamento: compreensão imediata;"Abrir a tela sem instrução prévia e pedir a 3 usuários que indiquem a ação principal; foco em caminho do mata-mata e confronto atual.";taxa de acerto + comentários;Pelo menos 2/3 identificam a ação principal em até 5 s.;PENDENTE 2.5D;AUDITORIA 650;True;PENDENTE;;;evidence/11_UX/UX-025/;;
UX-026;11. UX;P1;DIR;Chaveamento: conclusão sem bloqueio;Executar o fluxo principal e um caminho de volta/cancelamento.;vídeo do fluxo;Fluxo termina sem botão oculto, estado morto, perda silenciosa ou navegação circular.;PENDENTE 2.5D;AUDITORIA 650;True;PENDENTE;;;evidence/11_UX/UX-026/;;
UX-027;11. UX;P1;PAINEL HUMANO;Configurações: compreensão imediata;"Abrir a tela sem instrução prévia e pedir a 3 usuários que indiquem a ação principal; foco em áudio, velocidade, visual e acessibilidade.";taxa de acerto + comentários;Pelo menos 2/3 identificam a ação principal em até 5 s.;PENDENTE 2.5D;AUDITORIA 650;True;PENDENTE;;;evidence/11_UX/UX-027/;;
UX-028;11. UX;P1;DIR;Configurações: conclusão sem bloqueio;Executar o fluxo principal e um caminho de volta/cancelamento.;vídeo do fluxo;Fluxo termina sem botão oculto, estado morto, perda silenciosa ou navegação circular.;PENDENTE 2.5D;AUDITORIA 650;True;PENDENTE;;;evidence/11_UX/UX-028/;;
UX-029;11. UX;P1;PAINEL HUMANO;Salvar/carregar: compreensão imediata;"Abrir a tela sem instrução prévia e pedir a 3 usuários que indiquem a ação principal; foco em lista, data, versão e confirmação.";taxa de acerto + comentários;Pelo menos 2/3 identificam a ação principal em até 5 s.;PENDENTE 2.5D;AUDITORIA 650;True;PENDENTE;;;evidence/11_UX/UX-029/;;
UX-030;11. UX;P0;DIR;Salvar/carregar: conclusão sem bloqueio;Executar o fluxo principal e um caminho de volta/cancelamento.;vídeo do fluxo;Fluxo termina sem botão oculto, estado morto, perda silenciosa ou navegação circular.;PENDENTE 2.5D;AUDITORIA 650;True;PENDENTE;;;evidence/11_UX/UX-030/;;
UX-031;11. UX;P1;PAINEL HUMANO;Ajuda/tutorial: compreensão imediata;"Abrir a tela sem instrução prévia e pedir a 3 usuários que indiquem a ação principal; foco em explicação contextual sem bloquear fluxo.";taxa de acerto + comentários;Pelo menos 2/3 identificam a ação principal em até 5 s.;PENDENTE 2.5D;AUDITORIA 650;True;PENDENTE;;;evidence/11_UX/UX-031/;;
UX-032;11. UX;P1;DIR;Ajuda/tutorial: conclusão sem bloqueio;Executar o fluxo principal e um caminho de volta/cancelamento.;vídeo do fluxo;Fluxo termina sem botão oculto, estado morto, perda silenciosa ou navegação circular.;PENDENTE 2.5D;AUDITORIA 650;True;PENDENTE;;;evidence/11_UX/UX-032/;;
UX-033;11. UX;P0;PAINEL HUMANO;Placar: leitura em um olhar;Partida em desktop e mobile.;teste de 3 s;Usuário identifica seleções, placar e tempo em até 3 s.;PENDENTE 2.5D;AUDITORIA 650;True;PENDENTE;;;evidence/11_UX/UX-033/;;
UX-034;11. UX;P1;DIR;Velocidade: estado visível;Alternar 1.0x, 1.8x e 3.6x.;capturas;Velocidade ativa é inequívoca e controle é fácil de alcançar.;PENDENTE 2.5D;AUDITORIA 650;True;PENDENTE;;;evidence/11_UX/UX-034/;;
UX-035;11. UX;P0;DIR;Pausa: estado e retomada;Pausar durante lance.;vídeo;"Estado pausado é claro; retomar exige uma ação e não gera clique acidental.";PENDENTE 2.5D;AUDITORIA 650;True;PENDENTE;;;evidence/11_UX/UX-035/;;
UX-036;11. UX;P1;DIR;Mentalidade: efeito compreensível;Trocar defensiva/equilibrada/ofensiva.;UI + tooltip;Usuário entende alteração sem sliders ambíguos ou duplicidade de comando.;PENDENTE 2.5D;AUDITORIA 650;True;PENDENTE;;;evidence/11_UX/UX-036/;;
UX-037;11. UX;P1;DIR;Tabs Tudo/Adversário/Estatísticas;Alternar durante jogo.;vídeo;Conteúdo muda sem perder contexto ou cobrir ação crítica permanentemente.;PENDENTE 2.5D;AUDITORIA 650;True;PENDENTE;;;evidence/11_UX/UX-037/;;
UX-038;11. UX;P0;AUTO+VIS;Eventos: ordem cronológica;Partida com gols, cartões e substituições.;lista x log;"Ordem e minuto correspondem ao motor; duplicatas ausentes.";PENDENTE 2.5D;AUDITORIA 650;True;PENDENTE;;;evidence/11_UX/UX-038/;;
UX-039;11. UX;P0;AUTO;Estatísticas: consistência;Comparar painel e resultado final.;snapshot antes/depois;Números iguais e rótulos claros.;PENDENTE 2.5D;AUDITORIA 650;True;PENDENTE;;;evidence/11_UX/UX-039/;;
UX-040;11. UX;P1;PAINEL HUMANO;Momentum: interpretação;Mudanças de domínio.;teste de compreensão;Usuários entendem tendência sem confundir com probabilidade garantida de gol.;PENDENTE 2.5D;AUDITORIA 650;True;PENDENTE;;;evidence/11_UX/UX-040/;;
UX-041;11. UX;P1;VIS;Destaques: não ocultar jogo;Eventos importantes aparecem.;vídeo;Overlay é breve, legível e não impede acompanhar a bola.;PENDENTE 2.5D;AUDITORIA 650;True;PENDENTE;;;evidence/11_UX/UX-041/;;
UX-042;11. UX;P0;DIR;Botão continuar pós-jogo;Resultado encerrado.;vídeo;Botão é visível, funciona uma vez e avança à tela correta.;PENDENTE 2.5D;AUDITORIA 650;True;PENDENTE;;;evidence/11_UX/UX-042/;;
UX-043;11. UX;P1;DIR;Mensagem de erro acionável;Forçar falha de save/build/dados.;captura da mensagem;Explica o que ocorreu, impacto e ação possível sem stack técnico bruto.;PENDENTE 2.5D;AUDITORIA 650;True;PENDENTE;;;evidence/11_UX/UX-043/;;
UX-044;11. UX;P1;DIR;Confirmação de ação destrutiva;Apagar save ou reiniciar torneio.;vídeo;Exige confirmação clara e oferece cancelar.;PENDENTE 2.5D;AUDITORIA 650;True;PENDENTE;;;evidence/11_UX/UX-044/;;
UX-045;11. UX;P0;DIR;Prevenção de escolha duplicada no draft;Tentar selecionar atleta já escolhido.;vídeo + estado;Ação é bloqueada antes de corromper elenco e motivo é mostrado.;PENDENTE 2.5D;AUDITORIA 650;True;PENDENTE;;;evidence/11_UX/UX-045/;;
UX-046;11. UX;P0;DIR;Salvaguarda 10/11 sem reroll;Chegar ao fim do draft com elenco incompleto.;vídeo;"Sistema oferece caminho válido para completar; não prende o usuário.";PENDENTE 2.5D;AUDITORIA 650;True;PENDENTE;;;evidence/11_UX/UX-046/;;
UX-047;11. UX;P2;DIR;Persistência de preferências;Alterar áudio, velocidade e layout.;reabertura da página;Preferências suportadas permanecem e podem ser resetadas.;PENDENTE 2.5D;AUDITORIA 650;True;PENDENTE;;;evidence/11_UX/UX-047/;;
UX-048;11. UX;P1;DIR;Voltar sem perder alterações;Entrar em subpainel tático e retornar.;antes/depois;"Mudanças confirmadas permanecem; não confirmadas são tratadas explicitamente.";PENDENTE 2.5D;AUDITORIA 650;True;PENDENTE;;;evidence/11_UX/UX-048/;;
UX-049;11. UX;P2;VIS;Estado vazio;Abrir saves/eventos sem conteúdo.;capturas;Exibe mensagem e próxima ação, não área vazia ambígua.;PENDENTE 2.5D;AUDITORIA 650;True;PENDENTE;;;evidence/11_UX/UX-049/;;
UX-050;11. UX;P1;VIS;Consistência visual global;Comparar todas as telas.;painel de capturas;Tipografia, espaçamento, cores e componentes seguem sistema único.;PENDENTE 2.5D;AUDITORIA 650;True;PENDENTE;;;evidence/11_UX/UX-050/;;
MOB-001;12. Mobile;P0;DIR;Abertura em celular real;Abrir build em Android e iOS suportados.;vídeo de carregamento;Chega ao menu sem loading infinito ou tela branca.;PENDENTE 2.5D;AUDITORIA 650;True;PENDENTE;;;evidence/12_Mobile/MOB-001/;;
MOB-002;12. Mobile;P0;VIS;Retrato: tela inicial;Viewport 360x800 e 390x844.;capturas;"Conteúdo cabe sem rolagem horizontal; CTA principal visível.";PENDENTE 2.5D;AUDITORIA 650;True;PENDENTE;;;evidence/12_Mobile/MOB-002/;;
MOB-003;12. Mobile;P1;VIS;Paisagem: tela inicial;Viewport 800x360 e 844x390.;capturas;Layout reorganiza sem sobreposição.;PENDENTE 2.5D;AUDITORIA 650;True;PENDENTE;;;evidence/12_Mobile/MOB-003/;;
MOB-004;12. Mobile;P0;DIR;Retrato: draft;Completar uma escolha.;vídeo;"Cartas, dados e ações são tocáveis; nenhuma informação essencial cortada.";PENDENTE 2.5D;AUDITORIA 650;True;PENDENTE;;;evidence/12_Mobile/MOB-004/;;
MOB-005;12. Mobile;P1;DIR;Paisagem: draft;Completar uma escolha.;vídeo;Usa largura adicional e mantém botões discretos.;PENDENTE 2.5D;AUDITORIA 650;True;PENDENTE;;;evidence/12_Mobile/MOB-005/;;
MOB-006;12. Mobile;P0;DIR;Retrato: formação;Mover jogador e abrir detalhes.;vídeo;Campo e reservas utilizáveis sem zoom involuntário.;PENDENTE 2.5D;AUDITORIA 650;True;PENDENTE;;;evidence/12_Mobile/MOB-006/;;
MOB-007;12. Mobile;P0;DIR;Paisagem: formação;Mover jogador e ajustar tática.;vídeo;Mais campo visível e painéis não cobrem posições.;PENDENTE 2.5D;AUDITORIA 650;True;PENDENTE;;;evidence/12_Mobile/MOB-007/;;
MOB-008;12. Mobile;P0;DIR;Retrato: partida;Jogar cinco minutos.;vídeo;"Placar, campo e controles essenciais visíveis; sem corte do palco.";PENDENTE 2.5D;AUDITORIA 650;True;PENDENTE;;;evidence/12_Mobile/MOB-008/;;
MOB-009;12. Mobile;P0;DIR;Paisagem: partida;Jogar cinco minutos.;vídeo;Campo maximizado e HUD compacto.;PENDENTE 2.5D;AUDITORIA 650;True;PENDENTE;;;evidence/12_Mobile/MOB-009/;;
MOB-010;12. Mobile;P0;DIR;Rotação durante partida;Alternar retrato/paisagem três vezes.;vídeo + console;Recalcula layout/caches sem reiniciar ou alterar lógica.;PENDENTE 2.5D;AUDITORIA 650;True;PENDENTE;;;evidence/12_Mobile/MOB-010/;;
MOB-011;12. Mobile;P1;DIR;Rotação em telas de menu;Alternar orientação no draft e formação.;vídeo;Estado e seleção preservados.;PENDENTE 2.5D;AUDITORIA 650;True;PENDENTE;;;evidence/12_Mobile/MOB-011/;;
MOB-012;12. Mobile;P0;VIS;Safe area de notch;Dispositivo com recorte superior.;captura;Placar e botões respeitam safe-area-inset.;PENDENTE 2.5D;AUDITORIA 650;True;PENDENTE;;;evidence/12_Mobile/MOB-012/;;
MOB-013;12. Mobile;P0;VIS;Safe area inferior;Dispositivo com barra gestual.;captura;Ações não ficam sob a barra do sistema.;PENDENTE 2.5D;AUDITORIA 650;True;PENDENTE;;;evidence/12_Mobile/MOB-013/;;
MOB-014;12. Mobile;P1;A11Y;Alvos de toque;Medir botões principais.;relatório de dimensões;Alvos essenciais >=44x44 CSS px ou espaçamento equivalente.;PENDENTE 2.5D;AUDITORIA 650;True;PENDENTE;;;evidence/12_Mobile/MOB-014/;;
MOB-015;12. Mobile;P0;DIR;Sem toque duplo acidental;Tocar rapidamente em continuar/substituir.;vídeo + eventos;Ação executa uma vez e desabilita durante processamento.;PENDENTE 2.5D;AUDITORIA 650;True;PENDENTE;;;evidence/12_Mobile/MOB-015/;;
MOB-016;12. Mobile;P0;DIR;Arrastar jogador;Mover atleta em formação com dedo.;vídeo;Elemento acompanha dedo, possui área de soltura clara e não rola página.;PENDENTE 2.5D;AUDITORIA 650;True;PENDENTE;;;evidence/12_Mobile/MOB-016/;;
MOB-017;12. Mobile;P1;DIR;Rolagem em painéis;Abrir lista longa de eventos/elenco.;vídeo;Rolagem interna funciona sem mover campo indevidamente.;PENDENTE 2.5D;AUDITORIA 650;True;PENDENTE;;;evidence/12_Mobile/MOB-017/;;
MOB-018;12. Mobile;P1;DIR;Pinch-zoom involuntário;Tocar rapidamente no campo.;vídeo;"Jogo não amplia por acidente; zoom do navegador não é bloqueado onde acessibilidade exigir.";PENDENTE 2.5D;AUDITORIA 650;True;PENDENTE;;;evidence/12_Mobile/MOB-018/;;
MOB-019;12. Mobile;P1;DIR;Teclado virtual;Editar nome/save quando aplicável.;vídeo;Campo permanece visível e layout retorna após fechar teclado.;PENDENTE 2.5D;AUDITORIA 650;True;PENDENTE;;;evidence/12_Mobile/MOB-019/;;
MOB-020;12. Mobile;P1;DIR;Back do Android;Navegar entre telas e modal.;vídeo;Fecha modal/volta de forma previsvisível sem sair e perder estado.;PENDENTE 2.5D;AUDITORIA 650;True;PENDENTE;;;evidence/12_Mobile/MOB-020/;;
MOB-021;12. Mobile;P0;DIR;Recarregamento por memória;Alternar para outro app e voltar.;vídeo;"Se página sobreviver, retoma; se recarregar, oferece recuperação segura.";PENDENTE 2.5D;AUDITORIA 650;True;PENDENTE;;;evidence/12_Mobile/MOB-021/;;
MOB-022;12. Mobile;P2;DIR;Modo tela cheia;Entrar/sair quando suportado.;vídeo;Layout recalcula e controles continuam acessíveis.;PENDENTE 2.5D;AUDITORIA 650;True;PENDENTE;;;evidence/12_Mobile/MOB-022/;;
MOB-023;12. Mobile;P1;DIR;Áudio sob política móvel;Iniciar jogo sem interação prévia.;console + vídeo;"Não gera erro; áudio inicia somente após gesto quando exigido.";PENDENTE 2.5D;AUDITORIA 650;True;PENDENTE;;;evidence/12_Mobile/MOB-023/;;
MOB-024;12. Mobile;P1;DIR;Toque durante animação;Tocar em controles enquanto VFX ocorre.;vídeo;"Inputs essenciais respondem; ações bloqueadas indicam estado.";PENDENTE 2.5D;AUDITORIA 650;True;PENDENTE;;;evidence/12_Mobile/MOB-024/;;
MOB-025;12. Mobile;P1;DIR;Painel de estatísticas móvel;Abrir/fechar repetidamente.;vídeo;Não cobre permanentemente placar/campo e possui fechamento claro.;PENDENTE 2.5D;AUDITORIA 650;True;PENDENTE;;;evidence/12_Mobile/MOB-025/;;
MOB-026;12. Mobile;P0;DIR;Painel tático móvel;Alterar mentalidade e formação.;vídeo;Controles cabem e confirmação é inequívoca.;PENDENTE 2.5D;AUDITORIA 650;True;PENDENTE;;;evidence/12_Mobile/MOB-026/;;
MOB-027;12. Mobile;P1;A11Y+VIS;Texto a 200% no mobile;Aumentar tamanho do sistema/navegador.;capturas;Fluxo principal permanece utilizável sem conteúdo essencial cortado.;PENDENTE 2.5D;AUDITORIA 650;True;PENDENTE;;;evidence/12_Mobile/MOB-027/;;
MOB-028;12. Mobile;P2;PAINEL HUMANO;Contraste sob brilho externo;Avaliar em tela real com brilho alto.;registro de leitura;Placar, bola e ações continuam distinguíveis.;PENDENTE 2.5D;AUDITORIA 650;True;PENDENTE;;;evidence/12_Mobile/MOB-028/;;
MOB-029;12. Mobile;P0;PERF;FPS móvel em 1.0x;Partida de 10 min em aparelho intermediário.;frame time;Mediana >=45 FPS e p95 frame time <=33 ms, sem travadas longas.;PENDENTE 2.5D;AUDITORIA 650;True;PENDENTE;;;evidence/12_Mobile/MOB-029/;;
MOB-030;12. Mobile;P0;PERF;FPS móvel em TURBO;Partida de 5 min em 3.6x.;frame time;Mediana >=30 FPS e nenhum travamento superior a 250 ms.;PENDENTE 2.5D;AUDITORIA 650;True;PENDENTE;;;evidence/12_Mobile/MOB-030/;;
MOB-031;12. Mobile;P0;PERF;Memória móvel;Jogar três partidas seguidas.;heap por partida;Crescimento líquido <=15% após coleta e retorno ao menu.;PENDENTE 2.5D;AUDITORIA 650;True;PENDENTE;;;evidence/12_Mobile/MOB-031/;;
MOB-032;12. Mobile;P1;PERF;Temperatura/bateria;Jogar 20 min em aparelho real.;temperatura, bateria e throttling;Sem throttling severo que torne partida impraticável.;PENDENTE 2.5D;AUDITORIA 650;True;PENDENTE;;;evidence/12_Mobile/MOB-032/;;
MOB-033;12. Mobile;P1;DIR;Conexão offline;Abrir arquivo/cache sem rede.;vídeo;"Funcionalidade autocontida disponível; falhas online opcionais não bloqueiam.";PENDENTE 2.5D;AUDITORIA 650;True;PENDENTE;;;evidence/12_Mobile/MOB-033/;;
MOB-034;12. Mobile;P1;DIR;Compartilhamento/baixar HTML;Abrir por arquivo local ou GitHub Pages.;vídeos em ambos;Mesma versão e comportamento essencial.;PENDENTE 2.5D;AUDITORIA 650;True;PENDENTE;;;evidence/12_Mobile/MOB-034/;;
MOB-035;12. Mobile;P0;DIR;Compatibilidade de navegadores móveis;Chrome Android e Safari iOS suportados.;matriz de execução;Todos os fluxos P0 passam nos dois motores.;PENDENTE 2.5D;AUDITORIA 650;True;PENDENTE;;;evidence/12_Mobile/MOB-035/;;
A11Y-001;13. Acessibilidade;P0;A11Y;Navegação completa por teclado;Percorrer menus, draft, formação, táticas e pós-jogo.;roteiro + vídeo;Toda ação essencial alcançável sem mouse.;PENDENTE 2.5D;AUDITORIA 650;True;PENDENTE;;;evidence/13_Acessibilidade/A11Y-001/;;
A11Y-002;13. Acessibilidade;P0;A11Y;Ordem de foco;Tabular cada tela.;sequência de foco;Ordem segue leitura visual e não entra em elementos ocultos.;PENDENTE 2.5D;AUDITORIA 650;True;PENDENTE;;;evidence/13_Acessibilidade/A11Y-002/;;
A11Y-003;13. Acessibilidade;P0;A11Y+VIS;Indicador de foco visível;Focar botões, tabs e cards.;capturas;Foco tem contraste e não depende apenas de cor sutil.;PENDENTE 2.5D;AUDITORIA 650;True;PENDENTE;;;evidence/13_Acessibilidade/A11Y-003/;;
A11Y-004;13. Acessibilidade;P1;A11Y;Escape fecha modais;Abrir configurações, ajuda e confirmações.;vídeo;Esc fecha modal e devolve foco ao acionador.;PENDENTE 2.5D;AUDITORIA 650;True;PENDENTE;;;evidence/13_Acessibilidade/A11Y-004/;;
A11Y-005;13. Acessibilidade;P0;A11Y;Enter/Espaço ativam controles;Focar botões customizados.;vídeo;Comportamento equivalente ao clique.;PENDENTE 2.5D;AUDITORIA 650;True;PENDENTE;;;evidence/13_Acessibilidade/A11Y-005/;;
A11Y-006;13. Acessibilidade;P0;A11Y;Rótulos acessíveis;Inspecionar controles sem texto visível.;árvore de acessibilidade;Todos possuem nome acessível único e descritivo.;PENDENTE 2.5D;AUDITORIA 650;True;PENDENTE;;;evidence/13_Acessibilidade/A11Y-006/;;
A11Y-007;13. Acessibilidade;P1;A11Y;Estados acessíveis;Tabs, seleção, pausa e velocidade.;árvore AX;Estado selecionado/expandido/pressionado é exposto.;PENDENTE 2.5D;AUDITORIA 650;True;PENDENTE;;;evidence/13_Acessibilidade/A11Y-007/;;
A11Y-008;13. Acessibilidade;P1;A11Y;Anúncio de placar;Gol válido e anulado.;leitor de tela;Mudança é anunciada uma vez sem interromper navegação excessivamente.;PENDENTE 2.5D;AUDITORIA 650;True;PENDENTE;;;evidence/13_Acessibilidade/A11Y-008/;;
A11Y-009;13. Acessibilidade;P0;A11Y;Anúncio de erro;Forçar erro de save.;leitor de tela;Mensagem recebe foco ou live region adequada.;PENDENTE 2.5D;AUDITORIA 650;True;PENDENTE;;;evidence/13_Acessibilidade/A11Y-009/;;
A11Y-010;13. Acessibilidade;P1;A11Y;Semântica de títulos;Inspecionar todas as telas.;outline de headings;Hierarquia lógica sem saltos arbitrários.;PENDENTE 2.5D;AUDITORIA 650;True;PENDENTE;;;evidence/13_Acessibilidade/A11Y-010/;;
A11Y-011;13. Acessibilidade;P0;A11Y;Contraste de texto;Medir textos e botões.;relatório WCAG;Atende 4,5:1 normal e 3:1 grande, salvo exceções justificadas.;PENDENTE 2.5D;AUDITORIA 650;True;PENDENTE;;;evidence/13_Acessibilidade/A11Y-011/;;
A11Y-012;13. Acessibilidade;P1;A11Y;Contraste de componentes;Foco, bordas e controles.;relatório;Atende 3:1 contra adjacências relevantes.;PENDENTE 2.5D;AUDITORIA 650;True;PENDENTE;;;evidence/13_Acessibilidade/A11Y-012/;;
A11Y-013;13. Acessibilidade;P0;A11Y;Cor não é única informação;Times, status, momentum, cartões.;capturas em escala de cinza;Ícone, texto, padrão ou posição complementa a cor.;PENDENTE 2.5D;AUDITORIA 650;True;PENDENTE;;;evidence/13_Acessibilidade/A11Y-013/;;
A11Y-014;13. Acessibilidade;P0;A11Y+VIS;Tamanho de texto 200%;Aplicar zoom 200%.;capturas/fluxo;Sem perda de conteúdo ou funcionalidade essencial.;PENDENTE 2.5D;AUDITORIA 650;True;PENDENTE;;;evidence/13_Acessibilidade/A11Y-014/;;
A11Y-015;13. Acessibilidade;P1;A11Y+VIS;Reflow 320 CSS px;Viewport estreito com zoom.;capturas;Sem rolagem em duas dimensões no fluxo principal, exceto campo quando justificado.;PENDENTE 2.5D;AUDITORIA 650;True;PENDENTE;;;evidence/13_Acessibilidade/A11Y-015/;;
A11Y-016;13. Acessibilidade;P1;A11Y+VIS;Movimento reduzido;Ativar prefers-reduced-motion.;comparação;Reduz câmera, pulso, rastro e transições não essenciais.;PENDENTE 2.5D;AUDITORIA 650;True;PENDENTE;;;evidence/13_Acessibilidade/A11Y-016/;;
A11Y-017;13. Acessibilidade;P0;A11Y;Sem flashes perigosos;Executar gols, VFX e turbo.;análise de vídeo;Nenhum flash acima de limites de frequência/área.;PENDENTE 2.5D;AUDITORIA 650;True;PENDENTE;;;evidence/13_Acessibilidade/A11Y-017/;;
A11Y-018;13. Acessibilidade;P2;A11Y;Alternativa textual ao momentum;Usar leitor de tela.;árvore AX;Tendência possui texto/valor acessível.;PENDENTE 2.5D;AUDITORIA 650;True;PENDENTE;;;evidence/13_Acessibilidade/A11Y-018/;;
A11Y-019;13. Acessibilidade;P1;A11Y;Alternativa à informação espacial;Formação e campo.;leitor de tela/estrutura;Lista de jogadores, posição e estado disponível fora do mapa visual.;PENDENTE 2.5D;AUDITORIA 650;True;PENDENTE;;;evidence/13_Acessibilidade/A11Y-019/;;
A11Y-020;13. Acessibilidade;P0;A11Y;Feedback de drag por teclado;Mover jogador sem arrastar.;vídeo;Existe alternativa de seleção e troca por teclado.;PENDENTE 2.5D;AUDITORIA 650;True;PENDENTE;;;evidence/13_Acessibilidade/A11Y-020/;;
A11Y-021;13. Acessibilidade;P2;A11Y;Idioma do documento;Inspecionar HTML.;validador;lang correto e textos em português consistentes.;PENDENTE 2.5D;AUDITORIA 650;True;PENDENTE;;;evidence/13_Acessibilidade/A11Y-021/;;
A11Y-022;13. Acessibilidade;P2;A11Y;Texto de links/botões;Revisar nomes acessíveis.;inventário;Evita rótulos vagos repetidos sem contexto.;PENDENTE 2.5D;AUDITORIA 650;True;PENDENTE;;;evidence/13_Acessibilidade/A11Y-022/;;
A11Y-023;13. Acessibilidade;P1;A11Y;Tempo ajustável;Mensagens/overlays temporizados.;roteiro;Informação essencial não desaparece antes de ser lida ou pode ser revisitada.;PENDENTE 2.5D;AUDITORIA 650;True;PENDENTE;;;evidence/13_Acessibilidade/A11Y-023/;;
A11Y-024;13. Acessibilidade;P1;A11Y;Áudio não obrigatório;Desativar som.;fluxo completo;Nenhuma informação essencial depende exclusivamente de áudio.;PENDENTE 2.5D;AUDITORIA 650;True;PENDENTE;;;evidence/13_Acessibilidade/A11Y-024/;;
A11Y-025;13. Acessibilidade;P0;A11Y;Leitor de tela no fluxo principal;Completar novo jogo até pós-jogo.;gravação NVDA/VoiceOver;Fluxo P0 completável com nomes, estados e mensagens compreensíveis.;PENDENTE 2.5D;AUDITORIA 650;True;PENDENTE;;;evidence/13_Acessibilidade/A11Y-025/;;
PERF-001;14. Performance;P1;PERF;Tempo até primeira tela;Carregamento frio do HTML.;Performance trace;Tela inicial interativa <=3 s em desktop de referência e <=5 s móvel intermediário.;PENDENTE 2.5D;AUDITORIA 650;True;PENDENTE;;;evidence/14_Performance/PERF-001/;;
PERF-002;14. Performance;P1;PERF;Tempo para iniciar partida;Do clique em jogar ao primeiro frame.;marcas de tempo;<=2 s desktop e <=4 s móvel, excluindo ação humana.;PENDENTE 2.5D;AUDITORIA 650;True;PENDENTE;;;evidence/14_Performance/PERF-002/;;
PERF-003;14. Performance;P0;PERF;FPS desktop 1.0x;Partida de 15 min em 1920x1080.;frame time;Mediana >=58 FPS e p95 <=20 ms.;PENDENTE 2.5D;AUDITORIA 650;True;PENDENTE;;;evidence/14_Performance/PERF-003/;;
PERF-004;14. Performance;P1;PERF;FPS desktop 1.8x;Partida de 10 min.;frame time;Mediana >=55 FPS e p95 <=24 ms.;PENDENTE 2.5D;AUDITORIA 650;True;PENDENTE;;;evidence/14_Performance/PERF-004/;;
PERF-005;14. Performance;P0;PERF;FPS desktop 3.6x;Partida de 10 min.;frame time;"Mediana >=50 FPS e p95 <=28 ms; sem pulso/rastro acumulado.";PENDENTE 2.5D;AUDITORIA 650;True;PENDENTE;;;evidence/14_Performance/PERF-005/;;
PERF-006;14. Performance;P0;PERF;FPS mobile 1.0x;Aparelho intermediário em paisagem.;frame time;Mediana >=45 FPS e p95 <=33 ms.;PENDENTE 2.5D;AUDITORIA 650;True;PENDENTE;;;evidence/14_Performance/PERF-006/;;
PERF-007;14. Performance;P0;PERF;FPS mobile 3.6x;Aparelho intermediário.;frame time;"Mediana >=30 FPS; nenhum freeze >250 ms.";PENDENTE 2.5D;AUDITORIA 650;True;PENDENTE;;;evidence/14_Performance/PERF-007/;;
PERF-008;14. Performance;P0;PERF;Long tasks;Partida completa desktop.;trace main thread;"Nenhuma long task >200 ms; no máximo 3 acima de 50 ms por minuto.";PENDENTE 2.5D;AUDITORIA 650;True;PENDENTE;;;evidence/14_Performance/PERF-008/;;
PERF-009;14. Performance;P1;PERF;Input latency;Pausa, tabs e táticas durante jogo.;event timing;Resposta visual p95 <=100 ms.;PENDENTE 2.5D;AUDITORIA 650;True;PENDENTE;;;evidence/14_Performance/PERF-009/;;
PERF-010;14. Performance;P0;PERF;Memória por partida;Executar uma partida e voltar ao menu.;heap snapshots;Heap retorna a até 10% do baseline após GC.;PENDENTE 2.5D;AUDITORIA 650;True;PENDENTE;;;evidence/14_Performance/PERF-010/;;
PERF-011;14. Performance;P0;PERF;Memória em 20 partidas;Executar lote no mesmo navegador.;heap por partida;"Sem tendência linear; crescimento líquido <=20%.";PENDENTE 2.5D;AUDITORIA 650;True;PENDENTE;;;evidence/14_Performance/PERF-011/;;
PERF-012;14. Performance;P0;AUTO;Vazamento de listeners;Abrir/fechar partida e painéis repetidamente.;contagem de listeners;Contagem retorna ao baseline.;PENDENTE 2.5D;AUDITORIA 650;True;PENDENTE;;;evidence/14_Performance/PERF-012/;;
PERF-013;14. Performance;P0;AUTO;Vazamento de timers;Pausar, acelerar e sair.;timers ativos;Nenhum loop da partida anterior permanece.;PENDENTE 2.5D;AUDITORIA 650;True;PENDENTE;;;evidence/14_Performance/PERF-013/;;
PERF-014;14. Performance;P1;PERF;Vazamento de nós DOM;Alternar telas 50 vezes.;DOM node count;"Sem crescimento contínuo; nós órfãos removidos.";PENDENTE 2.5D;AUDITORIA 650;True;PENDENTE;;;evidence/14_Performance/PERF-014/;;
PERF-015;14. Performance;P1;PERF;Custo de nomes/labels;Ativar todos os nomes em aglomeração.;perfil de render;Anticolisão não consome >15% do frame budget.;PENDENTE 2.5D;AUDITORIA 650;True;PENDENTE;;;evidence/14_Performance/PERF-015/;;
PERF-016;14. Performance;P2;PERF;Custo de sombras;Comparar sombras on/off.;perfil comparativo;Sombras não adicionam mais de 4 ms p95 no dispositivo alvo.;PENDENTE 2.5D;AUDITORIA 650;True;PENDENTE;;;evidence/14_Performance/PERF-016/;;
PERF-017;14. Performance;P1;PERF;Custo de VFX;Sequência de gols, chutes e desarmes.;perfil;Pico permanece dentro do frame budget e objetos expiram.;PENDENTE 2.5D;AUDITORIA 650;True;PENDENTE;;;evidence/14_Performance/PERF-017/;;
PERF-018;14. Performance;P0;PERF;Custo de projeção 2.5D;Amostrar transformação por frame.;CPU profile;Projeção/câmera juntas <=25% do tempo de scripting/render do frame.;PENDENTE 2.5D;AUDITORIA 650;True;PENDENTE;;;evidence/14_Performance/PERF-018/;;
PERF-019;14. Performance;P1;PERF;Cache de projeção;Rotacionar e redimensionar 20 vezes.;heap + contagem cache;Cache é invalidado corretamente e estabiliza.;PENDENTE 2.5D;AUDITORIA 650;True;PENDENTE;;;evidence/14_Performance/PERF-019/;;
PERF-020;14. Performance;P1;PERF;Tempo de recalcular layout;Trocar retrato/paisagem.;timeline;Layout estabiliza <=250 ms sem loop de reflow.;PENDENTE 2.5D;AUDITORIA 650;True;PENDENTE;;;evidence/14_Performance/PERF-020/;;
PERF-021;14. Performance;P1;PERF;Layout thrashing;Partida com HUD e painéis.;performance trace;Nenhum ciclo recorrente de leitura/escrita forçada domina frames.;PENDENTE 2.5D;AUDITORIA 650;True;PENDENTE;;;evidence/14_Performance/PERF-021/;;
PERF-022;14. Performance;P2;AUTO;Tamanho do HTML;Medir build final.;bytes e comparação;"Crescimento é justificado; alvo <=2,5 MB salvo exceção documentada.";PENDENTE 2.5D;AUDITORIA 650;True;PENDENTE;;;evidence/14_Performance/PERF-022/;;
PERF-023;14. Performance;P1;PERF;Tempo de parsing;Carregamento frio.;trace parse/compile;JS parse+compile <=1 s desktop e <=2 s móvel alvo.;PENDENTE 2.5D;AUDITORIA 650;True;PENDENTE;;;evidence/14_Performance/PERF-023/;;
PERF-024;14. Performance;P1;PERF;Uso de CPU em pausa;Partida pausada por 60 s.;CPU média;"Uso cai para próximo do ocioso; nenhum loop pesado continua.";PENDENTE 2.5D;AUDITORIA 650;True;PENDENTE;;;evidence/14_Performance/PERF-024/;;
PERF-025;14. Performance;P0;PERF;Uso de CPU em aba oculta;Ocultar por 60 s.;CPU e timers;"Loops são reduzidos/suspensos; retorno sem avalanche de ticks.";PENDENTE 2.5D;AUDITORIA 650;True;PENDENTE;;;evidence/14_Performance/PERF-025/;;
PERF-026;14. Performance;P1;DIR+PERF;Estabilidade após suspensão;Notebook dorme e retorna.;vídeo + console;"Jogo recupera ou pausa com mensagem; sem crash.";PENDENTE 2.5D;AUDITORIA 650;True;PENDENTE;;;evidence/14_Performance/PERF-026/;;
PERF-027;14. Performance;P1;PERF;Compatibilidade sem GPU dedicada;Executar em gráficos integrados.;FPS e erros;Fluxo P0 permanece jogável dentro de meta reduzida documentada.;PENDENTE 2.5D;AUDITORIA 650;True;PENDENTE;;;evidence/14_Performance/PERF-027/;;
PERF-028;14. Performance;P1;PERF;Thermal throttling móvel;Sessão de 20 min.;FPS/temperatura no tempo;Queda de FPS <30% e sem travamento prolongado.;PENDENTE 2.5D;AUDITORIA 650;True;PENDENTE;;;evidence/14_Performance/PERF-028/;;
PERF-029;14. Performance;P2;PERF;Exportação de relatório;Gerar logs completos após lote.;tempo e tamanho;Exporta sem congelar UI por >500 ms e sem truncar dados.;PENDENTE 2.5D;AUDITORIA 650;True;PENDENTE;;;evidence/14_Performance/PERF-029/;;
PERF-030;14. Performance;P1;PERF;Performance reproduzível;Repetir benchmark três vezes.;médias e desvio;Variação das métricas principais <=10%, ou causa externa documentada.;PENDENTE 2.5D;AUDITORIA 650;True;PENDENTE;;;evidence/14_Performance/PERF-030/;;
BLK-001;15. Vivacidade da posse e anti-trava;P0;AUTO;Instrumentação oficial de trava de bola;Executar sonda em jogo corrido com posição, dono, estado e ação da bola a cada tick.;JSON bruto por seed + versão da sonda;A sonda registra todas as janelas candidatas sem alterar RNG, passo lógico ou decisões.;PENDENTE R14;EXTENSÃO R14;True;PENDENTE;;;evidence/15_Vivacidade_da_posse_e_anti-trava/BLK-001/;;
BLK-002;15. Vivacidade da posse e anti-trava;P0;AUTO;Posse ativa sem imobilidade prolongada;Medir janelas em que a bola permanece em raio de 4 m durante jogo corrido.;lockCount, lockMaxSec e clips dos piores casos;"Zero janela inexplicada acima de 3,0 s de jogo; exceções administrativas classificadas separadamente.";PENDENTE R14;EXTENSÃO R14;True;PENDENTE;;;evidence/15_Vivacidade_da_posse_e_anti-trava/BLK-002/;;
BLK-003;15. Vivacidade da posse e anti-trava;P0;AUTO;Dwell de um único portador;Medir quanto tempo o mesmo atleta controla a bola sem deslocar, passar, driblar, chutar ou disputar.;histograma de dwell por jogador;"P99 <=2,5 s e máximo <=4,0 s; qualquer máximo maior exige causa futebolística reproduzível.";PENDENTE R14;EXTENSÃO R14;True;PENDENTE;;;evidence/15_Vivacidade_da_posse_e_anti-trava/BLK-003/;;
BLK-004;15. Vivacidade da posse e anti-trava;P0;AUTO;Pingue-pongue entre dois atletas;Detectar trocas repetidas de dono em área pequena entre os mesmos dois jogadores.;contagem, duração e donos;Nenhum ciclo >=6 trocas em <=4 m por mais de 3,0 s sem progressão espacial.;PENDENTE R14;EXTENSÃO R14;True;PENDENTE;;;evidence/15_Vivacidade_da_posse_e_anti-trava/BLK-004/;;
BLK-005;15. Vivacidade da posse e anti-trava;P0;AUTO;Temporizador de decisão avança em 1X;Observar portadores em 1.0x durante 10 partidas completas.;telemetria de decisionTimer;Nenhum timer congelado ou reiniciado indefinidamente sem evento correspondente.;PENDENTE R14;EXTENSÃO R14;True;PENDENTE;;;evidence/15_Vivacidade_da_posse_e_anti-trava/BLK-005/;;
BLK-006;15. Vivacidade da posse e anti-trava;P0;AUTO;Temporizador de decisão avança em 2X;Repetir cenários de posse em 2.0x.;telemetria comparativa 1X/2X;"O tempo de jogo e a lógica avançam proporcionalmente; nenhuma ação deixa de ser disparada.";PENDENTE R14;EXTENSÃO R14;True;PENDENTE;;;evidence/15_Vivacidade_da_posse_e_anti-trava/BLK-006/;;
BLK-007;15. Vivacidade da posse e anti-trava;P0;AUTO;Temporizador de decisão avança em TURBO;Repetir cenários de posse em 3.6x.;telemetria comparativa 1X/TURBO;Nenhum portador fica preso por perda de janela temporal ou salto de frame.;PENDENTE R14;EXTENSÃO R14;True;PENDENTE;;;evidence/15_Vivacidade_da_posse_e_anti-trava/BLK-007/;;
BLK-008;15. Vivacidade da posse e anti-trava;P0;AUTO;Portador sempre possui próxima ação válida;Amostrar todos os estados com ball.owner durante jogo corrido.;dump de owner, intent, target e cooldown;Todo portador possui intenção válida, reavaliação agendada ou evento físico em curso.;PENDENTE R14;EXTENSÃO R14;True;PENDENTE;;;evidence/15_Vivacidade_da_posse_e_anti-trava/BLK-008/;;
BLK-009;15. Vivacidade da posse e anti-trava;P0;AUTO;Viagem de bola sempre termina;Forçar passes, cruzamentos, lançamentos, chutes e defesas.;timeline from/target/contact/end;Toda viagem chega a contato, saída, defesa ou limite físico dentro do tempo calculado.;PENDENTE R14;EXTENSÃO R14;True;PENDENTE;;;evidence/15_Vivacidade_da_posse_e_anti-trava/BLK-009/;;
BLK-010;15. Vivacidade da posse e anti-trava;P0;AUTO;Recepção possui timeout;Forçar recepções sob pressão, bola alta e passe impreciso.;estado reception + duração;Nenhum atleta permanece em estado de recepção além do limite sem dominar, disputar ou perder a bola.;PENDENTE R14;EXTENSÃO R14;True;PENDENTE;;;evidence/15_Vivacidade_da_posse_e_anti-trava/BLK-010/;;
BLK-011;15. Vivacidade da posse e anti-trava;P0;AUTO;Disputa física possui timeout;Forçar ombro a ombro, bote e carrinho em espaço curto.;timeline de disputa;Toda disputa resolve posse, bola solta, falta ou continuidade dentro do limite definido.;PENDENTE R14;EXTENSÃO R14;True;PENDENTE;;;evidence/15_Vivacidade_da_posse_e_anti-trava/BLK-011/;;
BLK-012;15. Vivacidade da posse e anti-trava;P0;AUTO;Pressão reavalia opções do portador;Cercar o portador com 1, 2 e 3 adversários.;snapshot das opções antes/depois;"A pressão altera risco e decisão; não bloqueia eternamente a máquina de decisão.";PENDENTE R14;EXTENSÃO R14;True;PENDENTE;;;evidence/15_Vivacidade_da_posse_e_anti-trava/BLK-012/;;
BLK-013;15. Vivacidade da posse e anti-trava;P0;AUTO;Bola parada não entra como trava;Executar laterais, faltas, escanteios, tiro de meta, pênalti e kickoff.;classificação administrativa;A sonda exclui corretamente dead ball e registra separadamente atrasos de reinício.;PENDENTE R14;EXTENSÃO R14;True;PENDENTE;;;evidence/15_Vivacidade_da_posse_e_anti-trava/BLK-013/;;
BLK-014;15. Vivacidade da posse e anti-trava;P0;AUTO;Reinício libera o estado de jogo;Executar 50 reinícios variados.;deadBall/pendingRestart antes-depois;Todos os flags administrativos são zerados e o jogo volta a movimento sem intervenção externa.;PENDENTE R14;EXTENSÃO R14;True;PENDENTE;;;evidence/15_Vivacidade_da_posse_e_anti-trava/BLK-014/;;
BLK-015;15. Vivacidade da posse e anti-trava;P0;AUTO;Congestionamento na lateral não paralisa;Forçar posse junto à linha com marcação dupla.;seed + vídeo + lock telemetry;"A jogada progride, sai pela lateral, sofre desarme ou recua; não fica imóvel.";PENDENTE R14;EXTENSÃO R14;True;PENDENTE;;;evidence/15_Vivacidade_da_posse_e_anti-trava/BLK-015/;;
BLK-016;15. Vivacidade da posse e anti-trava;P0;AUTO;Congestionamento no escanteio não paralisa;Manter bola no quadrante ofensivo sob pressão.;seed + vídeo + lock telemetry;"Há cruzamento, passe de apoio, desarme ou saída; nenhuma posse estacionária sistêmica.";PENDENTE R14;EXTENSÃO R14;True;PENDENTE;;;evidence/15_Vivacidade_da_posse_e_anti-trava/BLK-016/;;
BLK-017;15. Vivacidade da posse e anti-trava;P0;AUTO;Congestionamento na área não paralisa;Forçar rebotes e segundas bolas com muitos atletas.;timeline de contatos;A bola permanece fisicamente disputável e sai do aglomerado sem teleporte ou posse fantasma.;PENDENTE R14;EXTENSÃO R14;True;PENDENTE;;;evidence/15_Vivacidade_da_posse_e_anti-trava/BLK-017/;;
BLK-018;15. Vivacidade da posse e anti-trava;P1;AUTO;Proteção de costas para o gol resolve;Atacante recebe pressionado de costas.;duração de proteção + desfecho;Proteção termina em passe, giro, falta, desarme ou perda dentro de 4 s.;PENDENTE R14;EXTENSÃO R14;True;PENDENTE;;;evidence/15_Vivacidade_da_posse_e_anti-trava/BLK-018/;;
BLK-019;15. Vivacidade da posse e anti-trava;P0;AUTO;Posse do goleiro resolve;Forçar encaixes e recuos ao goleiro.;tempo até reposição;"Goleiro repõe ou conduz dentro do limite; nenhum loop de claim/hold.";PENDENTE R14;EXTENSÃO R14;True;PENDENTE;;;evidence/15_Vivacidade_da_posse_e_anti-trava/BLK-019/;;
BLK-020;15. Vivacidade da posse e anti-trava;P0;AUTO;Pós-defesa volta ao jogo;Forçar defesa encaixada, espalmada e rebote.;state timeline do goleiro e bola;Cada defesa transita para posse, rebote, escanteio ou saída coerente.;PENDENTE R14;EXTENSÃO R14;True;PENDENTE;;;evidence/15_Vivacidade_da_posse_e_anti-trava/BLK-020/;;
BLK-021;15. Vivacidade da posse e anti-trava;P0;AUTO;Pós-lateral volta ao jogo;Executar 100 laterais em diferentes zonas.;tempo de reposição e primeira ação;A cobrança ocorre, encontra receptor ou disputa e libera os papéis temporários.;PENDENTE R14;EXTENSÃO R14;True;PENDENTE;;;evidence/15_Vivacidade_da_posse_e_anti-trava/BLK-021/;;
BLK-022;15. Vivacidade da posse e anti-trava;P0;AUTO;Pós-falta volta ao jogo;Executar faltas diretas e indiretas.;tempo de preparação e viagem;A cobrança inicia sem cena morta e todos retomam estados normais depois.;PENDENTE R14;EXTENSÃO R14;True;PENDENTE;;;evidence/15_Vivacidade_da_posse_e_anti-trava/BLK-022/;;
BLK-023;15. Vivacidade da posse e anti-trava;P0;AUTO;Pós-kickoff volta ao jogo;Executar início e reinício após gols.;ticks até primeira ação;A bola entra em jogo e o bloco tático começa a reagir imediatamente.;PENDENTE R14;EXTENSÃO R14;True;PENDENTE;;;evidence/15_Vivacidade_da_posse_e_anti-trava/BLK-023/;;
BLK-024;15. Vivacidade da posse e anti-trava;P0;AUTO;Pós-interceptação gera decisão;Forçar interceptações em defesa e meio.;tempo da interceptação à próxima ação;"Interceptor domina, passa, conduz ou perde; não congela com a bola.";PENDENTE R14;EXTENSÃO R14;True;PENDENTE;;;evidence/15_Vivacidade_da_posse_e_anti-trava/BLK-024/;;
BLK-025;15. Vivacidade da posse e anti-trava;P0;AUTO;Bola solta encontra resolução;Forçar deflexões, divididas e rebotes.;tempo sem owner + contatos;Bola solta continua física e recebe contato/saída dentro de limite espacial e temporal.;PENDENTE R14;EXTENSÃO R14;True;PENDENTE;;;evidence/15_Vivacidade_da_posse_e_anti-trava/BLK-025/;;
BLK-026;15. Vivacidade da posse e anti-trava;P0;AUTO;Passe falho não prende receptor;Forçar passe atrás, adiantado e bloqueado.;estado do alvo e da bola;Alvo abandona recepção impossível e reage ao novo estado da bola.;PENDENTE R14;EXTENSÃO R14;True;PENDENTE;;;evidence/15_Vivacidade_da_posse_e_anti-trava/BLK-026/;;
BLK-027;15. Vivacidade da posse e anti-trava;P0;AUTO;Drible concluído libera nova decisão;Forçar dribles ganhos e perdidos.;timeline dribbleStart/contact/end;Após o desfecho, portador/defensor deixam o estado de drible e o jogo continua.;PENDENTE R14;EXTENSÃO R14;True;PENDENTE;;;evidence/15_Vivacidade_da_posse_e_anti-trava/BLK-027/;;
BLK-028;15. Vivacidade da posse e anti-trava;P1;AUTO;Baixo fôlego não causa paralisia;Executar segundo tempo e prorrogação com atletas exaustos.;locks por faixa de stamina;A redução de velocidade não congela decisões nem viagens de bola.;PENDENTE R14;EXTENSÃO R14;True;PENDENTE;;;evidence/15_Vivacidade_da_posse_e_anti-trava/BLK-028/;;
BLK-029;15. Vivacidade da posse e anti-trava;P0;AUTO;Cartão vermelho não causa travamento estrutural;Executar partidas com expulsão em diferentes posições.;locks e shape após expulsão;O time reorganiza linhas e a posse segue sem jogador ausente em referências inválidas.;PENDENTE R14;EXTENSÃO R14;True;PENDENTE;;;evidence/15_Vivacidade_da_posse_e_anti-trava/BLK-029/;;
BLK-030;15. Vivacidade da posse e anti-trava;P0;AUTO;4-2-4 ofensivo mantém fluxo;Executar matriz contra 4-2-4 ofensivo e marcação adaptativa.;locks, passes, progressões e cobertura;Sobrecarga gera escolhas futebolísticas, não bloqueio de decisão.;PENDENTE R14;EXTENSÃO R14;True;PENDENTE;;;evidence/15_Vivacidade_da_posse_e_anti-trava/BLK-030/;;
BLK-031;15. Vivacidade da posse e anti-trava;P0;AUTO;Bloco baixo mantém fluxo;Executar posse longa contra retranca.;progressão, chutes, cruzamentos, perdas;"A equipe circula e tenta romper; não mantém posse imóvel em ponto único.";PENDENTE R14;EXTENSÃO R14;True;PENDENTE;;;evidence/15_Vivacidade_da_posse_e_anti-trava/BLK-031/;;
BLK-032;15. Vivacidade da posse e anti-trava;P0;AUTO;Pressão alta mantém fluxo;Executar saída curta contra pressão máxima.;tempo por posse e turnovers;A saída resulta em passe, bola longa, drible ou perda sem loops locais.;PENDENTE R14;EXTENSÃO R14;True;PENDENTE;;;evidence/15_Vivacidade_da_posse_e_anti-trava/BLK-032/;;
BLK-033;15. Vivacidade da posse e anti-trava;P1;AUTO;Favorito x azarão sem dead air;Executar 20 seeds com grande diferença de overall.;locks e tempo sem evento;A superioridade não cria posse estéril prolongada nem script de placar.;PENDENTE R14;EXTENSÃO R14;True;PENDENTE;;;evidence/15_Vivacidade_da_posse_e_anti-trava/BLK-033/;;
BLK-034;15. Vivacidade da posse e anti-trava;P1;AUTO;Forças equivalentes sem dead air;Executar 20 seeds equilibradas.;locks e tempo sem evento;O equilíbrio não degenera em trocas imóveis ou falta de progressão.;PENDENTE R14;EXTENSÃO R14;True;PENDENTE;;;evidence/15_Vivacidade_da_posse_e_anti-trava/BLK-034/;;
BLK-035;15. Vivacidade da posse e anti-trava;P0;AUTO;Matriz de 17 formações sem trava sistêmica;Cruzar formações representativas e registrar locks.;relatório por formação;Nenhuma formação excede taxa de lock definida ou concentra P0 repetitivo.;PENDENTE R14;EXTENSÃO R14;True;PENDENTE;;;evidence/15_Vivacidade_da_posse_e_anti-trava/BLK-035/;;
BLK-036;15. Vivacidade da posse e anti-trava;P0;AUTO;Matriz de 7 estilos sem trava sistêmica;Cruzar estilos e registrar locks.;relatório por estilo;Nenhum estilo produz paralisia recorrente ou dependência de watchdog.;PENDENTE R14;EXTENSÃO R14;True;PENDENTE;;;evidence/15_Vivacidade_da_posse_e_anti-trava/BLK-036/;;
BLK-037;15. Vivacidade da posse e anti-trava;P0;AUTO;Golden diverso de 200 seeds com vivacidade;Executar 200 partidas diversas com a sonda ativa.;resultado consolidado + piores seeds;"100% concluem; zero lock P0; distribuições documentadas.";PENDENTE R14;EXTENSÃO R14;True;PENDENTE;;;evidence/15_Vivacidade_da_posse_e_anti-trava/BLK-037/;;
BLK-038;15. Vivacidade da posse e anti-trava;P0;AUTO;Lote oficial de 876 partidas com vivacidade;Executar formações, estilos e diversas com a sonda ativa.;relatório 876 + artefatos;876/876 concluem e nenhum padrão de trava sistêmica permanece.;PENDENTE R14;EXTENSÃO R14;True;PENDENTE;;;evidence/15_Vivacidade_da_posse_e_anti-trava/BLK-038/;;
BLK-039;15. Vivacidade da posse e anti-trava;P0;AUTO;Watchdog corrige sem teleporte;Injetar condição de decisão inválida em cenário controlado.;timeline antes/depois + posições;"A recuperação reavalia intenção; não move bola instantaneamente nem escolhe receptor arbitrário.";PENDENTE R14;EXTENSÃO R14;True;PENDENTE;;;evidence/15_Vivacidade_da_posse_e_anti-trava/BLK-039/;;
BLK-040;15. Vivacidade da posse e anti-trava;P0;HUMANO+AUTO;Reprodução visual dos piores locks;Gerar clips em 1X e 0.5X dos 10 piores casos da sonda.;vídeos vinculados ao JSON;Três observadores confirmam que os casos corrigidos não aparentam congelamento ou repetição artificial.;PENDENTE R14;EXTENSÃO R14;True;PENDENTE;;;evidence/15_Vivacidade_da_posse_e_anti-trava/BLK-040/;;
ANM-001;16. Máquina de animação;P0;AUTO+VIS;Máquina de estados de animação explícita;Inspecionar controlador visual por atleta.;dump de estado por frame;"Estados possuem entrada, fase, contato, saída e recuperação; não há pose solta sem ciclo.";PENDENTE R14;EXTENSÃO R14;True;PENDENTE;;;evidence/16_M_quina_de_anima_o/ANM-001/;;
ANM-002;16. Máquina de animação;P0;VIS;Idle reconhecível;Observar atletas parados em diferentes profundidades.;filmstrip;Corpo permanece vivo sem deslizar, tremer ou executar passada falsa.;PENDENTE R14;EXTENSÃO R14;True;PENDENTE;;;evidence/16_M_quina_de_anima_o/ANM-002/;;
ANM-003;16. Máquina de animação;P0;VIS;Caminhada reconhecível;Forçar deslocamento lento fora da bola.;filmstrip 0.5X/1X;"Passos alternam com distância e não com FPS; pés não escorregam excessivamente.";PENDENTE R14;EXTENSÃO R14;True;PENDENTE;;;evidence/16_M_quina_de_anima_o/ANM-003/;;
ANM-004;16. Máquina de animação;P0;VIS;Corrida leve reconhecível;Observar apoio e recomposição moderada.;filmstrip;Cadência e inclinação diferem de caminhada e sprint.;PENDENTE R14;EXTENSÃO R14;True;PENDENTE;;;evidence/16_M_quina_de_anima_o/ANM-004/;;
ANM-005;16. Máquina de animação;P0;VIS;Sprint reconhecível;Forçar arrancadas e perseguições.;filmstrip;Amplitude, frequência e inclinação aumentam sem deformação ou teleporte.;PENDENTE R14;EXTENSÃO R14;True;PENDENTE;;;evidence/16_M_quina_de_anima_o/ANM-005/;;
ANM-006;16. Máquina de animação;P1;VIS;Aceleração possui transição;Atleta sai do repouso para sprint.;vídeo 0.5X;"Não troca instantaneamente de pose; há progressão visual curta e coerente.";PENDENTE R14;EXTENSÃO R14;True;PENDENTE;;;evidence/16_M_quina_de_anima_o/ANM-006/;;
ANM-007;16. Máquina de animação;P1;VIS;Desaceleração possui transição;Atleta reduz velocidade antes de receber ou marcar.;vídeo 0.5X;Passada reduz e corpo estabiliza sem parada brusca artificial.;PENDENTE R14;EXTENSÃO R14;True;PENDENTE;;;evidence/16_M_quina_de_anima_o/ANM-007/;;
ANM-008;16. Máquina de animação;P0;VIS;Mudança de direção reconhecível;Forçar cortes de 45°, 90° e retorno.;filmstrip + vetor;Corpo orienta antes/durante a curva e os pés não continuam na direção anterior.;PENDENTE R14;EXTENSÃO R14;True;PENDENTE;;;evidence/16_M_quina_de_anima_o/ANM-008/;;
ANM-009;16. Máquina de animação;P1;VIS;Deslocamento lateral defensivo;Observar jockey e cobertura.;vídeo;"Defensor não corre de frente em todas as direções; postura lateral é distinguível.";PENDENTE R14;EXTENSÃO R14;True;PENDENTE;;;evidence/16_M_quina_de_anima_o/ANM-009/;;
ANM-010;16. Máquina de animação;P1;VIS;Corrida olhando para a bola;Atacante faz desmarque e defensor recompõe.;vídeo;Orientação corporal acompanha bola/ameaça sem perder direção de deslocamento.;PENDENTE R14;EXTENSÃO R14;True;PENDENTE;;;evidence/16_M_quina_de_anima_o/ANM-010/;;
ANM-011;16. Máquina de animação;P0;VIS+AUTO;Preparação para receber;Forçar passes curtos, longos e altos.;timeline visual/contact;Receptor ajusta base e orientação antes do contato quando há tempo físico.;PENDENTE R14;EXTENSÃO R14;True;PENDENTE;;;evidence/16_M_quina_de_anima_o/ANM-011/;;
ANM-012;16. Máquina de animação;P0;VIS+AUTO;Domínio com pé direito;Forçar receptor destro com passe no lado direito.;filmstrip + pé usado;Contato ocorre no pé correto e a bola desacelera/orienta no frame de domínio.;PENDENTE R14;EXTENSÃO R14;True;PENDENTE;;;evidence/16_M_quina_de_anima_o/ANM-012/;;
ANM-013;16. Máquina de animação;P0;VIS+AUTO;Domínio com pé esquerdo;Forçar receptor canhoto com passe no lado esquerdo.;filmstrip + pé usado;"Contato ocorre no pé correto; não atravessa o corpo.";PENDENTE R14;EXTENSÃO R14;True;PENDENTE;;;evidence/16_M_quina_de_anima_o/ANM-013/;;
ANM-014;16. Máquina de animação;P1;VIS+AUTO;Domínio com pé fraco;Forçar passe no pé não dominante sob baixa pressão.;filmstrip + qualidade resultante;Animação usa o lado correto e a qualidade pode refletir o atributo sem quebrar posse.;PENDENTE R14;EXTENSÃO R14;True;PENDENTE;;;evidence/16_M_quina_de_anima_o/ANM-014/;;
ANM-015;16. Máquina de animação;P0;VIS;Domínio orientado;Receber com espaço para avançar.;vídeo;Primeiro toque projeta a bola na direção útil e conecta à condução.;PENDENTE R14;EXTENSÃO R14;True;PENDENTE;;;evidence/16_M_quina_de_anima_o/ANM-015/;;
ANM-016;16. Máquina de animação;P0;VIS;Condução curta;Portador avança sob pressão moderada.;filmstrip;"Bola alterna contatos próximos; não permanece colada ao centro do corpo.";PENDENTE R14;EXTENSÃO R14;True;PENDENTE;;;evidence/16_M_quina_de_anima_o/ANM-016/;;
ANM-017;16. Máquina de animação;P0;VIS;Condução em velocidade;Forçar contra-ataque e sprint com bola.;filmstrip;Toques ficam mais longos e sincronizados à passada sem bola teleportar ao pé.;PENDENTE R14;EXTENSÃO R14;True;PENDENTE;;;evidence/16_M_quina_de_anima_o/ANM-017/;;
ANM-018;16. Máquina de animação;P1;VIS;Proteção de bola;Receber de costas com marcador próximo.;vídeo;"Corpo intercala adversário e bola; contato visual corresponde à disputa.";PENDENTE R14;EXTENSÃO R14;True;PENDENTE;;;evidence/16_M_quina_de_anima_o/ANM-018/;;
ANM-019;16. Máquina de animação;P0;VIS+AUTO;Drible possui início, contato e saída;Forçar qualquer drible.;timeline de estado + vídeo;"O drible não é apenas abrir pernas; possui preparação, toque/finta e recuperação.";PENDENTE R14;EXTENSÃO R14;True;PENDENTE;;;evidence/16_M_quina_de_anima_o/ANM-019/;;
ANM-020;16. Máquina de animação;P0;VIS;Corte para dentro;Forçar ponta no corredor com opção central.;vídeo;Mudança de direção e toque para o pé interno são reconhecíveis.;PENDENTE R14;EXTENSÃO R14;True;PENDENTE;;;evidence/16_M_quina_de_anima_o/ANM-020/;;
ANM-021;16. Máquina de animação;P0;VIS;Corte para fora;Forçar atacante a buscar linha de fundo.;vídeo;Toque externo e aceleração lateral são reconhecíveis.;PENDENTE R14;EXTENSÃO R14;True;PENDENTE;;;evidence/16_M_quina_de_anima_o/ANM-021/;;
ANM-022;16. Máquina de animação;P1;VIS;Finta corporal;Forçar drible curto parado ou em baixa velocidade.;vídeo 0.5X;"Peso do corpo engana antes da saída; não altera a bola sem contato.";PENDENTE R14;EXTENSÃO R14;True;PENDENTE;;;evidence/16_M_quina_de_anima_o/ANM-022/;;
ANM-023;16. Máquina de animação;P1;VIS;Proteção e giro;Atacante recebe de costas e gira.;vídeo;Pivô, contato e mudança de orientação formam sequência contínua.;PENDENTE R14;EXTENSÃO R14;True;PENDENTE;;;evidence/16_M_quina_de_anima_o/ANM-023/;;
ANM-024;16. Máquina de animação;P1;VIS;Toque longo e aceleração;Forçar drible em campo aberto.;vídeo;"Bola se distancia e atleta acelera para reencontrá-la; risco é visível.";PENDENTE R14;EXTENSÃO R14;True;PENDENTE;;;evidence/16_M_quina_de_anima_o/ANM-024/;;
ANM-025;16. Máquina de animação;P0;VIS;Drible vencido possui reação do defensor;Forçar drible bem-sucedido.;vídeo dos dois atletas;"Defensor perde equilíbrio/linha ou muda perseguição; não fica indiferente.";PENDENTE R14;EXTENSÃO R14;True;PENDENTE;;;evidence/16_M_quina_de_anima_o/ANM-025/;;
ANM-026;16. Máquina de animação;P0;VIS;Drible desarmado possui contato legível;Forçar bote correto durante drible.;filmstrip;Pé/corpo do defensor coincide com mudança de posse ou bola solta.;PENDENTE R14;EXTENSÃO R14;True;PENDENTE;;;evidence/16_M_quina_de_anima_o/ANM-026/;;
ANM-027;16. Máquina de animação;P0;VIS+AUTO;Passe curto possui ciclo completo;Forçar passe de apoio.;timeline prep-contact-follow;"Pé de apoio, contato e continuidade aparecem; bola sai no instante de contato.";PENDENTE R14;EXTENSÃO R14;True;PENDENTE;;;evidence/16_M_quina_de_anima_o/ANM-027/;;
ANM-028;16. Máquina de animação;P1;VIS+AUTO;Passe de primeira possui ciclo próprio;Forçar tabela e devolução rápida.;filmstrip;A ação é curta, sem domínio completo artificial, mas mantém contato visível.;PENDENTE R14;EXTENSÃO R14;True;PENDENTE;;;evidence/16_M_quina_de_anima_o/ANM-028/;;
ANM-029;16. Máquina de animação;P0;VIS+AUTO;Passe longo possui ciclo próprio;Forçar inversão e lançamento.;filmstrip + velocidade da bola;Backswing e follow-through diferem do passe curto e combinam com potência.;PENDENTE R14;EXTENSÃO R14;True;PENDENTE;;;evidence/16_M_quina_de_anima_o/ANM-029/;;
ANM-030;16. Máquina de animação;P0;VIS+AUTO;Cruzamento possui ciclo próprio;Forçar cruzamento aberto e fechado.;filmstrip + arco;Postura lateral, contato e trajetória são coerentes com o tipo de cruzamento.;PENDENTE R14;EXTENSÃO R14;True;PENDENTE;;;evidence/16_M_quina_de_anima_o/ANM-030/;;
ANM-031;16. Máquina de animação;P0;VIS+AUTO;Chute colocado possui ciclo próprio;Forçar finalização técnica.;filmstrip + alvo;Preparação menor, contato lateral e follow-through combinam com precisão.;PENDENTE R14;EXTENSÃO R14;True;PENDENTE;;;evidence/16_M_quina_de_anima_o/ANM-031/;;
ANM-032;16. Máquina de animação;P0;VIS+AUTO;Chute forte possui ciclo próprio;Forçar finalização de potência.;filmstrip + velocidade;Backswing amplo, pé de apoio e continuidade comunicam força.;PENDENTE R14;EXTENSÃO R14;True;PENDENTE;;;evidence/16_M_quina_de_anima_o/ANM-032/;;
ANM-033;16. Máquina de animação;P1;VIS+AUTO;Chute de primeira possui ciclo próprio;Forçar finalização sem domínio.;filmstrip;O contato acontece na chegada da bola e não depois que ela já partiu.;PENDENTE R14;EXTENSÃO R14;True;PENDENTE;;;evidence/16_M_quina_de_anima_o/ANM-033/;;
ANM-034;16. Máquina de animação;P1;VIS+AUTO;Voleio possui ciclo próprio;Forçar bola aérea na altura adequada.;filmstrip;Salto/perna e contato correspondem à altura e ao tempo da bola.;PENDENTE R14;EXTENSÃO R14;True;PENDENTE;;;evidence/16_M_quina_de_anima_o/ANM-034/;;
ANM-035;16. Máquina de animação;P0;VIS+AUTO;Cabeceio possui ciclo completo;Forçar cruzamentos e disputas aéreas.;filmstrip;Preparação, salto, contato de cabeça e queda são legíveis.;PENDENTE R14;EXTENSÃO R14;True;PENDENTE;;;evidence/16_M_quina_de_anima_o/ANM-035/;;
ANM-036;16. Máquina de animação;P0;VIS+AUTO;Cobrança de falta possui preparação;Forçar falta direta.;vídeo;"Cobrador ajusta distância, corre, contata e recupera; barreira/reação são legíveis.";PENDENTE R14;EXTENSÃO R14;True;PENDENTE;;;evidence/16_M_quina_de_anima_o/ANM-036/;;
ANM-037;16. Máquina de animação;P0;VIS+AUTO;Pênalti possui preparação e contato;Executar disputa e pênalti em jogo.;vídeo;Corrida, pé de apoio, contato, goleiro e resultado permanecem sincronizados.;PENDENTE R14;EXTENSÃO R14;True;PENDENTE;;;evidence/16_M_quina_de_anima_o/ANM-037/;;
ANM-038;16. Máquina de animação;P0;VIS;Bote defensivo reconhecível;Forçar tentativa de desarme em pé.;filmstrip;"Extensão da perna coincide com contato ou erro; não troca posse sem gesto.";PENDENTE R14;EXTENSÃO R14;True;PENDENTE;;;evidence/16_M_quina_de_anima_o/ANM-038/;;
ANM-039;16. Máquina de animação;P0;VIS;Carrinho reconhecível;Forçar carrinho ganho, faltoso e perdido.;filmstrip;Deslizamento, contato e recuperação diferem entre desfechos.;PENDENTE R14;EXTENSÃO R14;True;PENDENTE;;;evidence/16_M_quina_de_anima_o/ANM-039/;;
ANM-040;16. Máquina de animação;P1;VIS;Bloqueio de chute reconhecível;Forçar defensor na linha da bola.;filmstrip;Corpo reage e a deflexão nasce do ponto de contato visível.;PENDENTE R14;EXTENSÃO R14;True;PENDENTE;;;evidence/16_M_quina_de_anima_o/ANM-040/;;
ANM-041;16. Máquina de animação;P0;VIS;Goleiro mergulho baixo;Forçar chutes rasteiros nos cantos.;filmstrip;Impulso, extensão, contato e queda correspondem à direção real.;PENDENTE R14;EXTENSÃO R14;True;PENDENTE;;;evidence/16_M_quina_de_anima_o/ANM-041/;;
ANM-042;16. Máquina de animação;P0;VIS;Goleiro mergulho alto;Forçar chutes altos nos cantos.;filmstrip;Salto e mãos alcançam a altura projetada sem corpo rotacionado genericamente.;PENDENTE R14;EXTENSÃO R14;True;PENDENTE;;;evidence/16_M_quina_de_anima_o/ANM-042/;;
ANM-043;16. Máquina de animação;P0;VIS;Goleiro espalma, encaixa e defende com os pés;Forçar três tipos de defesa.;galeria determinística;Cada resultado possui pose própria e a bola reage no frame de contato.;PENDENTE R14;EXTENSÃO R14;True;PENDENTE;;;evidence/16_M_quina_de_anima_o/ANM-043/;;
ANM-044;16. Máquina de animação;P1;VIS;Recuperação após ação;Observar chute, carrinho, salto e mergulho.;vídeo 0.5X;"Atleta retorna à locomoção de forma contínua; nenhuma pose fica presa.";PENDENTE R14;EXTENSÃO R14;True;PENDENTE;;;evidence/16_M_quina_de_anima_o/ANM-044/;;
ANM-045;16. Máquina de animação;P0;AUTO+PERF;Animações independem de FPS e velocidade de exibição;Comparar 30/45/60 FPS e 1X/TURBO.;digest de fases + filmstrip;"Contato lógico é único; fase visual escala sem pular permanentemente ações essenciais.";PENDENTE R14;EXTENSÃO R14;True;PENDENTE;;;evidence/16_M_quina_de_anima_o/ANM-045/;;
SYN-001;17. Sincronização motor-render;P0;AUTO;Contrato motor-render por ação;Registrar actor, action, target, foot, start, contact, end e outcome.;JSON de eventos visuais;100% das ações críticas possuem contrato completo ou fallback explícito.;PENDENTE R14;EXTENSÃO R14;True;PENDENTE;;;evidence/17_Sincroniza_o_motor-render/SYN-001/;;
SYN-002;17. Sincronização motor-render;P0;AUTO+VIS;Bola sai apenas no contato visual;Comparar passes e chutes frame a frame.;delta temporal contato-saída;"Diferença <=1 frame lógico; nenhuma bola parte antes da preparação terminar.";PENDENTE R14;EXTENSÃO R14;True;PENDENTE;;;evidence/17_Sincroniza_o_motor-render/SYN-002/;;
SYN-003;17. Sincronização motor-render;P0;AUTO+VIS;Domínio ocorre no contato visual;Comparar chegada da bola e pé/corpo receptor.;delta temporal chegada-domínio;Mudança para owner coincide com contato físico visível ou disputa legítima.;PENDENTE R14;EXTENSÃO R14;True;PENDENTE;;;evidence/17_Sincroniza_o_motor-render/SYN-003/;;
SYN-004;17. Sincronização motor-render;P0;AUTO;Owner lógico e aura visual coincidem;Amostrar 10 mil frames com posse.;mismatch count;Zero frame persistente com aura no atleta errado ou dois donos visuais.;PENDENTE R14;EXTENSÃO R14;True;PENDENTE;;;evidence/17_Sincroniza_o_motor-render/SYN-004/;;
SYN-005;17. Sincronização motor-render;P0;AUTO;Bola controlada mantém offset físico plausível;Medir distância e orientação entre bola e portador.;histograma de offset;Offset varia com passada e ação, permanece dentro do envelope físico e não atravessa o corpo.;PENDENTE R14;EXTENSÃO R14;True;PENDENTE;;;evidence/17_Sincroniza_o_motor-render/SYN-005/;;
SYN-006;17. Sincronização motor-render;P0;AUTO;Pé dominante é respeitado quando aplicável;Forçar ações com espaço para escolha do pé.;footUsed vs profile;"A escolha visual segue contrato; exceções de pé fraco são registradas e plausíveis.";PENDENTE R14;EXTENSÃO R14;True;PENDENTE;;;evidence/17_Sincroniza_o_motor-render/SYN-006/;;
SYN-007;17. Sincronização motor-render;P1;AUTO;Pé fraco possui qualidade e animação coerentes;Forçar ação obrigatória no lado fraco.;footUsed, erro e clip;Resultado e pose usam o mesmo pé e não contradizem atributos.;PENDENTE R14;EXTENSÃO R14;True;PENDENTE;;;evidence/17_Sincroniza_o_motor-render/SYN-007/;;
SYN-008;17. Sincronização motor-render;P0;AUTO+VIS;Orientação corporal corresponde ao vetor de ação;Passes, chutes e dribles em múltiplas direções.;erro angular;"Erro no contato dentro do limite; nenhuma ação para trás com corpo apontando ao oposto sem pose específica.";PENDENTE R14;EXTENSÃO R14;True;PENDENTE;;;evidence/17_Sincroniza_o_motor-render/SYN-008/;;
SYN-009;17. Sincronização motor-render;P0;AUTO;Alvo visual é o alvo lógico;Comparar seta/trajetória e target do motor.;coordenadas projetadas;"Diferença apenas da projeção; nenhuma trajetória decorativa aponta para outro destino.";PENDENTE R14;EXTENSÃO R14;True;PENDENTE;;;evidence/17_Sincroniza_o_motor-render/SYN-009/;;
SYN-010;17. Sincronização motor-render;P0;AUTO;Velocidade visual deriva da velocidade física;Amostrar passes, chutes e bolas altas.;curva distância-tempo;Render não acelera, desacelera ou congela a bola independentemente do estado físico.;PENDENTE R14;EXTENSÃO R14;True;PENDENTE;;;evidence/17_Sincroniza_o_motor-render/SYN-010/;;
SYN-011;17. Sincronização motor-render;P0;AUTO;Altura visual deriva de z físico;Amostrar lançamentos, cruzamentos e defesas.;z vs liftY;Relação monotônica, limitada pelo palco e sem inversões de profundidade.;PENDENTE R14;EXTENSÃO R14;True;PENDENTE;;;evidence/17_Sincroniza_o_motor-render/SYN-011/;;
SYN-012;17. Sincronização motor-render;P0;AUTO;Deflexão nasce do contato correto;Forçar bloqueios, traves, goleiro e divididas.;contact actor/position;A mudança de vetor coincide com o objeto responsável e seu ponto de contato.;PENDENTE R14;EXTENSÃO R14;True;PENDENTE;;;evidence/17_Sincroniza_o_motor-render/SYN-012/;;
SYN-013;17. Sincronização motor-render;P0;AUTO;Mudança de posse possui causa observável;Registrar todas as transições de owner.;lista de causas + clips amostrais;Toda mudança nasce de passe recebido, desarme, interceptação, defesa, bola solta ou reinício válido.;PENDENTE R14;EXTENSÃO R14;True;PENDENTE;;;evidence/17_Sincroniza_o_motor-render/SYN-013/;;
SYN-014;17. Sincronização motor-render;P0;AUTO;Sem teleporte de bola para receptor próximo;Forçar passes imprecisos e disputas.;distância por tick + owner changes;Nenhuma correção visual ou lógica encaixa a bola no atleta sem trajetória/contato.;PENDENTE R14;EXTENSÃO R14;True;PENDENTE;;;evidence/17_Sincroniza_o_motor-render/SYN-014/;;
SYN-015;17. Sincronização motor-render;P0;AUTO;Sem teleporte de atleta para contato;Forçar recepções e desarmes no limite de alcance.;distância por tick;Atletas não são deslocados instantaneamente para justificar ação.;PENDENTE R14;EXTENSÃO R14;True;PENDENTE;;;evidence/17_Sincroniza_o_motor-render/SYN-015/;;
SYN-016;17. Sincronização motor-render;P0;AUTO;Evento de chute e estatística coincidem;Comparar emissão, viagem e stats.shots.;event trace;Cada chute válido contabiliza uma vez e possui ação visual correspondente.;PENDENTE R14;EXTENSÃO R14;True;PENDENTE;;;evidence/17_Sincroniza_o_motor-render/SYN-016/;;
SYN-017;17. Sincronização motor-render;P0;AUTO;Evento de passe e estatística coincidem;Comparar emissão, recepção e stats.passes/passOk.;event trace;Cada passe é contabilizado uma vez e o desfecho corresponde ao contato.;PENDENTE R14;EXTENSÃO R14;True;PENDENTE;;;evidence/17_Sincroniza_o_motor-render/SYN-017/;;
SYN-018;17. Sincronização motor-render;P0;AUTO;Gol, placar, narração e animação coincidem;Forçar gols e anulações.;timeline unificada;"Um único gol por lance; comemoração/reinício usa o resultado correto.";PENDENTE R14;EXTENSÃO R14;True;PENDENTE;;;evidence/17_Sincroniza_o_motor-render/SYN-018/;;
SYN-019;17. Sincronização motor-render;P0;AUTO;Defesa do goleiro e trajetória coincidem;Forçar defesas com encaixe, rebote e escanteio.;event trace + clips;Tipo de defesa, pose e destino da bola são iguais em todas as camadas.;PENDENTE R14;EXTENSÃO R14;True;PENDENTE;;;evidence/17_Sincroniza_o_motor-render/SYN-019/;;
SYN-020;17. Sincronização motor-render;P0;AUTO;Falta e contato coincidem;Forçar faltas em diferentes ações.;contato, whistle, evento;A interrupção nasce do duelo correspondente e não de colisão distante.;PENDENTE R14;EXTENSÃO R14;True;PENDENTE;;;evidence/17_Sincroniza_o_motor-render/SYN-020/;;
SYN-021;17. Sincronização motor-render;P0;AUTO;Impedimento e posição coincidem;Forçar linha alta e lançamentos.;snapshot no passe;"Decisão usa instante correto; visual/replay preserva posições relevantes.";PENDENTE R14;EXTENSÃO R14;True;PENDENTE;;;evidence/17_Sincroniza_o_motor-render/SYN-021/;;
SYN-022;17. Sincronização motor-render;P0;AUTO;Reinício e último toque coincidem;Forçar laterais, escanteios e tiros de meta.;lastTouch + restart type;A equipe e o ponto de cobrança correspondem ao evento físico.;PENDENTE R14;EXTENSÃO R14;True;PENDENTE;;;evidence/17_Sincroniza_o_motor-render/SYN-022/;;
SYN-023;17. Sincronização motor-render;P0;AUTO+VIS;Replay reproduz o estado original;Reproduzir 50 lances variados.;digest por frame/replay;Replay não inventa trajetória, dono, pose ou resultado diferente.;PENDENTE R14;EXTENSÃO R14;True;PENDENTE;;;evidence/17_Sincroniza_o_motor-render/SYN-023/;;
SYN-024;17. Sincronização motor-render;P1;VIS;Slow motion preserva contato;Reproduzir ações a 0.5X.;filmstrip;"O contato permanece único e legível; não aparece dupla batida.";PENDENTE R14;EXTENSÃO R14;True;PENDENTE;;;evidence/17_Sincroniza_o_motor-render/SYN-024/;;
SYN-025;17. Sincronização motor-render;P0;AUTO;Velocidade 2X não perde eventos visuais essenciais;Executar partidas em 2X.;coverage de action states;Chutes, gols, cartões e defesas ainda disparam e completam estado visual.;PENDENTE R14;EXTENSÃO R14;True;PENDENTE;;;evidence/17_Sincroniza_o_motor-render/SYN-025/;;
SYN-026;17. Sincronização motor-render;P0;AUTO;TURBO não acumula estados visuais;Executar 5 partidas em 3.6X.;contagem de activeAnimations/VFX;Objetos expiram, ações não ficam presas e eventos críticos continuam reconhecíveis.;PENDENTE R14;EXTENSÃO R14;True;PENDENTE;;;evidence/17_Sincroniza_o_motor-render/SYN-026/;;
SYN-027;17. Sincronização motor-render;P0;AUTO;Pause congela motor e apresentação no mesmo instante;Pausar durante passe, chute e bola alta.;snapshots antes/depois;"Nenhuma camada continua avançando isoladamente; retomar mantém continuidade.";PENDENTE R14;EXTENSÃO R14;True;PENDENTE;;;evidence/17_Sincroniza_o_motor-render/SYN-027/;;
SYN-028;17. Sincronização motor-render;P0;AUTO;Retorno de aba não cria salto de simulação;Ocultar página durante ação e retornar.;timeline visibilitychange;"Fixed step trata lacuna com segurança; não há sequência comprimida ou contato perdido.";PENDENTE R14;EXTENSÃO R14;True;PENDENTE;;;evidence/17_Sincroniza_o_motor-render/SYN-028/;;
SYN-029;17. Sincronização motor-render;P0;AUTO;Resize/rotação preserva estado e alvo;Rotacionar durante viagem da bola.;digest antes/depois;"Mesma simulação e target; apenas projeção é recalculada.";PENDENTE R14;EXTENSÃO R14;True;PENDENTE;;;evidence/17_Sincroniza_o_motor-render/SYN-029/;;
SYN-030;17. Sincronização motor-render;P0;AUTO;Mudança de câmera preserva profundidade causal;Acompanhar bola perto/longe e bola alta.;coordenadas projetadas;Atletas, bola, sombra e contato permanecem ordenados e legíveis.;PENDENTE R14;EXTENSÃO R14;True;PENDENTE;;;evidence/17_Sincroniza_o_motor-render/SYN-030/;;
SYN-031;17. Sincronização motor-render;P1;AUTO;Sombra deriva do ponto de apoio;Observar locomoção, salto e mergulho.;medidas em pixels;Sombra fica no gramado, escala por profundidade e não segue corpo no ar.;PENDENTE R14;EXTENSÃO R14;True;PENDENTE;;;evidence/17_Sincroniza_o_motor-render/SYN-031/;;
SYN-032;17. Sincronização motor-render;P1;AUTO;Rótulos e números derivam da escala de profundidade;Comparar atletas perto e longe.;medidas em pixels;Escala monotônica e limites de legibilidade sem tamanho fixo desconectado.;PENDENTE R14;EXTENSÃO R14;True;PENDENTE;;;evidence/17_Sincroniza_o_motor-render/SYN-032/;;
SYN-033;17. Sincronização motor-render;P0;AUTO;Salvar/carregar preserva contrato visual seguro;Salvar fora e durante estados permitidos.;snapshot e primeiro frame pós-load;"Nenhuma animação ativa inválida; estado é restaurado ou reiniciado de forma explícita.";PENDENTE R14;EXTENSÃO R14;True;PENDENTE;;;evidence/17_Sincroniza_o_motor-render/SYN-033/;;
SYN-034;17. Sincronização motor-render;P0;AUTO;Troca tática não deixa referências visuais órfãs;Alterar formação com a bola em jogo.;cache keys e actor refs;"Todos os jogadores visuais correspondem ao elenco/posição atuais; sem ghost ou cache antigo.";PENDENTE R14;EXTENSÃO R14;True;PENDENTE;;;evidence/17_Sincroniza_o_motor-render/SYN-034/;;
SYN-035;17. Sincronização motor-render;P0;AUTO+VIS;Galeria determinística cobre ações críticas;Executar cenários fixos de passe, chute, drible, tackle, cabeceio e goleiro.;vídeos + JSON por cenário;Resultados repetem e fornecem evidência direta para todos os controles P0 de sincronização.;PENDENTE R14;EXTENSÃO R14;True;PENDENTE;;;evidence/17_Sincroniza_o_motor-render/SYN-035/;;
OBS-001;18. Qualidade perceptiva humana;P0;PAINEL HUMANO;Partida não aparenta congelar;Três observadores assistem partidas completas em 1X sem telemetria.;formulários individuais + timestamps;Nenhum observador registra episódio de bola/jogador imóvel sem causa por mais de 3 s percebidos.;PENDENTE R14;EXTENSÃO R14;True;PENDENTE;;;evidence/18_Qualidade_perceptiva_humana/OBS-001/;;
OBS-002;18. Qualidade perceptiva humana;P0;PAINEL HUMANO;Drible é reconhecido sem narração;Mostrar clips aleatórios de condução, corte e drible.;taxa de identificação;>=90% das ações de drible são reconhecidas corretamente pelos três observadores.;PENDENTE R14;EXTENSÃO R14;True;PENDENTE;;;evidence/18_Qualidade_perceptiva_humana/OBS-002/;;
OBS-003;18. Qualidade perceptiva humana;P0;PAINEL HUMANO;Chute é reconhecido antes da trajetória;Ocultar parte final do lance e mostrar preparação/contato.;taxa de identificação;>=90% reconhecem chute e intensidade aproximada sem depender da seta.;PENDENTE R14;EXTENSÃO R14;True;PENDENTE;;;evidence/18_Qualidade_perceptiva_humana/OBS-003/;;
OBS-004;18. Qualidade perceptiva humana;P0;PAINEL HUMANO;Passe e cruzamento são distinguíveis;Mostrar ações sem texto do evento.;taxa de identificação;>=85% distinguem passe curto, lançamento e cruzamento.;PENDENTE R14;EXTENSÃO R14;True;PENDENTE;;;evidence/18_Qualidade_perceptiva_humana/OBS-004/;;
OBS-005;18. Qualidade perceptiva humana;P0;PAINEL HUMANO;Defesas do goleiro são distinguíveis;Mostrar encaixe, espalma, mergulho e defesa com os pés.;taxa de identificação;>=85% classificam corretamente cada tipo.;PENDENTE R14;EXTENSÃO R14;True;PENDENTE;;;evidence/18_Qualidade_perceptiva_humana/OBS-005/;;
OBS-006;18. Qualidade perceptiva humana;P0;PAINEL HUMANO;A causa da mudança de posse é legível;Mostrar 30 turnovers sem log.;respostas por lance;>=90% identificam passe errado, desarme, interceptação ou defesa responsável.;PENDENTE R14;EXTENSÃO R14;True;PENDENTE;;;evidence/18_Qualidade_perceptiva_humana/OBS-006/;;
OBS-007;18. Qualidade perceptiva humana;P0;PAINEL HUMANO;Bola nunca parece colada ou teleportada;Assistir filmstrip e partida normal.;ocorrências por observador;Zero ocorrência confirmada por dois ou mais observadores.;PENDENTE R14;EXTENSÃO R14;True;PENDENTE;;;evidence/18_Qualidade_perceptiva_humana/OBS-007/;;
OBS-008;18. Qualidade perceptiva humana;P1;PAINEL HUMANO;Cadência 1X parece futebolística;Comparar com a versão 2D de referência sem identificar versão.;escala Likert + comentários;Mediana >=4/5 e não inferior à referência em mais de 0,5 ponto.;PENDENTE R14;EXTENSÃO R14;True;PENDENTE;;;evidence/18_Qualidade_perceptiva_humana/OBS-008/;;
OBS-009;18. Qualidade perceptiva humana;P1;PAINEL HUMANO;Movimentação sem bola é percebida;Observar ataques posicionais e transições.;escala Likert;Mediana >=4/5 para apoio, desmarque, recomposição e marcação.;PENDENTE R14;EXTENSÃO R14;True;PENDENTE;;;evidence/18_Qualidade_perceptiva_humana/OBS-009/;;
OBS-010;18. Qualidade perceptiva humana;P0;PAINEL HUMANO;4-2-4 ofensivo recebe resposta defensiva visível;Assistir cenário dirigido.;mapa de observação;"Todos identificam cobertura, marcação ou superioridade explorada; nenhum atacante fica sistemicamente ignorado.";PENDENTE R14;EXTENSÃO R14;True;PENDENTE;;;evidence/18_Qualidade_perceptiva_humana/OBS-010/;;
OBS-011;18. Qualidade perceptiva humana;P1;PAINEL HUMANO;Bloco baixo não produz jogo morto;Assistir 10 minutos de posse contra retranca.;timestamps de dead air;Nenhum período repetitivo >8 s reais sem progressão, disputa ou intenção aparente.;PENDENTE R14;EXTENSÃO R14;True;PENDENTE;;;evidence/18_Qualidade_perceptiva_humana/OBS-011/;;
OBS-012;18. Qualidade perceptiva humana;P1;PAINEL HUMANO;Pressão alta parece coordenada;Assistir saída curta contra pressão.;escala Likert;Mediana >=4/5 e movimentos dos pressionadores têm relação com bola e opções.;PENDENTE R14;EXTENSÃO R14;True;PENDENTE;;;evidence/18_Qualidade_perceptiva_humana/OBS-012/;;
OBS-013;18. Qualidade perceptiva humana;P0;PAINEL HUMANO;Direção e alvo de chute são legíveis;Mostrar finalizações em diferentes ângulos.;respostas de alvo;>=90% identificam o setor do gol antes do desfecho ou no contato.;PENDENTE R14;EXTENSÃO R14;True;PENDENTE;;;evidence/18_Qualidade_perceptiva_humana/OBS-013/;;
OBS-014;18. Qualidade perceptiva humana;P1;PAINEL HUMANO;Profundidade 2.5D ajuda e não confunde;Observar jogadores perto/longe e bolas altas.;escala Likert;"Mediana >=4/5; zero relato recorrente de bola na arquibancada ou ordem invertida.";PENDENTE R14;EXTENSÃO R14;True;PENDENTE;;;evidence/18_Qualidade_perceptiva_humana/OBS-014/;;
OBS-015;18. Qualidade perceptiva humana;P1;PAINEL HUMANO;Câmera mantém contexto tático;Assistir ataques, transições e bolas paradas.;escala Likert;Mediana >=4/5 para ver portador, opções imediatas e linha defensiva.;PENDENTE R14;EXTENSÃO R14;True;PENDENTE;;;evidence/18_Qualidade_perceptiva_humana/OBS-015/;;
OBS-016;18. Qualidade perceptiva humana;P0;PAINEL HUMANO;Mobile permite completar o fluxo;Três usuários completam home→setup→draft→partida→pós-jogo em Android/iOS.;vídeo + tempo + erros;100% completam sem botão morto, scroll bloqueado ou controle inacessível.;PENDENTE R14;EXTENSÃO R14;True;PENDENTE;;;evidence/18_Qualidade_perceptiva_humana/OBS-016/;;
OBS-017;18. Qualidade perceptiva humana;P1;PAINEL HUMANO;Controles de velocidade são compreendidos;Usuários alternam pause, 1X, 2X e TURBO.;taxa de sucesso;100% conseguem e entendem o estado ativo sem instrução externa.;PENDENTE R14;EXTENSÃO R14;True;PENDENTE;;;evidence/18_Qualidade_perceptiva_humana/OBS-017/;;
OBS-018;18. Qualidade perceptiva humana;P1;PAINEL HUMANO;Informação não depende apenas de cor;Testar escala de cinza/alto contraste.;formulários;Eventos, seleção e estado continuam identificáveis por forma, texto ou movimento.;PENDENTE R14;EXTENSÃO R14;True;PENDENTE;;;evidence/18_Qualidade_perceptiva_humana/OBS-018/;;
OBS-019;18. Qualidade perceptiva humana;P0;PAINEL HUMANO;Comparação cega 2D x R14;Mostrar mesmos seeds em ordem aleatória.;preferência e justificativa;"R14 não perde para 2D em fluidez/legibilidade; qualquer derrota sistemática bloqueia release.";PENDENTE R14;EXTENSÃO R14;True;PENDENTE;;;evidence/18_Qualidade_perceptiva_humana/OBS-019/;;
OBS-020;18. Qualidade perceptiva humana;P0;PAINEL HUMANO;Aceite final dos três observadores;Revisar os 20 piores clips e uma partida completa.;assinaturas e veredito;"Três aprovações independentes ou registro explícito de FAIL com timestamps; sem decisão por consenso forçado.";PENDENTE R14;EXTENSÃO R14;True;PENDENTE;;;evidence/18_Qualidade_perceptiva_humana/OBS-020/;;
REL-001;19. Liberação R14;P0;MANUAL+AUTO;Identidade final única;Congelar versão, branch, commit, HTML, bytes e SHA-256.;candidate-manifest.json + hashes;Todos os artefatos e relatórios apontam para o mesmo hash final.;PENDENTE R14;EXTENSÃO R14;True;PENDENTE;;;evidence/19_Libera_o_R14/REL-001/;;
REL-002;19. Liberação R14;P0;AUTO;Imutabilidade durante a rodada final;Recalcular hash no início e fim.;hash-before/after;"Hashes idênticos; qualquer mudança invalida a rodada.";PENDENTE R14;EXTENSÃO R14;True;PENDENTE;;;evidence/19_Libera_o_R14/REL-002/;;
REL-003;19. Liberação R14;P0;AUTO;Completude de evidência P0;Verificar pasta de cada controle P0.;índice de evidências;100% dos P0 possuem resultado, ambiente, versão e evidência exigida.;PENDENTE R14;EXTENSÃO R14;True;PENDENTE;;;evidence/19_Libera_o_R14/REL-003/;;
REL-004;19. Liberação R14;P0;AUTO;Todos os P0 aprovados;Consolidar os 800 controles.;release-summary.json;Zero FAIL, BLOCKED ou PENDENTE em P0.;PENDENTE R14;EXTENSÃO R14;True;PENDENTE;;;evidence/19_Libera_o_R14/REL-004/;;
REL-005;19. Liberação R14;P1;AUTO;Taxa mínima P1;Consolidar P1.;release-summary.json;>=98% PASS e nenhum padrão sistêmico/repetitivo aberto.;PENDENTE R14;EXTENSÃO R14;True;PENDENTE;;;evidence/19_Libera_o_R14/REL-005/;;
REL-006;19. Liberação R14;P2;AUTO;Taxa mínima P2;Consolidar P2.;release-summary.json;">=95% PASS; pendências possuem impacto, dono e prazo.";PENDENTE R14;EXTENSÃO R14;True;PENDENTE;;;evidence/19_Libera_o_R14/REL-006/;;
REL-007;19. Liberação R14;P0;AUTO;Regressão lógica final;Executar 876 partidas, 25 cenários, 13 checks e determinismo R14.;relatórios oficiais;"Todos concluem; diferenças do R13 são explicadas no delta manifest e R14 repete byte a byte por seed.";PENDENTE R14;EXTENSÃO R14;True;PENDENTE;;;evidence/19_Libera_o_R14/REL-007/;;
REL-008;19. Liberação R14;P0;DIR+PERF;Validação móvel física final;Executar Chrome Android e Safari iOS, retrato/paisagem e três partidas.;vídeos, FPS, heap, bateria;"Fluxos P0 passam; FPS e memória atendem critérios; nenhum botão morto.";PENDENTE R14;EXTENSÃO R14;True;PENDENTE;;;evidence/19_Libera_o_R14/REL-008/;;
REL-009;19. Liberação R14;P0;PAINEL HUMANO;Validação humana final;Executar painel cego e partida completa.;três formulários assinados;"Nenhum bloqueador perceptivo; critérios P0 humanos aprovados individualmente.";PENDENTE R14;EXTENSÃO R14;True;PENDENTE;;;evidence/19_Libera_o_R14/REL-009/;;
REL-010;19. Liberação R14;P0;MANUAL;Veredito assinado e pacote selado;Gerar relatório, ZIP, checksum e lista de pendências.;VEREDITO-FINAL.md + SHA256SUMS;A decisão APROVADO/BLOQUEADO é reproduzível e não contradiz a matriz.;PENDENTE R14;EXTENSÃO R14;True;PENDENTE;;;evidence/19_Libera_o_R14/REL-010/;;
