id;domain;priority;method;control;scenario;evidence;acceptance;initial_state
INT-001;1. Integridade;P0;MANUAL;Identidade única da candidata;Registrar versão, branch, commit, nome do HTML, tamanho e SHA-256 antes de qualquer teste.;manifesto de identidade + hash independente;Todos os campos preenchidos e hash reproduzido por duas ferramentas.;PENDENTE 2.5D
INT-002;1. Integridade;P0;AUTO;Imutabilidade do artefato sob teste;Recalcular SHA-256 antes e depois da auditoria.;dois hashes com data/hora;"Hashes idênticos; qualquer diferença invalida os resultados.";PENDENTE 2.5D
INT-003;1. Integridade;P0;AUTO;Correspondência entre fonte e build;Gerar o HTML pelo processo oficial e comparar versão, módulos e manifesto.;log de build + inventário de módulos;Build termina sem erro e contém exatamente os módulos declarados.;PENDENTE 2.5D
INT-004;1. Integridade;P0;DEV;Proibição de edição direta em dist;Verificar histórico e diff para confirmar que alterações vieram de src/.;diff de Git + log de build;Nenhuma mudança funcional exclusiva em dist/.;PENDENTE 2.5D
INT-005;1. Integridade;P0;DIR;HTML autocontido;Abrir o arquivo sem servidor e sem rede.;vídeo de abertura offline + console;Jogo inicia e chega ao menu sem requisição externa obrigatória.;BASELINE R13.0
INT-006;1. Integridade;P0;DIR;Ausência de erro fatal no console;Percorrer fluxo completo do menu ao pós-jogo.;export do console;Zero uncaught exception, unhandled rejection ou erro que interrompa fluxo.;PENDENTE 2.5D
INT-007;1. Integridade;P0;AUTO;Consistência transacional da partida;Executar lote canônico completo e validar estado final.;JSON de auditoria por seed;100% das partidas em estado CONSISTENT.;BASELINE R13.0
INT-008;1. Integridade;P0;AUTO;Preservação das 876 partidas de referência;Repetir 578 formações, 98 estilos e 200 diversas.;relatório consolidado + sementes;"876/876 concluídas; nenhuma regressão de gate lógico.";BASELINE R13.0
INT-009;1. Integridade;P0;AUTO;Sincronia placar-eventos-estatísticas;Comparar cada gol e anulação entre placar, log, narração e estatística.;trilha de eventos por partida;Uma única contabilização por evento e totais finais iguais.;PENDENTE 2.5D
INT-010;1. Integridade;P0;AUTO;Sincronia posse-portador-bola;Amostrar estado em jogo corrido, reinício e disputa.;telemetria de posse e coordenadas;Nenhum estado impossível: dois portadores, bola controlada sem dono ou dono distante.;PENDENTE 2.5D
INT-011;1. Integridade;P0;DIR;Limpeza de estado entre partidas;Jogar partidas consecutivas sem recarregar a página.;vídeo + snapshot de variáveis;Sem herança de placar, eventos, VFX, posições ou temporizadores.;PENDENTE 2.5D
INT-012;1. Integridade;P0;AUTO;Limpeza de papéis temporários;Forçar escanteios, faltas, pênaltis e laterais em sequência.;dump de papéis antes/depois;Papéis especiais zerados ao terminar cada reinício.;PENDENTE 2.5D
INT-013;1. Integridade;P0;DIR;Integridade do torneio;Completar grupos, mata-mata, prorrogação e final.;save + vídeo do chaveamento;Classificados, confrontos e campeão correspondem aos resultados.;PENDENTE 2.5D
INT-014;1. Integridade;P0;DIR;Integridade do draft;Completar draft com 10/11 jogadores, reservas e reroll.;vídeo + estado serializado;Não trava, não duplica atleta e sempre permite concluir elenco válido.;PENDENTE 2.5D
INT-015;1. Integridade;P1;AUTO;Integridade de formação;Salvar e reabrir cada uma das 17 formações.;snapshot antes/depois;Posições, titulares, reservas e instruções preservados.;PENDENTE 2.5D
INT-016;1. Integridade;P0;DIR;Integridade de táticas;Alternar mentalidade, estilo e instruções durante a partida.;timeline de alterações;Mudanças persistem, afetam somente o esperado e não corrompem o motor.;PENDENTE 2.5D
INT-017;1. Integridade;P0;DIR;Integridade de substituições;Executar substituição normal, múltipla e no intervalo.;log de escalação + vídeo;Jogador sai uma vez, entra uma vez e posição fica válida.;PENDENTE 2.5D
INT-018;1. Integridade;P1;AUTO;Integridade de cartões e suspensões;Gerar cartões em sequência de jogos de torneio.;relatório disciplinar;Cartões acumulam e suspendem conforme regra definida, sem duplicação.;PENDENTE 2.5D
INT-019;1. Integridade;P0;DIR;Integridade de prorrogação;Produzir empate eliminatório.;vídeo + relógio de jogo;Tempo extra inicia, encerra e atualiza resultado corretamente.;PENDENTE 2.5D
INT-020;1. Integridade;P0;DIR;Integridade de disputa por pênaltis;Levar confronto a pênaltis com alternadas.;sequência de cobranças;"Ordem, placar e encerramento obedecem regra; sem loop infinito.";PENDENTE 2.5D
INT-021;1. Integridade;P0;DIR;Integridade do salvamento;Salvar em menu, pré-jogo e entre fases.;arquivos de save + checksum;Save é criado, listado e reaberto sem perda de dados.;PENDENTE 2.5D
INT-022;1. Integridade;P1;DIR;Compatibilidade de save anterior;Abrir save suportado da versão anterior.;log de migração;"Migra sem corromper; incompatibilidade deve ser explicada e bloqueada com segurança.";PENDENTE 2.5D
INT-023;1. Integridade;P1;DIR;Falha segura em save corrompido;Alterar propositalmente o conteúdo do save.;vídeo do erro + console;Jogo recusa o arquivo, explica o problema e mantém o estado atual.;PENDENTE 2.5D
INT-024;1. Integridade;P1;AUTO;Inventário de assets embutidos;Listar imagens, fontes, áudios e dados usados pelo build.;manifesto de assets;Nenhuma referência ausente, duplicada indevidamente ou órfã crítica.;PENDENTE 2.5D
INT-025;1. Integridade;P1;AUTO;Integridade de nomes e bandeiras;Percorrer todas as seleções e elencos expostos.;relatório de chaves inválidas;Zero nome vazio, bandeira quebrada ou chave sem correspondência.;PENDENTE 2.5D
INT-026;1. Integridade;P1;AUTO;Integridade de posições de jogador;Validar titulares e reservas contra posições permitidas.;lista de incompatibilidades;Nenhum jogador fica sem posição renderizável ou fora do campo por dado inválido.;PENDENTE 2.5D
INT-027;1. Integridade;P0;AUTO;Integridade do relógio;Testar tempo normal, acréscimos, intervalo e pausas.;timeline de relógio;Relógio é monotônico, não salta para trás e encerra cada período uma vez.;PENDENTE 2.5D
INT-028;1. Integridade;P0;DIR;Integridade de reinício após gol;Marcar gol válido e reiniciar.;vídeo + coordenadas;"Todos voltam a posições válidas; posse e placar corretos; VFX limpo.";PENDENTE 2.5D
INT-029;1. Integridade;P0;DIR;Integridade de reinício após anulação;Gerar impedimento ou falta que anule gol.;vídeo + log;"Placar não muda; evento de anulação aparece uma vez; jogo reinicia corretamente.";PENDENTE 2.5D
INT-030;1. Integridade;P0;AUTO;Ausência de teleporte lógico;Medir deslocamentos de bola e atletas entre frames.;relatório de deltas espaciais;Nenhum deslocamento supera limite físico sem estado explícito de reposicionamento.;BASELINE R13.0
INT-031;1. Integridade;P0;AUTO;Ausência de entidade duplicada;Monitorar IDs de bola, atletas e goleiros durante 20 partidas.;inventário por frame;Exatamente uma bola e um objeto visual por atleta ativo.;PENDENTE 2.5D
INT-032;1. Integridade;P1;DIR;Recuperação após pausa longa;Pausar por cinco minutos e retomar.;vídeo + memória antes/depois;Retoma no mesmo estado, sem aceleração acumulada ou perda de input.;PENDENTE 2.5D
INT-033;1. Integridade;P0;DIR;Recuperação após troca de aba;Ocultar a aba durante jogo e retornar.;vídeo + timeline visibilitychange;Sem salto de vários segundos, loop duplicado ou dessincronia.;PENDENTE 2.5D
INT-034;1. Integridade;P0;AUTO;Encerramento limpo da partida;Finalizar por tempo normal, prorrogação e pênaltis.;contagem de callbacks finais;Evento de fim dispara uma vez e bloqueia novas ações de jogo.;PENDENTE 2.5D
INT-035;1. Integridade;P1;MANUAL;Rastreabilidade de release;Relacionar cada alteração 2.5D a commit, controle e evidência.;matriz de rastreabilidade;100% dos P0 e P1 possuem commit e evidência vinculados.;PENDENTE 2.5D
DET-001;2. Determinismo;P0;AUTO;Repetição da mesma seed;Rodar a mesma partida dez vezes no mesmo ambiente.;hash do log por execução;Eventos e resultado idênticos nas dez execuções.;BASELINE R13.0
DET-002;2. Determinismo;P0;AUTO;Repetição entre sessões;Fechar e reabrir o navegador antes de repetir a seed.;hashes antes/depois;Saída lógica idêntica.;PENDENTE 2.5D
DET-003;2. Determinismo;P0;AUTO;Repetição após rebuild sem mudança;Gerar dois builds consecutivos da mesma fonte.;hashes do build e dos logs;Build e resultados idênticos.;PENDENTE 2.5D
DET-004;2. Determinismo;P0;AUTO;Separação RNG lógica/visual;Ativar e desativar VFX, sombras e rastro.;comparação de logs lógicos;Resultado e sequência de eventos não mudam por opção visual.;PENDENTE 2.5D
DET-005;2. Determinismo;P0;AUTO;Velocidade não altera resultado;Repetir seed em 1.0x, 1.8x e 3.6x.;hash lógico por velocidade;"Mesmo resultado, eventos e decisões; apenas tempo de apresentação muda.";PENDENTE 2.5D
DET-006;2. Determinismo;P0;AUTO;Pausa não altera resultado;Pausar em cinco instantes predefinidos.;comparação de timeline;Saída lógica igual à execução sem pausa.;PENDENTE 2.5D
DET-007;2. Determinismo;P0;AUTO;Troca de aba não altera resultado;Ocultar a aba em instantes predefinidos.;hash lógico;Saída lógica permanece idêntica.;PENDENTE 2.5D
DET-008;2. Determinismo;P0;AUTO;FPS não altera resultado;Executar com limite de 30, 60 e 120 FPS.;hash lógico + frame log;Mesmo resultado e eventos em todos os limites.;PENDENTE 2.5D
DET-009;2. Determinismo;P0;AUTO;Resolução não altera resultado;Executar desktop, tablet e mobile com mesma seed.;hash lógico;"Geometria visual pode mudar; lógica e placar não.";PENDENTE 2.5D
DET-010;2. Determinismo;P0;AUTO;Orientação não altera resultado;Rotacionar retrato/paisagem durante a mesma seed.;hash lógico;Nenhuma decisão lógica é afetada.;PENDENTE 2.5D
DET-011;2. Determinismo;P0;AUTO;Input de UI isolado do RNG;Abrir abas de estatística e tática durante a partida.;comparação de logs;A navegação de UI não consome aleatoriedade do motor.;PENDENTE 2.5D
DET-012;2. Determinismo;P1;AUTO;Narração isolada do RNG;Ativar/desativar ou rolar narração.;hash lógico;Sem alteração de eventos ou resultado.;PENDENTE 2.5D
DET-013;2. Determinismo;P1;AUTO;Áudio isolado do RNG;Ativar/desativar áudio.;hash lógico;Sem alteração lógica.;PENDENTE 2.5D
DET-014;2. Determinismo;P0;AUTO;Salvar e carregar preserva seed;Salvar no intervalo e continuar em nova sessão.;comparação do segundo tempo;Segundo tempo idêntico ao fluxo contínuo.;PENDENTE 2.5D
DET-015;2. Determinismo;P0;AUTO;Substituição reproduzível;Aplicar mesma substituição no mesmo instante.;log pós-substituição;Sequência posterior idêntica.;PENDENTE 2.5D
DET-016;2. Determinismo;P0;AUTO;Mudança tática reproduzível;Aplicar mesma instrução no mesmo segundo.;log de decisões;Sequência posterior idêntica.;PENDENTE 2.5D
DET-017;2. Determinismo;P0;AUTO;Ordem estável de entidades;Comparar ordem de atualização de atletas entre execuções.;trace de IDs por tick;Ordem de processamento é estável ou explicitamente normalizada.;PENDENTE 2.5D
DET-018;2. Determinismo;P1;DIR;Empates de decisão resolvidos por regra;Forçar dois alvos com pontuação igual.;trace do seletor;Desempate usa regra determinística documentada.;PENDENTE 2.5D
DET-019;2. Determinismo;P0;AUTO;Timestamps lógicos estáveis;Comparar tempo de cada evento em execuções idênticas.;CSV de eventos;Timestamps lógicos iguais dentro de tolerância de um tick.;PENDENTE 2.5D
DET-020;2. Determinismo;P0;AUTO;Deltas espaciais estáveis;Comparar coordenadas amostradas a cada segundo.;telemetria espacial;Diferença máxima abaixo de 0,01 unidade lógica.;PENDENTE 2.5D
DET-021;2. Determinismo;P1;DIR;Determinismo de rebotes;Forçar chute na trave e desvio com seed fixa.;vídeo + coordenadas;Mesmo vetor de rebote em execuções idênticas.;PENDENTE 2.5D
DET-022;2. Determinismo;P1;DIR;Determinismo de disputa aérea;Forçar cruzamento com mesmos participantes.;trace de decisão;Vencedor e trajetória idênticos com mesma seed.;PENDENTE 2.5D
DET-023;2. Determinismo;P1;DIR;Determinismo de goleiro;Repetir cenário de defesa, soco e saída.;trace do goleiro;Mesma decisão e ponto de contato.;PENDENTE 2.5D
DET-024;2. Determinismo;P0;DIR;Determinismo de impedimento;Repetir corrida e passe na linha.;frame do passe + decisão;Mesma decisão e mesmo atleta identificado.;BASELINE R13.0
DET-025;2. Determinismo;P1;AUTO;Determinismo de acréscimos;Repetir partida com mesmos eventos de interrupção.;tempo de acréscimo;Mesmo acréscimo em todas as execuções.;PENDENTE 2.5D
DET-026;2. Determinismo;P1;AUTO;Determinismo de pênaltis;Repetir disputa completa com seed fixa.;sequência de cobranças;Mesma ordem, lado, resultado e encerramento.;PENDENTE 2.5D
DET-027;2. Determinismo;P0;AUTO;Determinismo da matriz de formações;Reexecutar amostra neutra de 578 partidas.;comparação agregada e por seed;Todas as assinaturas individuais e agregadas reproduzidas.;BASELINE R13.0
DET-028;2. Determinismo;P0;AUTO;Determinismo da matriz de estilos;Reexecutar 98 partidas.;comparação por seed;Todas as assinaturas reproduzidas.;BASELINE R13.0
DET-029;2. Determinismo;P0;AUTO;Determinismo da amostra diversa;Reexecutar 200 partidas.;comparação por seed;Todas as assinaturas reproduzidas.;BASELINE R13.0
DET-030;2. Determinismo;P0;AUTO;Determinismo após minificação;Comparar build de desenvolvimento e produção.;hash de eventos;Mesmo comportamento lógico.;PENDENTE 2.5D
CAD-001;3. Cadência;P0;AUTO+VIS;Saída curta: duração da fase;Observar goleiro e primeira linha iniciando sob pressão moderada, em velocidade normal 1.0x, com câmera e VFX definitivos.;timeline de fases + vídeo;A fase dura tempo suficiente para ser reconhecida, sem congelar ou se prolongar artificialmente.;BASELINE R13.0
CAD-002;3. Cadência;P0;AUTO+VIS;Saída curta: aceleração contextual;Observar goleiro e primeira linha iniciando sob pressão moderada, em velocidade normal 1.0x, com câmera e VFX definitivos.;velocidade média de bola/atletas + vídeo;"Acelera quando surge espaço real e desacelera quando o espaço fecha; não usa velocidade constante.";BASELINE R13.0
CAD-003;3. Cadência;P1;VIS;Saída curta: micro-pausas de decisão;Observar goleiro e primeira linha iniciando sob pressão moderada, em velocidade normal 1.0x, com câmera e VFX definitivos.;clipe de 20–30 s em 1.0x;Existem ajustes corporais e leitura de jogo, mas nenhuma parada sem causa superior a 0,8 s.;PENDENTE 2.5D
CAD-004;3. Cadência;P0;AUTO+VIS;Saída curta: reação coletiva;Observar goleiro e primeira linha iniciando sob pressão moderada, em velocidade normal 1.0x, com câmera e VFX definitivos.;telemetria das linhas + vídeo;Ao mudar a fase, ao menos duas linhas reagem de forma coordenada dentro de 1,2 s lógicos.;PENDENTE 2.5D
CAD-005;3. Cadência;P1;PAINEL HUMANO;Saída curta: legibilidade humana;Observar goleiro e primeira linha iniciando sob pressão moderada, em velocidade normal 1.0x, com câmera e VFX definitivos.;avaliação cega de 3 observadores;Pelo menos 2 de 3 identificam corretamente a fase e a intenção principal sem consultar logs.;PENDENTE 2.5D
CAD-006;3. Cadência;P0;AUTO+VIS;Circulação no meio: duração da fase;Observar posse estabilizada entre zagueiros, volantes e meias, em velocidade normal 1.0x, com câmera e VFX definitivos.;timeline de fases + vídeo;A fase dura tempo suficiente para ser reconhecida, sem congelar ou se prolongar artificialmente.;PENDENTE 2.5D
CAD-007;3. Cadência;P0;AUTO+VIS;Circulação no meio: aceleração contextual;Observar posse estabilizada entre zagueiros, volantes e meias, em velocidade normal 1.0x, com câmera e VFX definitivos.;velocidade média de bola/atletas + vídeo;"Acelera quando surge espaço real e desacelera quando o espaço fecha; não usa velocidade constante.";PENDENTE 2.5D
CAD-008;3. Cadência;P1;VIS;Circulação no meio: micro-pausas de decisão;Observar posse estabilizada entre zagueiros, volantes e meias, em velocidade normal 1.0x, com câmera e VFX definitivos.;clipe de 20–30 s em 1.0x;Existem ajustes corporais e leitura de jogo, mas nenhuma parada sem causa superior a 0,8 s.;PENDENTE 2.5D
CAD-009;3. Cadência;P0;AUTO+VIS;Circulação no meio: reação coletiva;Observar posse estabilizada entre zagueiros, volantes e meias, em velocidade normal 1.0x, com câmera e VFX definitivos.;telemetria das linhas + vídeo;Ao mudar a fase, ao menos duas linhas reagem de forma coordenada dentro de 1,2 s lógicos.;PENDENTE 2.5D
CAD-010;3. Cadência;P1;PAINEL HUMANO;Circulação no meio: legibilidade humana;Observar posse estabilizada entre zagueiros, volantes e meias, em velocidade normal 1.0x, com câmera e VFX definitivos.;avaliação cega de 3 observadores;Pelo menos 2 de 3 identificam corretamente a fase e a intenção principal sem consultar logs.;PENDENTE 2.5D
CAD-011;3. Cadência;P0;AUTO+VIS;Progressão pelo corredor: duração da fase;Observar lateral, ponta e meia avançando por um lado, em velocidade normal 1.0x, com câmera e VFX definitivos.;timeline de fases + vídeo;A fase dura tempo suficiente para ser reconhecida, sem congelar ou se prolongar artificialmente.;PENDENTE 2.5D
CAD-012;3. Cadência;P0;AUTO+VIS;Progressão pelo corredor: aceleração contextual;Observar lateral, ponta e meia avançando por um lado, em velocidade normal 1.0x, com câmera e VFX definitivos.;velocidade média de bola/atletas + vídeo;"Acelera quando surge espaço real e desacelera quando o espaço fecha; não usa velocidade constante.";PENDENTE 2.5D
CAD-013;3. Cadência;P1;VIS;Progressão pelo corredor: micro-pausas de decisão;Observar lateral, ponta e meia avançando por um lado, em velocidade normal 1.0x, com câmera e VFX definitivos.;clipe de 20–30 s em 1.0x;Existem ajustes corporais e leitura de jogo, mas nenhuma parada sem causa superior a 0,8 s.;PENDENTE 2.5D
CAD-014;3. Cadência;P0;AUTO+VIS;Progressão pelo corredor: reação coletiva;Observar lateral, ponta e meia avançando por um lado, em velocidade normal 1.0x, com câmera e VFX definitivos.;telemetria das linhas + vídeo;Ao mudar a fase, ao menos duas linhas reagem de forma coordenada dentro de 1,2 s lógicos.;PENDENTE 2.5D
CAD-015;3. Cadência;P1;PAINEL HUMANO;Progressão pelo corredor: legibilidade humana;Observar lateral, ponta e meia avançando por um lado, em velocidade normal 1.0x, com câmera e VFX definitivos.;avaliação cega de 3 observadores;Pelo menos 2 de 3 identificam corretamente a fase e a intenção principal sem consultar logs.;PENDENTE 2.5D
CAD-016;3. Cadência;P0;AUTO+VIS;Ataque posicional: duração da fase;Observar equipe instalada contra bloco organizado, em velocidade normal 1.0x, com câmera e VFX definitivos.;timeline de fases + vídeo;A fase dura tempo suficiente para ser reconhecida, sem congelar ou se prolongar artificialmente.;PENDENTE 2.5D
CAD-017;3. Cadência;P0;AUTO+VIS;Ataque posicional: aceleração contextual;Observar equipe instalada contra bloco organizado, em velocidade normal 1.0x, com câmera e VFX definitivos.;velocidade média de bola/atletas + vídeo;"Acelera quando surge espaço real e desacelera quando o espaço fecha; não usa velocidade constante.";PENDENTE 2.5D
CAD-018;3. Cadência;P1;VIS;Ataque posicional: micro-pausas de decisão;Observar equipe instalada contra bloco organizado, em velocidade normal 1.0x, com câmera e VFX definitivos.;clipe de 20–30 s em 1.0x;Existem ajustes corporais e leitura de jogo, mas nenhuma parada sem causa superior a 0,8 s.;PENDENTE 2.5D
CAD-019;3. Cadência;P0;AUTO+VIS;Ataque posicional: reação coletiva;Observar equipe instalada contra bloco organizado, em velocidade normal 1.0x, com câmera e VFX definitivos.;telemetria das linhas + vídeo;Ao mudar a fase, ao menos duas linhas reagem de forma coordenada dentro de 1,2 s lógicos.;PENDENTE 2.5D
CAD-020;3. Cadência;P1;PAINEL HUMANO;Ataque posicional: legibilidade humana;Observar equipe instalada contra bloco organizado, em velocidade normal 1.0x, com câmera e VFX definitivos.;avaliação cega de 3 observadores;Pelo menos 2 de 3 identificam corretamente a fase e a intenção principal sem consultar logs.;PENDENTE 2.5D
CAD-021;3. Cadência;P0;AUTO+VIS;Transição ofensiva: duração da fase;Observar recuperação com espaço e defesa adversária desorganizada, em velocidade normal 1.0x, com câmera e VFX definitivos.;timeline de fases + vídeo;A fase dura tempo suficiente para ser reconhecida, sem congelar ou se prolongar artificialmente.;BASELINE R13.0
CAD-022;3. Cadência;P0;AUTO+VIS;Transição ofensiva: aceleração contextual;Observar recuperação com espaço e defesa adversária desorganizada, em velocidade normal 1.0x, com câmera e VFX definitivos.;velocidade média de bola/atletas + vídeo;"Acelera quando surge espaço real e desacelera quando o espaço fecha; não usa velocidade constante.";BASELINE R13.0
CAD-023;3. Cadência;P1;VIS;Transição ofensiva: micro-pausas de decisão;Observar recuperação com espaço e defesa adversária desorganizada, em velocidade normal 1.0x, com câmera e VFX definitivos.;clipe de 20–30 s em 1.0x;Existem ajustes corporais e leitura de jogo, mas nenhuma parada sem causa superior a 0,8 s.;PENDENTE 2.5D
CAD-024;3. Cadência;P0;AUTO+VIS;Transição ofensiva: reação coletiva;Observar recuperação com espaço e defesa adversária desorganizada, em velocidade normal 1.0x, com câmera e VFX definitivos.;telemetria das linhas + vídeo;Ao mudar a fase, ao menos duas linhas reagem de forma coordenada dentro de 1,2 s lógicos.;PENDENTE 2.5D
CAD-025;3. Cadência;P1;PAINEL HUMANO;Transição ofensiva: legibilidade humana;Observar recuperação com espaço e defesa adversária desorganizada, em velocidade normal 1.0x, com câmera e VFX definitivos.;avaliação cega de 3 observadores;Pelo menos 2 de 3 identificam corretamente a fase e a intenção principal sem consultar logs.;PENDENTE 2.5D
CAD-026;3. Cadência;P0;AUTO+VIS;Transição defensiva: duração da fase;Observar perda da bola com jogadores à frente, em velocidade normal 1.0x, com câmera e VFX definitivos.;timeline de fases + vídeo;A fase dura tempo suficiente para ser reconhecida, sem congelar ou se prolongar artificialmente.;PENDENTE 2.5D
CAD-027;3. Cadência;P0;AUTO+VIS;Transição defensiva: aceleração contextual;Observar perda da bola com jogadores à frente, em velocidade normal 1.0x, com câmera e VFX definitivos.;velocidade média de bola/atletas + vídeo;"Acelera quando surge espaço real e desacelera quando o espaço fecha; não usa velocidade constante.";PENDENTE 2.5D
CAD-028;3. Cadência;P1;VIS;Transição defensiva: micro-pausas de decisão;Observar perda da bola com jogadores à frente, em velocidade normal 1.0x, com câmera e VFX definitivos.;clipe de 20–30 s em 1.0x;Existem ajustes corporais e leitura de jogo, mas nenhuma parada sem causa superior a 0,8 s.;PENDENTE 2.5D
CAD-029;3. Cadência;P0;AUTO+VIS;Transição defensiva: reação coletiva;Observar perda da bola com jogadores à frente, em velocidade normal 1.0x, com câmera e VFX definitivos.;telemetria das linhas + vídeo;Ao mudar a fase, ao menos duas linhas reagem de forma coordenada dentro de 1,2 s lógicos.;PENDENTE 2.5D
CAD-030;3. Cadência;P1;PAINEL HUMANO;Transição defensiva: legibilidade humana;Observar perda da bola com jogadores à frente, em velocidade normal 1.0x, com câmera e VFX definitivos.;avaliação cega de 3 observadores;Pelo menos 2 de 3 identificam corretamente a fase e a intenção principal sem consultar logs.;PENDENTE 2.5D
CAD-031;3. Cadência;P0;AUTO+VIS;Pressão alta: duração da fase;Observar equipe tentando recuperar perto da área rival, em velocidade normal 1.0x, com câmera e VFX definitivos.;timeline de fases + vídeo;A fase dura tempo suficiente para ser reconhecida, sem congelar ou se prolongar artificialmente.;PENDENTE 2.5D
CAD-032;3. Cadência;P0;AUTO+VIS;Pressão alta: aceleração contextual;Observar equipe tentando recuperar perto da área rival, em velocidade normal 1.0x, com câmera e VFX definitivos.;velocidade média de bola/atletas + vídeo;"Acelera quando surge espaço real e desacelera quando o espaço fecha; não usa velocidade constante.";PENDENTE 2.5D
CAD-033;3. Cadência;P1;VIS;Pressão alta: micro-pausas de decisão;Observar equipe tentando recuperar perto da área rival, em velocidade normal 1.0x, com câmera e VFX definitivos.;clipe de 20–30 s em 1.0x;Existem ajustes corporais e leitura de jogo, mas nenhuma parada sem causa superior a 0,8 s.;PENDENTE 2.5D
CAD-034;3. Cadência;P0;AUTO+VIS;Pressão alta: reação coletiva;Observar equipe tentando recuperar perto da área rival, em velocidade normal 1.0x, com câmera e VFX definitivos.;telemetria das linhas + vídeo;Ao mudar a fase, ao menos duas linhas reagem de forma coordenada dentro de 1,2 s lógicos.;PENDENTE 2.5D
CAD-035;3. Cadência;P1;PAINEL HUMANO;Pressão alta: legibilidade humana;Observar equipe tentando recuperar perto da área rival, em velocidade normal 1.0x, com câmera e VFX definitivos.;avaliação cega de 3 observadores;Pelo menos 2 de 3 identificam corretamente a fase e a intenção principal sem consultar logs.;PENDENTE 2.5D
CAD-036;3. Cadência;P0;AUTO+VIS;Bloco médio: duração da fase;Observar linhas compactas aguardando no meio-campo, em velocidade normal 1.0x, com câmera e VFX definitivos.;timeline de fases + vídeo;A fase dura tempo suficiente para ser reconhecida, sem congelar ou se prolongar artificialmente.;PENDENTE 2.5D
CAD-037;3. Cadência;P0;AUTO+VIS;Bloco médio: aceleração contextual;Observar linhas compactas aguardando no meio-campo, em velocidade normal 1.0x, com câmera e VFX definitivos.;velocidade média de bola/atletas + vídeo;"Acelera quando surge espaço real e desacelera quando o espaço fecha; não usa velocidade constante.";PENDENTE 2.5D
CAD-038;3. Cadência;P1;VIS;Bloco médio: micro-pausas de decisão;Observar linhas compactas aguardando no meio-campo, em velocidade normal 1.0x, com câmera e VFX definitivos.;clipe de 20–30 s em 1.0x;Existem ajustes corporais e leitura de jogo, mas nenhuma parada sem causa superior a 0,8 s.;PENDENTE 2.5D
CAD-039;3. Cadência;P0;AUTO+VIS;Bloco médio: reação coletiva;Observar linhas compactas aguardando no meio-campo, em velocidade normal 1.0x, com câmera e VFX definitivos.;telemetria das linhas + vídeo;Ao mudar a fase, ao menos duas linhas reagem de forma coordenada dentro de 1,2 s lógicos.;PENDENTE 2.5D
CAD-040;3. Cadência;P1;PAINEL HUMANO;Bloco médio: legibilidade humana;Observar linhas compactas aguardando no meio-campo, em velocidade normal 1.0x, com câmera e VFX definitivos.;avaliação cega de 3 observadores;Pelo menos 2 de 3 identificam corretamente a fase e a intenção principal sem consultar logs.;PENDENTE 2.5D
CAD-041;3. Cadência;P0;AUTO+VIS;Bloco baixo: duração da fase;Observar equipe protegendo a própria área, em velocidade normal 1.0x, com câmera e VFX definitivos.;timeline de fases + vídeo;A fase dura tempo suficiente para ser reconhecida, sem congelar ou se prolongar artificialmente.;BASELINE R13.0
CAD-042;3. Cadência;P0;AUTO+VIS;Bloco baixo: aceleração contextual;Observar equipe protegendo a própria área, em velocidade normal 1.0x, com câmera e VFX definitivos.;velocidade média de bola/atletas + vídeo;"Acelera quando surge espaço real e desacelera quando o espaço fecha; não usa velocidade constante.";BASELINE R13.0
CAD-043;3. Cadência;P1;VIS;Bloco baixo: micro-pausas de decisão;Observar equipe protegendo a própria área, em velocidade normal 1.0x, com câmera e VFX definitivos.;clipe de 20–30 s em 1.0x;Existem ajustes corporais e leitura de jogo, mas nenhuma parada sem causa superior a 0,8 s.;PENDENTE 2.5D
CAD-044;3. Cadência;P0;AUTO+VIS;Bloco baixo: reação coletiva;Observar equipe protegendo a própria área, em velocidade normal 1.0x, com câmera e VFX definitivos.;telemetria das linhas + vídeo;Ao mudar a fase, ao menos duas linhas reagem de forma coordenada dentro de 1,2 s lógicos.;PENDENTE 2.5D
CAD-045;3. Cadência;P1;PAINEL HUMANO;Bloco baixo: legibilidade humana;Observar equipe protegendo a própria área, em velocidade normal 1.0x, com câmera e VFX definitivos.;avaliação cega de 3 observadores;Pelo menos 2 de 3 identificam corretamente a fase e a intenção principal sem consultar logs.;PENDENTE 2.5D
BOL-001;4. Bola e reinícios;P0;AUTO+VIS;Bola controlada orientada ao corpo;Portador muda direção em baixa e alta velocidade.;ângulo corpo/bola por frame + vídeo;Divergência acima de 45° em menos de 2% das amostras controladas.;BASELINE R13.0
BOL-002;4. Bola e reinícios;P0;VIS;Contato real no passe curto;Passe de até 12 m com receptor frontal.;frame do contato;Bola sai do pé no frame de ação, sem lacuna nem antecipação visível.;PENDENTE 2.5D
BOL-003;4. Bola e reinícios;P0;VIS;Contato real no passe longo;Lançamento acima de 25 m.;frame do contato + trajetória;Origem coincide com pé de apoio/ação e não com centro do avatar.;PENDENTE 2.5D
BOL-004;4. Bola e reinícios;P0;AUTO+VIS;Passe rasteiro desacelera;Passe de 15–25 m em gramado livre.;curva velocidade-tempo;"Velocidade diminui progressivamente; não desliza em velocidade constante.";PENDENTE 2.5D
BOL-005;4. Bola e reinícios;P0;DIR;Passe de primeira;Receptor devolve sem domínio completo.;vídeo em 0,5x;"Animação e novo vetor começam no contato; sem teleporte para o pé.";PENDENTE 2.5D
BOL-006;4. Bola e reinícios;P0;DIR;Domínio orientado;Recepção com espaço lateral.;vídeo + coordenadas;Primeiro toque prepara a direção escolhida e mantém distância plausível do corpo.;PENDENTE 2.5D
BOL-007;4. Bola e reinícios;P0;DIR;Domínio sob pressão;Recepção com defensor a menos de 2 m.;vídeo + estado da disputa;"Toque pode escapar ou proteger; nunca cola instantaneamente no pé.";PENDENTE 2.5D
BOL-008;4. Bola e reinícios;P0;DIR;Bola espirrada em dividida;Dois atletas chegam simultaneamente.;vídeo + vetor pós-contato;"Vetor deriva dos movimentos e do ponto de contato; posse não é atribuída antes da resolução.";PENDENTE 2.5D
BOL-009;4. Bola e reinícios;P0;DIR;Desvio defensivo;Bloqueio de passe ou chute.;antes/depois do vetor;Trajetória muda no ponto do defensor e pode sair do campo naturalmente.;PENDENTE 2.5D
BOL-010;4. Bola e reinícios;P0;DIR;Rebote no gramado;Bola aérea quica antes da recepção.;altura e velocidade por frame;Quica com perda de energia e segunda altura menor.;PENDENTE 2.5D
BOL-011;4. Bola e reinícios;P0;DIR;Rebote na trave;Chute atinge poste.;ponto de impacto + vetor;Rebate do ponto visível da trave, sem atravessar ou inverter arbitrariamente.;PENDENTE 2.5D
BOL-012;4. Bola e reinícios;P0;DIR;Rebote no travessão;Chute alto atinge travessão.;ponto de impacto + arco;Altura e profundidade respeitam o travessão 2.5D.;PENDENTE 2.5D
BOL-013;4. Bola e reinícios;P0;VIS;Bola aérea no terço distante;Lançamento alto próximo à arquibancada visual.;vídeo da projeção;"A bola permanece dentro do teto de projeção do palco; não invade arquibancada.";PENDENTE 2.5D
BOL-014;4. Bola e reinícios;P0;DIR;Cruzamento em arco;Cruzamento de linha de fundo.;trajetória amostrada;"Altura cresce e cai; não é segmento linear.";BASELINE R13.0
BOL-015;4. Bola e reinícios;P1;DIR;Chute colocado;Finalização com alvo lateral.;trajetória e velocidade;Curva/diagonal coerente e desaceleração menor que passe.;PENDENTE 2.5D
BOL-016;4. Bola e reinícios;P1;DIR;Chute forte rasteiro;Finalização frontal de média distância.;velocidade inicial e contato;"Velocidade superior ao passe; bola mantém contato visual correto.";PENDENTE 2.5D
BOL-017;4. Bola e reinícios;P0;DIR;Chute alto com arco;Finalização alta de fora da área.;altura por frame;"Curva vertical contínua; não sobe em linha reta nem muda de altura abruptamente.";PENDENTE 2.5D
BOL-018;4. Bola e reinícios;P0;DIR;Cabeceio direcionado;Cruzamento com atacante em movimento.;frame cabeça/bola;Vetor muda no contato da cabeça e segue direção corporal plausível.;PENDENTE 2.5D
BOL-019;4. Bola e reinícios;P0;AUTO;Bola sem dono;Após corte parcial e rebote.;tempo sem posse + proximidade;"Pode existir bola livre; nenhum atleta é marcado portador até alcance físico.";PENDENTE 2.5D
BOL-020;4. Bola e reinícios;P0;AUTO+VIS;Recuperação física da posse;Atleta alcança bola livre.;distância no frame de aquisição;Posse só muda quando distância e tempo de contato são plausíveis.;PENDENTE 2.5D
BOL-021;4. Bola e reinícios;P0;DIR;Detecção de saída lateral por passe errado;Passe junto à linha ultrapassa completamente o limite.;coordenadas + evento;Lateral marcado no primeiro tick após a bola cruzar integralmente a linha.;BASELINE R13.0
BOL-022;4. Bola e reinícios;P0;DIR;Detecção de saída por domínio ruim;Primeiro toque leva a bola para fora.;vídeo + último toque;Reposição concedida ao adversário do último tocador.;PENDENTE 2.5D
BOL-023;4. Bola e reinícios;P0;DIR;Detecção de saída por dividida;Disputa empurra a bola para fora.;log de contatos;Último contato define a posse do lateral.;PENDENTE 2.5D
BOL-024;4. Bola e reinícios;P0;DIR;Detecção de saída por corte;Defensor corta passe pela lateral.;vídeo + evento;Gera lateral, não tiro de meta ou continuidade artificial.;PENDENTE 2.5D
BOL-025;4. Bola e reinícios;P1;AUTO+VIS;Origem do arremesso;Bola sai em cinco pontos diferentes da linha.;coordenada de saída/reposição;Reposição ocorre no ponto equivalente, limitado apenas por regra documentada.;PENDENTE 2.5D
BOL-026;4. Bola e reinícios;P1;AUTO;Cobrador correto;Lateral em ambos os lados e terços.;ID do cobrador;Escolhe atleta elegível e próximo, sem goleiro ou jogador adversário.;PENDENTE 2.5D
BOL-027;4. Bola e reinícios;P1;DIR;Distância de segurança;Adversário pressiona o cobrador.;distâncias no momento da cobrança;Oponentes respeitam distância mínima definida até a bola entrar.;PENDENTE 2.5D
BOL-028;4. Bola e reinícios;P0;DIR;Trajetória do arremesso;Cobrança curta, média e longa.;arco por frame;Bola nasce nas mãos/posição de cobrança, possui arco e cai no receptor ou espaço.;PENDENTE 2.5D
BOL-029;4. Bola e reinícios;P0;DIR;Continuidade após lateral;Receptor domina ou disputa.;vídeo pós-reposição;Fluxo retorna ao jogo corrido sem teleporte, pausa longa ou posse automática indevida.;PENDENTE 2.5D
BOL-030;4. Bola e reinícios;P0;AUTO;Frequência natural de laterais;Executar amostra diversa de 200 jogos.;média por partida;Entre 5 e 16 laterais/jogo, sem concentração anormal em uma formação.;BASELINE R13.0
BOL-031;4. Bola e reinícios;P0;DIR;Concessão correta de escanteio;Defensor toca por último antes da linha de fundo.;último contato + evento;"Escanteio concedido ao ataque; nenhum tiro de meta simultâneo.";PENDENTE 2.5D
BOL-032;4. Bola e reinícios;P1;VIS;Origem no quadrante correto;Saída pela esquerda e direita.;frame da cobrança;Bola posicionada no lado correspondente.;PENDENTE 2.5D
BOL-033;4. Bola e reinícios;P1;VIS;Corridas pré-cobrança;Marcação mista com atacantes na área.;clipe anterior à cobrança;"Há disputa por espaço; atletas não ficam estáticos ou sobrepostos.";PENDENTE 2.5D
BOL-034;4. Bola e reinícios;P0;AUTO;Limite de defensores atacando;Equipe com zagueiros altos.;contagem de jogadores avançados;No máximo dois defensores atacam a área e há defesa de descanso.;BASELINE R13.0
BOL-035;4. Bola e reinícios;P0;DIR;Decisão do goleiro no cruzamento;Cobranças fechada e aberta.;trace de decisão;"Sai, soca ou fica conforme trajetória e tráfego; não teleporta.";PENDENTE 2.5D
BOL-036;4. Bola e reinícios;P0;DIR;Segunda bola de escanteio;Corte parcial para entrada da área.;vídeo + posse;"Bola permanece viva e jogadores reagem; papéis especiais são limpos.";PENDENTE 2.5D
BOL-037;4. Bola e reinícios;P0;AUTO;Conversão de escanteios;Amostra neutra e diversa.;taxa de gols/corners;"Participação em gols dentro de 2%–18%; alvo de referência R13 entre 2,78% e 4,67%.";BASELINE R13.0
BOL-038;4. Bola e reinícios;P1;DIR;Transição após corte;Defesa recupera e contra-ataca.;vídeo de 10 s após corte;"Jogadores de descanso protegem o contra-ataque; sem reset artificial.";PENDENTE 2.5D
BOL-039;4. Bola e reinícios;P0;DIR;Concessão correta de tiro de meta;Atacante toca por último antes da linha de fundo.;último contato + evento;Tiro de meta, nunca escanteio.;PENDENTE 2.5D
BOL-040;4. Bola e reinícios;P1;AUTO+VIS;Reposicionamento para tiro de meta;Equipes em bloco alto e baixo.;mapa de posições;Jogadores assumem estrutura coerente sem teleporte visível.;PENDENTE 2.5D
BOL-041;4. Bola e reinícios;P1;DIR;Saída curta do goleiro;Zagueiro livre próximo.;trace de escolha;Goleiro pode escolher opção curta e bola percorre fisicamente o trajeto.;PENDENTE 2.5D
BOL-042;4. Bola e reinícios;P1;DIR;Saída longa do goleiro;Pressão alta fecha opções curtas.;trajetória + decisão;Lançamento tem arco e alvo espacial coerente.;PENDENTE 2.5D
BOL-043;4. Bola e reinícios;P1;AUTO;Bola em jogo no tiro de meta;Cobrança executada.;momento de ativação;Pressão e disputa começam quando a bola entra em jogo, conforme regra adotada.;PENDENTE 2.5D
BOL-044;4. Bola e reinícios;P1;AUTO;Frequência de tiros de meta;Amostra diversa.;média por partida;"Sem colapso estatístico; referência inicial próxima de 7,71/jogo.";BASELINE R13.0
BOL-045;4. Bola e reinícios;P1;VIS;Continuidade após tiro de meta;Recepção curta ou disputa longa.;clipe de 8 s;Sem corte de câmera, pausa ou posse forçada.;PENDENTE 2.5D
BOL-046;4. Bola e reinícios;P0;DIR;Concessão e local da falta;Falta em cinco zonas do campo.;coordenada da infração/reposição;Cobrança nasce no ponto da infração dentro de tolerância de 1 m lógico.;PENDENTE 2.5D
BOL-047;4. Bola e reinícios;P0;VIS;Câmera unificada de falta;Falta direta e indireta.;vídeo da transição;"Permanece no palco 2.5D; não há corte para perspectiva antiga.";PENDENTE 2.5D
BOL-048;4. Bola e reinícios;P0;AUTO+VIS;Barreira posicionada;Falta frontal e lateral.;distância bola-barreira;Distância regulamentar visual e jogadores não sobrepostos.;PENDENTE 2.5D
BOL-049;4. Bola e reinícios;P1;DIR;Escolha entre chute e passe;Distância curta, média e longa.;trace de decisão;Decisão responde a ângulo, distância, atributo e estado do jogo.;PENDENTE 2.5D
BOL-050;4. Bola e reinícios;P0;DIR;Trajetória da falta direta;Cobrança por cima e ao redor da barreira.;curva 3D projetada;"Arco e curva contínuos; bola não atravessa barreira.";PENDENTE 2.5D
BOL-051;4. Bola e reinícios;P1;VIS;Reação da barreira;Chute direto.;clipe em 0,5x;Jogadores saltam/reagem no momento da cobrança, sem antecipação grosseira.;PENDENTE 2.5D
BOL-052;4. Bola e reinícios;P1;DIR;Segunda bola de falta;Defesa rebate para a entrada da área.;vídeo pós-rebote;Jogo continua com bola livre e reorganização real.;PENDENTE 2.5D
BOL-053;4. Bola e reinícios;P1;DIR;Falta ofensiva em bola parada;Atacante comete infração na disputa.;evento e reinício;"Ataque perde a posse; gol subsequente é anulado se aplicável.";PENDENTE 2.5D
BOL-054;4. Bola e reinícios;P0;VIS;Câmera unificada de pênalti;Gerar pênalti durante partida.;vídeo da transição;Cena usa palco 2.5D e mantém identidade visual do jogo.;PENDENTE 2.5D
BOL-055;4. Bola e reinícios;P0;AUTO+VIS;Posicionamento pré-cobrança;Batedor, goleiro e demais atletas.;mapa de posições;Todos ocupam posições legais sem sobreposição.;PENDENTE 2.5D
BOL-056;4. Bola e reinícios;P0;VIS;Contato do chute no pênalti;Cobrança em diferentes lados.;frame do contato;Bola sai no contato do pé e não teleporta.;PENDENTE 2.5D
BOL-057;4. Bola e reinícios;P0;DIR;Mergulho do goleiro;Cobranças altas e baixas.;pose, sombra e ponto de defesa;Goleiro possui ação própria, alcança fisicamente ou é vencido.;PENDENTE 2.5D
BOL-058;4. Bola e reinícios;P0;DIR;Rebote de pênalti em jogo;Defesa ou trave em tempo normal.;vídeo pós-impacto;Bola segue viva e jogadores entram somente quando permitido.;PENDENTE 2.5D
BOL-059;4. Bola e reinícios;P0;AUTO;Encerramento na disputa por pênaltis;Cobrança defendida ou na trave.;estado da disputa;"Sem rebote jogável; placar de pênaltis atualiza uma vez.";PENDENTE 2.5D
BOL-060;4. Bola e reinícios;P0;AUTO;Ordem de batedores;Disputa chega a alternadas.;lista de batedores;Ordem válida, sem repetição antes de todos elegíveis cobrarem.;PENDENTE 2.5D
BOL-061;4. Bola e reinícios;P1;DIR;Saída inicial da partida;Início do primeiro tempo.;posições + primeiro toque;"Equipes em campos corretos; relógio inicia com a bola em jogo.";PENDENTE 2.5D
BOL-062;4. Bola e reinícios;P1;DIR;Saída do segundo tempo;Após intervalo.;posse e lados;Lados e equipe de saída obedecem regra definida.;PENDENTE 2.5D
BOL-063;4. Bola e reinícios;P0;DIR;Saída após gol;Após gol válido.;vídeo completo;"Equipe que sofreu reinicia; placar já atualizado; VFX não interfere.";PENDENTE 2.5D
BOL-064;4. Bola e reinícios;P1;VIS;Estrutura após saída;Passe para trás e pressão adversária.;clipe de 10 s;Linhas expandem gradualmente, sem corrida caótica ao mesmo ponto.;PENDENTE 2.5D
BOL-065;4. Bola e reinícios;P1;AUTO;Sem chute impossível da saída;Jogador tenta ação direta.;decisão e trajetória;"Ação respeita capacidade e regra; não gera atalho de gol recorrente.";PENDENTE 2.5D
BOL-066;4. Bola e reinícios;P1;DIR;Bola exatamente sobre a linha lateral;Centro da bola tangencia a linha.;coordenada subpixel;Permanece em jogo até cruzar integralmente o limite definido.;PENDENTE 2.5D
BOL-067;4. Bola e reinícios;P1;DIR;Bola exatamente sobre a linha de fundo;Centro da bola tangencia a linha.;coordenada subpixel;Permanece em jogo até cruzar integralmente.;PENDENTE 2.5D
BOL-068;4. Bola e reinícios;P0;DIR;Saída no encontro lateral/linha de fundo;Bola cruza próximo à bandeirinha.;trajeto + último toque;Classificação usa o primeiro limite cruzado e último toque.;PENDENTE 2.5D
BOL-069;4. Bola e reinícios;P0;DIR;Desvio múltiplo antes da saída;Bola toca em três atletas.;cadeia de contatos;Último contato válido define a reposição.;PENDENTE 2.5D
BOL-070;4. Bola e reinícios;P0;DIR;Bola fora durante vantagem;Falta ocorre e bola sai logo depois.;timeline da vantagem;Motor decide falta ou reposição uma vez, sem eventos concorrentes.;PENDENTE 2.5D
IA-001;5. IA tática;P0;AUTO+VIS;Compactação vertical do bloco;Ataque circula da defesa ao terço final.;distância entre linhas;Bloco ajusta profundidade sem buracos sistemáticos acima de 18 m entre linhas adjacentes.;BASELINE R13.0
IA-002;5. IA tática;P0;AUTO+VIS;Compactação horizontal;Bola alterna entre corredor esquerdo, centro e direito.;largura das linhas;Equipe desliza para o lado da bola e mantém lado oposto protegido por dentro.;PENDENTE 2.5D
IA-003;5. IA tática;P0;AUTO;Linha defensiva coordenada;Passador rival sob e sem pressão.;amplitude de profundidade;"Linha sobe/recua em conjunto; taxa de desconexão dentro do gate.";BASELINE R13.0
IA-004;5. IA tática;P0;AUTO+VIS;Lateral acompanha a linha;Bola no lado oposto e atacante aberto.;profundidade do lateral;Não mantém atacante em condição por atraso recorrente sem motivo.;PENDENTE 2.5D
IA-005;5. IA tática;P0;AUTO+VIS;Volante protege zona central;Zagueiro sai para pressionar.;ocupação da zona abandonada;Volante ou defensor cobre a zona antes de o rival explorar o corredor central.;PENDENTE 2.5D
IA-006;5. IA tática;P1;DIR;Ponta acompanha lateral;Lateral adversário ultrapassa.;vídeo + referência;"Ponta reage conforme estilo/mentalidade; ausência de acompanhamento deve gerar compensação.";PENDENTE 2.5D
IA-007;5. IA tática;P1;AUTO+VIS;Lado oposto fecha por dentro;Ataque progride pelo corredor lateral.;posições do lado fraco;Extremo e lateral opostos estreitam sem abandonar completamente a largura.;PENDENTE 2.5D
IA-008;5. IA tática;P0;AUTO;Defesa de descanso;Ataque posiciona muitos jogadores à frente.;quantidade e posição atrás da bola;Mantém proteção mínima coerente com mentalidade.;PENDENTE 2.5D
IA-009;5. IA tática;P0;DIR;Linha de cinco temporária;Adversário ocupa última linha com quatro atacantes.;mudança estrutural;Volante/lateral recua por ocupação espacial, não por nome da formação.;PENDENTE 2.5D
IA-010;5. IA tática;P1;DIR;Retorno à estrutura-base;Sobrecarga adversária termina.;timeline estrutural;Equipe desfaz linha de cinco gradualmente e sem trocar IDs de forma errada.;PENDENTE 2.5D
IA-011;5. IA tática;P0;AUTO+VIS;Proteção do corredor central;Rival possui dois meias entrelinhas.;mapa de sombras de passe;Ao menos um volante ou zagueiro controla a zona e linha de passe.;PENDENTE 2.5D
IA-012;5. IA tática;P0;DIR;Proteção do corredor lateral;Rival cria 2x1 contra lateral.;vídeo + distâncias;Cobertura chega por ponta, volante ou zagueiro antes de cruzamento livre recorrente.;PENDENTE 2.5D
IA-013;5. IA tática;P1;DIR;Proteção da entrada da área;Cruzamento é cortado parcialmente.;ocupação após corte;Defesa mantém jogador para segunda bola.;PENDENTE 2.5D
IA-014;5. IA tática;P0;AUTO+VIS;Recuo diante de corrida nas costas;Atacante acelera e passador tem tempo.;profundidade da linha;Linha recua proporcionalmente antes do passe, sem recuo infinito.;PENDENTE 2.5D
IA-015;5. IA tática;P0;AUTO+VIS;Subida com passador pressionado;Passador rival de costas e sob pressão.;movimento da linha;Linha encurta em bloco e pode gerar impedimento orgânico.;BASELINE R13.0
IA-016;5. IA tática;P1;AUTO;Escalonamento natural dos zagueiros;Bola em corredor lateral.;diferença de profundidade;Pequeno escalonamento, sem linha perfeitamente rígida nem buraco excessivo.;PENDENTE 2.5D
IA-017;5. IA tática;P0;DIR;Cobertura do zagueiro que salta;Zagueiro pressiona entrelinhas.;mapa de posições;Parceiro e volante fecham profundidade e corredor do passe.;PENDENTE 2.5D
IA-018;5. IA tática;P0;DIR;Proteção contra terceiro homem;Passe apoia e devolve em profundidade.;vídeo da sequência;Defesa acompanha a devolução e não persegue somente a bola.;PENDENTE 2.5D
IA-019;5. IA tática;P1;AUTO+VIS;Reação a inversão longa;Bola muda de corredor em passe longo.;tempo de basculação;Bloco oposto reage antes da recepção ou dentro de 1,5 s lógicos.;PENDENTE 2.5D
IA-020;5. IA tática;P0;DIR;Estrutura após bola parada;Escanteio ou falta é afastado.;mapa de recomposição;Papéis temporários desaparecem e linhas se reorganizam.;PENDENTE 2.5D
IA-021;5. IA tática;P0;AUTO;Marcador a distância útil;Atacante recebe entrelinhas.;distância marcador-ameaça;Média dentro do gate e nenhuma associação acima de 20 m contada como cobertura.;BASELINE R13.0
IA-022;5. IA tática;P0;AUTO;Marcador do lado do gol;Atacante central próximo à área.;posição relativa ao gol;Cobertura pelo lado do gol acima de 70% nas ameaças relevantes.;BASELINE R13.0
IA-023;5. IA tática;P0;AUTO+VIS;Controle do corredor de passe;Atacante sem bola entre defensor e gol.;interseção defensor-linha de passe;Defensor reduz linha de passe mesmo sem colar no atacante.;PENDENTE 2.5D
IA-024;5. IA tática;P0;DIR;Cobertura secundária;Primeiro marcador é driblado.;distância do segundo defensor;Segundo defensor entra em condição de intervenção sem abrir corredor central.;PENDENTE 2.5D
IA-025;5. IA tática;P0;DIR;Transferência de marcação;Atacante cruza zonas lateral/central.;IDs de referência por tempo;Referência passa entre setores sem dois defensores perseguirem indefinidamente.;PENDENTE 2.5D
IA-026;5. IA tática;P1;AUTO+VIS;Não seguir atacante irrelevante;Atacante recua para longe do gol.;movimento do defensor;Defensor preserva estrutura quando a perseguição criaria espaço perigoso.;PENDENTE 2.5D
IA-027;5. IA tática;P0;DIR;Marcação de dois atacantes centrais;Dupla ocupa entre zagueiros e volantes.;mapa de coberturas;Ambos controlados por referências distintas ou zona compartilhada com sobra.;PENDENTE 2.5D
IA-028;5. IA tática;P1;DIR;Marcação de ponta aberto;Ponta fixa amplitude.;posição lateral/zagueiro;Lateral controla distância e orientação sem abrir meio.;PENDENTE 2.5D
IA-029;5. IA tática;P0;DIR;Marcação no segundo pau;Cruzamento vindo do lado oposto.;posição antes do cruzamento;Defensor do lado fraco acompanha atacante ou protege zona de finalização.;PENDENTE 2.5D
IA-030;5. IA tática;P1;DIR;Marcação em rebote;Chute bloqueado volta à área.;reação após rebote;Defesa atualiza ameaça e não mantém referências antigas.;PENDENTE 2.5D
IA-031;5. IA tática;P1;VIS;Marcação sem colisão de atletas;Dois defensores convergem.;vídeo próximo;Não ocupam exatamente o mesmo ponto por mais de 0,3 s.;PENDENTE 2.5D
IA-032;5. IA tática;P1;AUTO;Sobra defensiva;Ataque possui igualdade numérica na última linha.;quantidade de defensores livres;Quando possível, um defensor preserva cobertura em vez de todos marcarem homem a homem.;PENDENTE 2.5D
IA-033;5. IA tática;P1;DIR;Ameaça recém-entrada;Substituto entra e ocupa zona perigosa.;tempo para nova referência;IA reconhece e ajusta marcação em até 2 s lógicos.;PENDENTE 2.5D
IA-034;5. IA tática;P0;DIR;Troca de posição ofensiva;Ponta e meia trocam corredores.;transferência de referências;Defesa reage à posição real, não ao rótulo original.;PENDENTE 2.5D
IA-035;5. IA tática;P0;AUTO+VIS;Sobrecarga 4-2-4 por ocupação;Quatro atacantes ocupam última linha.;taxa de ameaça descoberta;Resposta ocorre sem condição hard-coded e taxa permanece dentro do gate.;BASELINE R13.0
IA-036;5. IA tática;P1;DIR;Gatilho por passe para trás;Rival recua ao zagueiro.;timeline do pressionador;Pressão aumenta conforme estilo e distância, sem todos abandonarem zonas.;PENDENTE 2.5D
IA-037;5. IA tática;P0;DIR;Gatilho por domínio ruim;Receptor perde controle.;tempo de reação;Jogador próximo acelera e cobertura fecha passe seguinte.;PENDENTE 2.5D
IA-038;5. IA tática;P0;DIR;Gatilho por recepção de costas;Meia recebe voltado para o próprio gol.;abordagem e sombra;Pressionador chega pelo lado correto e bloqueia giro/passe perigoso.;PENDENTE 2.5D
IA-039;5. IA tática;P1;AUTO+VIS;Pressão orientada para lateral;Portador próximo ao corredor.;ângulo de abordagem;Abordagem usa linha lateral como defensor adicional.;PENDENTE 2.5D
IA-040;5. IA tática;P0;AUTO;Segundo homem fecha passe;Primeiro jogador pressiona.;ocupação da linha de passe;Companheiro fecha opção curta em vez de atacar a mesma bola.;PENDENTE 2.5D
IA-041;5. IA tática;P0;AUTO;Terceiro homem protege profundidade;Pressão alta com linha subida.;posição do terceiro defensor;Mantém proteção contra passe vertical.;PENDENTE 2.5D
IA-042;5. IA tática;P0;DIR;Abandono da pressão vencida;Rival rompe primeira linha.;mudança de fase;"Equipe recua e reorganiza; não persegue em fila.";PENDENTE 2.5D
IA-043;5. IA tática;P1;AUTO;Intensidade coerente com estilo;Comparar pressão, equilibrado e bloco baixo.;ações de pressão por zona;"Pressão alta pressiona mais no campo rival; bloco baixo concentra no próprio terço.";BASELINE R13.0
IA-044;5. IA tática;P1;AUTO+VIS;Pressão sem stamina infinita;Sequência longa de posse rival.;velocidade e frequência ao longo do tempo;Intensidade varia e não permanece máxima continuamente.;PENDENTE 2.5D
IA-045;5. IA tática;P1;DIR;Pressão após saída de meta;Rival escolhe passe curto.;mapa de encaixes;Atacantes fecham opções proporcionalmente, sem teleporte de estrutura.;PENDENTE 2.5D
IA-046;5. IA tática;P1;AUTO+VIS;Amplitude na construção;Posse com zagueiros.;largura de laterais/pontas;Equipe abre o campo conforme formação e estilo.;PENDENTE 2.5D
IA-047;5. IA tática;P0;AUTO;Apoio curto ao portador;Portador sem opção frontal.;número de linhas de passe próximas;Ao menos uma opção de apoio aparece sem amontoamento.;PENDENTE 2.5D
IA-048;5. IA tática;P1;AUTO+VIS;Ocupação entrelinhas;Meias atacam espaço entre meio e defesa.;mapa de recepções;Jogadores alternam altura e não formam uma única linha.;PENDENTE 2.5D
IA-049;5. IA tática;P0;DIR;Ataque à profundidade;Passador tem tempo e atacante inicia corrida.;sincronia corrida/passe;Corrida começa antes do passe, podendo gerar condição ou impedimento orgânico.;PENDENTE 2.5D
IA-050;5. IA tática;P1;DIR;Terceiro homem ofensivo;Apoio devolve para corredor livre.;sequência de três jogadores;Movimento do terceiro jogador cria linha real de progressão.;PENDENTE 2.5D
IA-051;5. IA tática;P1;DIR;Inversão de corredor;Lado da bola está congestionado.;trace de decisão;IA considera lado oposto e executa passe viável, não giro instantâneo.;PENDENTE 2.5D
IA-052;5. IA tática;P1;DIR;Ultrapassagem do lateral;Ponta recebe por dentro.;corrida sem bola;Lateral ataca corredor externo quando há cobertura.;PENDENTE 2.5D
IA-053;5. IA tática;P1;DIR;Diagonal do ponta;Lateral mantém amplitude.;movimento ponta/lateral;Ponta ocupa meio espaço ou área sem colidir com centroavante.;PENDENTE 2.5D
IA-054;5. IA tática;P0;AUTO;Presença na área proporcional;Ataque chega à linha de fundo.;contagem na área/defesa de descanso;Quantidade de atacantes responde à mentalidade sem abandonar totalmente a transição.;PENDENTE 2.5D
IA-055;5. IA tática;P0;DIR;Escolha entre passe, cruzamento e chute;Portador no terço final com opções variadas.;scores de decisão;"Escolha reflete ângulo, pressão, companheiros e atributos; sem ação dominante fixa.";PENDENTE 2.5D
IA-056;5. IA tática;P0;DIR;Primeiro passe após recuperação;Bola recuperada no próprio terço.;trace de opções;Pode assegurar posse ou acelerar conforme espaço e estilo.;PENDENTE 2.5D
IA-057;5. IA tática;P1;AUTO+VIS;Corridas de apoio na transição;Recuperação com superioridade.;trajetórias de três jogadores;Portador recebe opções em largura, profundidade e apoio.;PENDENTE 2.5D
IA-058;5. IA tática;P0;AUTO;Proteção contra contra-ataque;Equipe perde bola com laterais altos.;jogadores atrás da bola;Defesa de descanso fecha centro antes de perseguir portador.;PENDENTE 2.5D
IA-059;5. IA tática;P1;DIR;Contra-pressão imediata;Perda no terço final.;ações nos primeiros 3 s;Jogadores próximos pressionam e outros protegem saídas.;PENDENTE 2.5D
IA-060;5. IA tática;P0;DIR;Abandono da contra-pressão;Rival supera o primeiro cerco.;mudança de fase;"Equipe recua para bloco; não mantém perseguição caótica.";PENDENTE 2.5D
IA-061;5. IA tática;P1;AUTO+VIS;Recomposição do lado oposto;Perda após inversão.;trajetória dos jogadores distantes;Lado fraco fecha por dentro e protege profundidade.;PENDENTE 2.5D
IA-062;5. IA tática;P0;DIR;Decisão do portador no contra-ataque;Portador com 2x2 e 3x2.;trace da decisão;Conduz, passa ou finaliza conforme vantagem real.;PENDENTE 2.5D
IA-063;5. IA tática;P0;DIR;Temporização defensiva;Defensor isolado contra dois atacantes.;movimento do defensor;Recua e fecha linha de passe até chegada de cobertura, em vez de bote suicida recorrente.;PENDENTE 2.5D
IA-064;5. IA tática;P1;AUTO;Retorno de atacantes;Perda prolongada.;distância percorrida na recomposição;"Atacantes retornam conforme função e estilo; ninguém fica permanentemente desligado.";PENDENTE 2.5D
IA-065;5. IA tática;P1;DIR;Transição após defesa do goleiro;Goleiro encaixa e vê espaço.;decisão de distribuição;Pode acelerar com lançamento ou esperar reorganização.;PENDENTE 2.5D
IA-066;5. IA tática;P1;AUTO+VIS;Resposta a vantagem no placar;IA vence após 70 minutos.;mudança de risco/estrutura;Reduz risco de forma gradual, sem parar de atacar completamente.;PENDENTE 2.5D
IA-067;5. IA tática;P0;AUTO+VIS;Resposta a desvantagem;IA perde após 70 minutos.;mudança de presença ofensiva;Aumenta risco e presença sem desmontar toda a defesa.;PENDENTE 2.5D
IA-068;5. IA tática;P0;DIR;Resposta a expulsão própria;Equipe fica com dez.;nova estrutura;Reorganiza funções e preserva zonas essenciais.;PENDENTE 2.5D
IA-069;5. IA tática;P1;DIR;Resposta a expulsão adversária;Rival fica com dez.;ocupação territorial;Explora superioridade sem criar regra de gol artificial.;PENDENTE 2.5D
IA-070;5. IA tática;P1;DIR;Resposta a lesão/substituição;Jogador-chave sai.;redistribuição de funções;"Novo jogador assume função compatível; equipe não mantém referência inexistente.";PENDENTE 2.5D
IA-071;5. IA tática;P0;DIR;Resposta a mudança de formação rival;Usuário troca 4-3-3 para 4-2-4.;ajuste espacial da IA;IA reage à nova ocupação, não ao nome do esquema.;PENDENTE 2.5D
IA-072;5. IA tática;P1;DIR;Resposta a sobrecarga lateral repetida;Rival ataca o mesmo lado três vezes.;ajustes de cobertura;IA aumenta proteção local sem abandonar lado oposto por completo.;PENDENTE 2.5D
IA-073;5. IA tática;P1;DIR;Resposta a bola longa repetida;Rival usa lançamentos nas costas.;profundidade e pressão no passador;Linha recua ou pressiona origem, reduzindo repetição do mesmo dano.;PENDENTE 2.5D
IA-074;5. IA tática;P1;DIR;Resposta a bloco baixo rival;Rival fecha área.;circulação e largura;"IA amplia, troca corredor e busca entrelinhas; não chuta de qualquer lugar sempre.";PENDENTE 2.5D
IA-075;5. IA tática;P0;DIR;Resposta a pressão alta rival;Saída curta é bloqueada.;decisão de saída;Alterna apoio, terceiro homem ou jogo direto conforme risco.;PENDENTE 2.5D
IA-076;5. IA tática;P0;AUTO;Ausência de ação impossível;Amostrar todas as decisões em 200 jogos.;lista de decisões sem caminho físico;Zero passe/chute/interceptação sem trajetória ou alcance válido.;PENDENTE 2.5D
IA-077;5. IA tática;P0;AUTO;Ausência de ação dominante;Comparar distribuição de ações por zona.;histograma de decisões;Nenhuma ação concentra participação anormal sem justificativa tática.;PENDENTE 2.5D
IA-078;5. IA tática;P1;AUTO;Atributos influenciam sem determinar;Comparar atleta alto e baixo atributo em cenário igual.;probabilidades e resultados;Melhor atleta tem vantagem estatística, mas não sucesso garantido.;PENDENTE 2.5D
IA-079;5. IA tática;P0;DIR;Contexto supera rótulo;Trocar posição nominal mantendo mesma ocupação física.;decisões comparadas;IA responde à geometria, não apenas ao nome da posição/formação.;PENDENTE 2.5D
IA-080;5. IA tática;P1;AUTO;Explicabilidade de decisão crítica;Registrar chute, passe-chave, bote e saída do goleiro.;trace com fatores e pontuações;Cada decisão crítica apresenta fatores suficientes para reprodução e diagnóstico.;PENDENTE 2.5D
FOR-001;6. Formações e estilos;P0;AUTO+VIS;3-4-3: estrutura-base;Iniciar partida neutra com atletas de laboratório e observar posse, defesa e reinícios.;mapas médios de posição + vídeo;Onze atletas ocupam funções distintas, sem amontoamento sistemático ou posição fora do campo.;BASELINE R13.0
FOR-002;6. Formações e estilos;P0;AUTO;3-4-3: transições e equilíbrio;Executar mandos espelhados e duas seeds contra todas as demais formações.;PPG, saldo, ameaças e transições;"Nenhuma dominância fora dos limites; transições preservam cobertura compatível com o desenho.";BASELINE R13.0
FOR-003;6. Formações e estilos;P0;AUTO+VIS;4-2-4: estrutura-base;Iniciar partida neutra com atletas de laboratório e observar posse, defesa e reinícios.;mapas médios de posição + vídeo;Onze atletas ocupam funções distintas, sem amontoamento sistemático ou posição fora do campo.;BASELINE R13.0
FOR-004;6. Formações e estilos;P0;AUTO;4-2-4: transições e equilíbrio;Executar mandos espelhados e duas seeds contra todas as demais formações.;PPG, saldo, ameaças e transições;"Nenhuma dominância fora dos limites; transições preservam cobertura compatível com o desenho.";BASELINE R13.0
FOR-005;6. Formações e estilos;P1;AUTO+VIS;4-5-1: estrutura-base;Iniciar partida neutra com atletas de laboratório e observar posse, defesa e reinícios.;mapas médios de posição + vídeo;Onze atletas ocupam funções distintas, sem amontoamento sistemático ou posição fora do campo.;BASELINE R13.0
FOR-006;6. Formações e estilos;P0;AUTO;4-5-1: transições e equilíbrio;Executar mandos espelhados e duas seeds contra todas as demais formações.;PPG, saldo, ameaças e transições;"Nenhuma dominância fora dos limites; transições preservam cobertura compatível com o desenho.";BASELINE R13.0
FOR-007;6. Formações e estilos;P1;AUTO+VIS;3-5-2: estrutura-base;Iniciar partida neutra com atletas de laboratório e observar posse, defesa e reinícios.;mapas médios de posição + vídeo;Onze atletas ocupam funções distintas, sem amontoamento sistemático ou posição fora do campo.;BASELINE R13.0
FOR-008;6. Formações e estilos;P0;AUTO;3-5-2: transições e equilíbrio;Executar mandos espelhados e duas seeds contra todas as demais formações.;PPG, saldo, ameaças e transições;"Nenhuma dominância fora dos limites; transições preservam cobertura compatível com o desenho.";BASELINE R13.0
FOR-009;6. Formações e estilos;P1;AUTO+VIS;5-2-3: estrutura-base;Iniciar partida neutra com atletas de laboratório e observar posse, defesa e reinícios.;mapas médios de posição + vídeo;Onze atletas ocupam funções distintas, sem amontoamento sistemático ou posição fora do campo.;BASELINE R13.0
FOR-010;6. Formações e estilos;P0;AUTO;5-2-3: transições e equilíbrio;Executar mandos espelhados e duas seeds contra todas as demais formações.;PPG, saldo, ameaças e transições;"Nenhuma dominância fora dos limites; transições preservam cobertura compatível com o desenho.";BASELINE R13.0
FOR-011;6. Formações e estilos;P1;AUTO+VIS;4-1-2-1-2: estrutura-base;Iniciar partida neutra com atletas de laboratório e observar posse, defesa e reinícios.;mapas médios de posição + vídeo;Onze atletas ocupam funções distintas, sem amontoamento sistemático ou posição fora do campo.;BASELINE R13.0
FOR-012;6. Formações e estilos;P0;AUTO;4-1-2-1-2: transições e equilíbrio;Executar mandos espelhados e duas seeds contra todas as demais formações.;PPG, saldo, ameaças e transições;"Nenhuma dominância fora dos limites; transições preservam cobertura compatível com o desenho.";BASELINE R13.0
FOR-013;6. Formações e estilos;P1;AUTO+VIS;4-3-3: estrutura-base;Iniciar partida neutra com atletas de laboratório e observar posse, defesa e reinícios.;mapas médios de posição + vídeo;Onze atletas ocupam funções distintas, sem amontoamento sistemático ou posição fora do campo.;BASELINE R13.0
FOR-014;6. Formações e estilos;P0;AUTO;4-3-3: transições e equilíbrio;Executar mandos espelhados e duas seeds contra todas as demais formações.;PPG, saldo, ameaças e transições;"Nenhuma dominância fora dos limites; transições preservam cobertura compatível com o desenho.";BASELINE R13.0
FOR-015;6. Formações e estilos;P1;AUTO+VIS;3-1-4-2: estrutura-base;Iniciar partida neutra com atletas de laboratório e observar posse, defesa e reinícios.;mapas médios de posição + vídeo;Onze atletas ocupam funções distintas, sem amontoamento sistemático ou posição fora do campo.;BASELINE R13.0
FOR-016;6. Formações e estilos;P0;AUTO;3-1-4-2: transições e equilíbrio;Executar mandos espelhados e duas seeds contra todas as demais formações.;PPG, saldo, ameaças e transições;"Nenhuma dominância fora dos limites; transições preservam cobertura compatível com o desenho.";BASELINE R13.0
FOR-017;6. Formações e estilos;P1;AUTO+VIS;4-4-2: estrutura-base;Iniciar partida neutra com atletas de laboratório e observar posse, defesa e reinícios.;mapas médios de posição + vídeo;Onze atletas ocupam funções distintas, sem amontoamento sistemático ou posição fora do campo.;BASELINE R13.0
FOR-018;6. Formações e estilos;P0;AUTO;4-4-2: transições e equilíbrio;Executar mandos espelhados e duas seeds contra todas as demais formações.;PPG, saldo, ameaças e transições;"Nenhuma dominância fora dos limites; transições preservam cobertura compatível com o desenho.";BASELINE R13.0
FOR-019;6. Formações e estilos;P1;AUTO+VIS;4-1-4-1: estrutura-base;Iniciar partida neutra com atletas de laboratório e observar posse, defesa e reinícios.;mapas médios de posição + vídeo;Onze atletas ocupam funções distintas, sem amontoamento sistemático ou posição fora do campo.;BASELINE R13.0
FOR-020;6. Formações e estilos;P0;AUTO;4-1-4-1: transições e equilíbrio;Executar mandos espelhados e duas seeds contra todas as demais formações.;PPG, saldo, ameaças e transições;"Nenhuma dominância fora dos limites; transições preservam cobertura compatível com o desenho.";BASELINE R13.0
FOR-021;6. Formações e estilos;P1;AUTO+VIS;4-3-1-2: estrutura-base;Iniciar partida neutra com atletas de laboratório e observar posse, defesa e reinícios.;mapas médios de posição + vídeo;Onze atletas ocupam funções distintas, sem amontoamento sistemático ou posição fora do campo.;BASELINE R13.0
FOR-022;6. Formações e estilos;P0;AUTO;4-3-1-2: transições e equilíbrio;Executar mandos espelhados e duas seeds contra todas as demais formações.;PPG, saldo, ameaças e transições;"Nenhuma dominância fora dos limites; transições preservam cobertura compatível com o desenho.";BASELINE R13.0
FOR-023;6. Formações e estilos;P1;AUTO+VIS;4-2-2-2: estrutura-base;Iniciar partida neutra com atletas de laboratório e observar posse, defesa e reinícios.;mapas médios de posição + vídeo;Onze atletas ocupam funções distintas, sem amontoamento sistemático ou posição fora do campo.;BASELINE R13.0
FOR-024;6. Formações e estilos;P0;AUTO;4-2-2-2: transições e equilíbrio;Executar mandos espelhados e duas seeds contra todas as demais formações.;PPG, saldo, ameaças e transições;"Nenhuma dominância fora dos limites; transições preservam cobertura compatível com o desenho.";BASELINE R13.0
FOR-025;6. Formações e estilos;P1;AUTO+VIS;5-3-2: estrutura-base;Iniciar partida neutra com atletas de laboratório e observar posse, defesa e reinícios.;mapas médios de posição + vídeo;Onze atletas ocupam funções distintas, sem amontoamento sistemático ou posição fora do campo.;BASELINE R13.0
FOR-026;6. Formações e estilos;P0;AUTO;5-3-2: transições e equilíbrio;Executar mandos espelhados e duas seeds contra todas as demais formações.;PPG, saldo, ameaças e transições;"Nenhuma dominância fora dos limites; transições preservam cobertura compatível com o desenho.";BASELINE R13.0
FOR-027;6. Formações e estilos;P1;AUTO+VIS;4-3-2-1: estrutura-base;Iniciar partida neutra com atletas de laboratório e observar posse, defesa e reinícios.;mapas médios de posição + vídeo;Onze atletas ocupam funções distintas, sem amontoamento sistemático ou posição fora do campo.;BASELINE R13.0
FOR-028;6. Formações e estilos;P0;AUTO;4-3-2-1: transições e equilíbrio;Executar mandos espelhados e duas seeds contra todas as demais formações.;PPG, saldo, ameaças e transições;"Nenhuma dominância fora dos limites; transições preservam cobertura compatível com o desenho.";BASELINE R13.0
FOR-029;6. Formações e estilos;P1;AUTO+VIS;4-2-3-1: estrutura-base;Iniciar partida neutra com atletas de laboratório e observar posse, defesa e reinícios.;mapas médios de posição + vídeo;Onze atletas ocupam funções distintas, sem amontoamento sistemático ou posição fora do campo.;BASELINE R13.0
FOR-030;6. Formações e estilos;P0;AUTO;4-2-3-1: transições e equilíbrio;Executar mandos espelhados e duas seeds contra todas as demais formações.;PPG, saldo, ameaças e transições;"Nenhuma dominância fora dos limites; transições preservam cobertura compatível com o desenho.";BASELINE R13.0
FOR-031;6. Formações e estilos;P1;AUTO+VIS;3-4-2-1: estrutura-base;Iniciar partida neutra com atletas de laboratório e observar posse, defesa e reinícios.;mapas médios de posição + vídeo;Onze atletas ocupam funções distintas, sem amontoamento sistemático ou posição fora do campo.;BASELINE R13.0
FOR-032;6. Formações e estilos;P0;AUTO;3-4-2-1: transições e equilíbrio;Executar mandos espelhados e duas seeds contra todas as demais formações.;PPG, saldo, ameaças e transições;"Nenhuma dominância fora dos limites; transições preservam cobertura compatível com o desenho.";BASELINE R13.0
FOR-033;6. Formações e estilos;P0;AUTO+VIS;5-4-1: estrutura-base;Iniciar partida neutra com atletas de laboratório e observar posse, defesa e reinícios.;mapas médios de posição + vídeo;Onze atletas ocupam funções distintas, sem amontoamento sistemático ou posição fora do campo.;BASELINE R13.0
FOR-034;6. Formações e estilos;P0;AUTO;5-4-1: transições e equilíbrio;Executar mandos espelhados e duas seeds contra todas as demais formações.;PPG, saldo, ameaças e transições;"Nenhuma dominância fora dos limites; transições preservam cobertura compatível com o desenho.";BASELINE R13.0
FOR-035;6. Formações e estilos;P1;AUTO+PAINEL;Equilibrado: identidade observável;"Comparar 28 aparições neutras e clipes cegos; identidade esperada: alternância razoável entre circulação, pressão e proteção.";métricas por zona + avaliação humana;Métricas e observação distinguem o estilo sem regra direta de placar.;BASELINE R13.0
FOR-036;6. Formações e estilos;P0;AUTO;Equilibrado: ausência de dominância;Executar todos contra todos com 4-3-3 neutro.;PPG, saldo, chutes, passes e corners;Faixa de PPG <=0,75 e saldo absoluto <=0,65 gol/jogo.;BASELINE R13.0
FOR-037;6. Formações e estilos;P1;AUTO+PAINEL;Pressão: identidade observável;"Comparar 28 aparições neutras e clipes cegos; identidade esperada: maior pressão no campo rival com cobertura.";métricas por zona + avaliação humana;Métricas e observação distinguem o estilo sem regra direta de placar.;BASELINE R13.0
FOR-038;6. Formações e estilos;P0;AUTO;Pressão: ausência de dominância;Executar todos contra todos com 4-3-3 neutro.;PPG, saldo, chutes, passes e corners;Faixa de PPG <=0,75 e saldo absoluto <=0,65 gol/jogo.;BASELINE R13.0
FOR-039;6. Formações e estilos;P1;AUTO+PAINEL;Direto: identidade observável;"Comparar 28 aparições neutras e clipes cegos; identidade esperada: menos circulação curta e mais jogo vertical.";métricas por zona + avaliação humana;Métricas e observação distinguem o estilo sem regra direta de placar.;BASELINE R13.0
FOR-040;6. Formações e estilos;P0;AUTO;Direto: ausência de dominância;Executar todos contra todos com 4-3-3 neutro.;PPG, saldo, chutes, passes e corners;Faixa de PPG <=0,75 e saldo absoluto <=0,65 gol/jogo.;BASELINE R13.0
FOR-041;6. Formações e estilos;P1;AUTO+PAINEL;Contra-ataque: identidade observável;"Comparar 28 aparições neutras e clipes cegos; identidade esperada: bloco preparado para acelerar após recuperação.";métricas por zona + avaliação humana;Métricas e observação distinguem o estilo sem regra direta de placar.;BASELINE R13.0
FOR-042;6. Formações e estilos;P0;AUTO;Contra-ataque: ausência de dominância;Executar todos contra todos com 4-3-3 neutro.;PPG, saldo, chutes, passes e corners;Faixa de PPG <=0,75 e saldo absoluto <=0,65 gol/jogo.;BASELINE R13.0
FOR-043;6. Formações e estilos;P1;AUTO+PAINEL;Bloco baixo: identidade observável;"Comparar 28 aparições neutras e clipes cegos; identidade esperada: menor volume ofensivo e proteção territorial.";métricas por zona + avaliação humana;Métricas e observação distinguem o estilo sem regra direta de placar.;BASELINE R13.0
FOR-044;6. Formações e estilos;P0;AUTO;Bloco baixo: ausência de dominância;Executar todos contra todos com 4-3-3 neutro.;PPG, saldo, chutes, passes e corners;Faixa de PPG <=0,75 e saldo absoluto <=0,65 gol/jogo.;BASELINE R13.0
FOR-045;6. Formações e estilos;P1;AUTO+PAINEL;Alas: identidade observável;"Comparar 28 aparições neutras e clipes cegos; identidade esperada: uso de amplitude e ultrapassagens.";métricas por zona + avaliação humana;Métricas e observação distinguem o estilo sem regra direta de placar.;BASELINE R13.0
FOR-046;6. Formações e estilos;P0;AUTO;Alas: ausência de dominância;Executar todos contra todos com 4-3-3 neutro.;PPG, saldo, chutes, passes e corners;Faixa de PPG <=0,75 e saldo absoluto <=0,65 gol/jogo.;BASELINE R13.0
FOR-047;6. Formações e estilos;P1;AUTO+PAINEL;Tiki: identidade observável;"Comparar 28 aparições neutras e clipes cegos; identidade esperada: circulação curta, apoios e paciência.";métricas por zona + avaliação humana;Métricas e observação distinguem o estilo sem regra direta de placar.;BASELINE R13.0
FOR-048;6. Formações e estilos;P0;AUTO;Tiki: ausência de dominância;Executar todos contra todos com 4-3-3 neutro.;PPG, saldo, chutes, passes e corners;Faixa de PPG <=0,75 e saldo absoluto <=0,65 gol/jogo.;BASELINE R13.0
FOR-049;6. Formações e estilos;P1;AUTO;Formação não substitui estilo;Comparar mesma formação com sete estilos.;matriz formação x estilo;Mudanças de estilo alteram comportamento sem invalidar estrutura-base.;PENDENTE 2.5D
FOR-050;6. Formações e estilos;P1;AUTO;Estilo não ignora formação;Comparar mesmo estilo nas 17 formações.;mapas médios;Identidade do estilo permanece, mas ocupação respeita o desenho.;PENDENTE 2.5D
FOR-051;6. Formações e estilos;P0;AUTO+VIS;4-2-4 ofensivo tem risco real;Usar mentalidade ofensiva contra bloco organizado.;presença ofensiva e transições sofridas;Cria sobrecarga, mas expõe espaços e não vira formação dominante.;PENDENTE 2.5D
FOR-052;6. Formações e estilos;P1;AUTO;5-4-1 não vira posse dominante;Usar bloco baixo e equilibrado.;posse territorial, passes e chutes;Produz menor volume contínuo e contra-ataques reconhecíveis.;PENDENTE 2.5D
FOR-053;6. Formações e estilos;P1;AUTO+VIS;Três zagueiros preservam largura;Testar 3-4-3, 3-5-2, 3-1-4-2 e 3-4-2-1.;mapas de alas/zagueiros;Alas oferecem largura e zagueiros cobrem corredor sem formar bloco amorfo.;PENDENTE 2.5D
FOR-054;6. Formações e estilos;P1;AUTO+VIS;Dois atacantes coordenam alturas;Testar formações com dupla de ataque.;distância e corridas da dupla;Atacantes alternam apoio/profundidade e não ocupam o mesmo ponto.;PENDENTE 2.5D
FOR-055;6. Formações e estilos;P0;DIR;Formação estreita protege largura;Testar 4-1-2-1-2 e 4-3-1-2 contra alas.;ajustes laterais e cobertura;Laterais/volantes compensam sem abrir corredor central completamente.;PENDENTE 2.5D
REG-001;7. Regras e goleiros;P0;DIR;Impedimento no instante do passe;Atacante cruza a linha antes e depois do passe.;frame do passe + penúltimo defensor;Decisão usa instante real do passe e parte válida do corpo definida.;BASELINE R13.0
REG-002;7. Regras e goleiros;P0;DIR;Atacante em posição legal por defensor atrasado;Um lateral mantém condição.;frame da linha;"Jogada segue; IA não usa linha média abstrata.";PENDENTE 2.5D
REG-003;7. Regras e goleiros;P0;DIR;Retorno de posição irregular;Atacante volta para receber.;posição no passe e toque;Impedimento marcado se participa após estar irregular.;PENDENTE 2.5D
REG-004;7. Regras e goleiros;P1;DIR;Jogador passivo em impedimento;Atacante irregular não interfere.;trajetória e participantes;Jogada segue conforme regra adotada.;PENDENTE 2.5D
REG-005;7. Regras e goleiros;P1;DIR;Impedimento em rebote do goleiro;Chute defendido volta a atacante irregular.;sequência de contatos;Decisão coerente com a regra implementada e documentada.;PENDENTE 2.5D
REG-006;7. Regras e goleiros;P0;AUTO;Frequência orgânica de impedimentos;Amostra diversa de 200 jogos.;média por partida;"Entre 0,5 e 4 impedimentos/jogo; referência R13 0,805.";BASELINE R13.0
REG-007;7. Regras e goleiros;P1;AUTO+VIS;Armadilha de impedimento contextual;Passador pressionado e linha compacta.;tentativas e resultados;"Tentativas surgem das condições; referência próxima de 3/jogo sem taxa absurda.";BASELINE R13.0
REG-008;7. Regras e goleiros;P0;DIR;Falta por contato real;Bote alcança corpo/perna antes da bola.;ponto e ordem de contatos;"Falta nasce do contato; sem apito por proximidade abstrata.";PENDENTE 2.5D
REG-009;7. Regras e goleiros;P0;DIR;Desarme limpo;Defensor toca a bola primeiro.;ordem dos contatos;"Jogo segue ou bola sai; falta não é marcada automaticamente.";PENDENTE 2.5D
REG-010;7. Regras e goleiros;P1;DIR;Vantagem;Falta ocorre mas ataque mantém oportunidade clara.;timeline de vantagem;Árbitro deixa seguir e volta à falta somente conforme regra definida.;PENDENTE 2.5D
REG-011;7. Regras e goleiros;P1;DIR;Fim da vantagem;Ataque perde benefício rapidamente.;tempo e reinício;Jogo retorna à falta uma vez, sem duplicar evento.;PENDENTE 2.5D
REG-012;7. Regras e goleiros;P1;AUTO;Cartão amarelo proporcional;Falta tática, dura e reincidente.;tipo de falta e sanção;"Sanção responde à gravidade/contexto; não é aleatória pura.";PENDENTE 2.5D
REG-013;7. Regras e goleiros;P0;DIR;Cartão vermelho direto;Entrada grave ou impedir gol.;evento disciplinar;Jogador expulso, equipe fica com dez e IA reorganiza.;PENDENTE 2.5D
REG-014;7. Regras e goleiros;P0;DIR;Segundo amarelo;Jogador já advertido comete nova falta.;histórico do atleta;"Mostra segundo amarelo e vermelho uma vez; remove atleta.";PENDENTE 2.5D
REG-015;7. Regras e goleiros;P0;DIR;Pênalti pela localização;Falta ocorre dentro/fora da área.;coordenada do contato;"Dentro gera pênalti; fora gera falta no ponto correto.";PENDENTE 2.5D
REG-016;7. Regras e goleiros;P0;DIR;Gol cruza completamente a linha;Chute entra por pouco.;coordenada bola/linha;Gol apenas quando bola cruza integralmente.;PENDENTE 2.5D
REG-017;7. Regras e goleiros;P0;DIR;Bola sobre a linha do gol;Bola para parcialmente sobre a linha.;frame congelado;Não marca gol prematuramente.;PENDENTE 2.5D
REG-018;7. Regras e goleiros;P0;DIR;Gol anulado por falta ofensiva;Contato ilegal antes do chute.;cadeia causal;Placar não muda e reinício correto.;PENDENTE 2.5D
REG-019;7. Regras e goleiros;P0;DIR;Gol anulado por impedimento;Passe para atleta irregular que finaliza.;evento + placar;Anulação aparece uma vez e estatística de gol não permanece.;PENDENTE 2.5D
REG-020;7. Regras e goleiros;P1;DIR;Gol contra;Defensor desvia decisivamente para própria meta.;últimos contatos;Autoria e placar corretos conforme regra documentada.;PENDENTE 2.5D
REG-021;7. Regras e goleiros;P1;AUTO;Acréscimos proporcionais;Comparar jogo fluido e jogo com interrupções.;tempo parado/acréscimo;Acréscimo cresce com eventos e relógio encerra corretamente.;PENDENTE 2.5D
REG-022;7. Regras e goleiros;P1;DIR;Intervalo e troca de lados;Chegar ao intervalo.;posições e posse;Lados/tática são preservados e segundo tempo inicia sem estado residual.;PENDENTE 2.5D
REG-023;7. Regras e goleiros;P1;DIR;Fim de jogo durante ataque;Relógio ultrapassa limite com bola viva.;momento do apito;Critério é consistente e não permite sequência infinita.;PENDENTE 2.5D
REG-024;7. Regras e goleiros;P1;DIR;Substituições dentro do limite;Tentar exceder limite definido.;UI + estado;Sistema bloqueia ação inválida e explica o motivo.;PENDENTE 2.5D
REG-025;7. Regras e goleiros;P0;AUTO;Reinício único por infração;Falta e saída ocorrem quase juntas.;contagem de reinícios;Exatamente um reinício é escolhido pela ordem causal.;PENDENTE 2.5D
REG-026;7. Regras e goleiros;P1;AUTO+VIS;Posição-base em posse rival distante;Bola no meio-campo.;posição relativa à área;Goleiro ajusta profundidade sem sair excessivamente.;PENDENTE 2.5D
REG-027;7. Regras e goleiros;P0;AUTO+VIS;Ajuste lateral ao ângulo da bola;Bola muda de corredor.;linha bola-centro do gol;Goleiro acompanha o ângulo e permanece balanceado.;PENDENTE 2.5D
REG-028;7. Regras e goleiros;P0;DIR;Fechamento de ângulo no 1x1;Atacante entra livre.;trajetória do goleiro;Avança gradualmente, reduz alvo e não teleporta.;PENDENTE 2.5D
REG-029;7. Regras e goleiros;P1;DIR;Decisão de ficar no gol;Atacante ainda distante e coberto.;trace de decisão;Não sai sem necessidade.;PENDENTE 2.5D
REG-030;7. Regras e goleiros;P0;AUTO+VIS;Alcance físico de defesa;Chutes em nove zonas do gol.;ponto mão/bola;Defesa só ocorre quando corpo/mãos alcançam a trajetória.;BASELINE R13.0
REG-031;7. Regras e goleiros;P0;VIS;Mergulho lateral próprio;Chute no canto baixo.;pose e sombra;Usa pose de goleiro, com corpo orientado e sombra coerente.;PENDENTE 2.5D
REG-032;7. Regras e goleiros;P0;VIS;Mergulho alto;Chute no canto superior.;pose + ponto de contato;Elevação e extensão correspondem ao ponto da bola.;PENDENTE 2.5D
REG-033;7. Regras e goleiros;P1;DIR;Defesa encaixada;Chute central controlável.;estado pós-contato;Bola permanece com goleiro e atacantes interrompem disputa.;PENDENTE 2.5D
REG-034;7. Regras e goleiros;P0;DIR;Espalmada lateral;Chute forte no canto.;vetor pós-defesa;Desvia para lado plausível, não para o centro automaticamente.;PENDENTE 2.5D
REG-035;7. Regras e goleiros;P0;DIR;Soco em cruzamento;Bola alta com tráfego.;contato + vetor;"Goleiro alcança e soca para zona possível; não atravessa atletas.";PENDENTE 2.5D
REG-036;7. Regras e goleiros;P1;DIR;Erro de saída;Cruzamento difícil sob pressão.;probabilidade e contato;"Pode falhar de forma física; erro não é teleporte ou animação omitida.";PENDENTE 2.5D
REG-037;7. Regras e goleiros;P0;DIR;Colisão com atacante;Disputa aérea na pequena área.;pontos de contato;Resultado respeita trajetórias e pode gerar falta conforme ordem do contato.;PENDENTE 2.5D
REG-038;7. Regras e goleiros;P0;DIR;Saída em bola nas costas;Passe atravessa a defesa.;interceptação espaço-temporal;Goleiro sai somente se chega antes ou aceita risco coerente.;BASELINE R13.0
REG-039;7. Regras e goleiros;P1;DIR;Desistência da saída;Atacante chega primeiro.;mudança de trajetória;Goleiro freia/recuo de modo contínuo, sem inverter instantaneamente.;PENDENTE 2.5D
REG-040;7. Regras e goleiros;P0;DIR;Atuação fora da área;Goleiro corta com os pés/cabeça.;posição e ação;Não usa mãos fora da área e ação possui contato real.;PENDENTE 2.5D
REG-041;7. Regras e goleiros;P0;DIR;Mão fora da área;Forçar tentativa de defesa manual fora.;regra aplicada;Ação é impedida ou gera infração conforme implementação.;PENDENTE 2.5D
REG-042;7. Regras e goleiros;P1;DIR;Distribuição curta com mãos;Goleiro encaixa e lateral está livre.;trajetória de reposição;Bola parte das mãos/posição correta e chega fisicamente.;PENDENTE 2.5D
REG-043;7. Regras e goleiros;P1;DIR;Distribuição longa com mãos;Contra-ataque pelo corredor.;arco + alvo;Lançamento possui arco, alcance e decisão coerentes.;PENDENTE 2.5D
REG-044;7. Regras e goleiros;P1;DIR;Reposição com os pés;Pressão alta fecha curto.;decisão + trajetória;"Pode lançar longo; contato e arco corretos.";PENDENTE 2.5D
REG-045;7. Regras e goleiros;P1;AUTO+VIS;Tempo de retenção;Goleiro segura com equipe vencendo/perdendo.;duração da posse;Tempo varia dentro de limite e não paralisa jogo.;PENDENTE 2.5D
REG-046;7. Regras e goleiros;P0;DIR;Reação a desvio tardio;Chute muda de direção perto do gol.;tempo de reação;"Goleiro pode reagir tarde ou ser vencido; não conhece vetor futuro.";PENDENTE 2.5D
REG-047;7. Regras e goleiros;P1;DIR;Visão bloqueada;Chute atravessa grupo de jogadores.;trace de percepção;Tempo/qualidade da reação piora com obstrução.;PENDENTE 2.5D
REG-048;7. Regras e goleiros;P0;DIR;Defesa em dois tempos;Bola escapa após primeira defesa.;sequência de posse;"Goleiro recupera fisicamente ou adversário disputa; posse não é automática.";PENDENTE 2.5D
REG-049;7. Regras e goleiros;P1;DIR;Reação após rebote na trave;Bola volta à pequena área.;trajetória e decisão;Goleiro reorienta e tenta nova ação sem reset de pose.;PENDENTE 2.5D
REG-050;7. Regras e goleiros;P0;AUTO+VIS;Pênalti: permanência na linha;Antes da cobrança.;posição dos pés;Goleiro respeita posição inicial adotada pela regra.;PENDENTE 2.5D
REG-051;7. Regras e goleiros;P0;AUTO;Pênalti: escolha de lado;Cobranças com seed fixa e variável.;trace de decisão;"Decisão não lê destino futuro; é reproduzível por seed.";PENDENTE 2.5D
REG-052;7. Regras e goleiros;P0;AUTO+VIS;Pênalti: alcance;Bola em cantos e alturas diferentes.;distância mão/bola;Defesa só quando alcance físico permite.;PENDENTE 2.5D
REG-053;7. Regras e goleiros;P1;AUTO;Identidade por atributo;Comparar goleiros de níveis distintos.;taxas por zona;Melhor goleiro melhora decisão/alcance sem invencibilidade.;PENDENTE 2.5D
REG-054;7. Regras e goleiros;P0;VIS;Sem animação de jogador de linha;Executar todas as ações de goleiro.;galeria determinística;Goleiro usa conjunto próprio em defesa, saída, soco e distribuição.;PENDENTE 2.5D
REG-055;7. Regras e goleiros;P1;AUTO+VIS;Retorno à posição após ação;Goleiro defende e jogo continua.;trajetória de recomposição;Retorna ao gol de forma contínua e coerente com a bola.;PENDENTE 2.5D
CAM-001;8. Projeção e câmera;P0;AUTO;Mapeamento campo lógico→palco 2.5D;Amostrar quatro cantos, centro e áreas.;coordenadas lógicas e projetadas;Transformação é contínua e pontos permanecem dentro do gramado visível.;PENDENTE 2.5D
CAM-002;8. Projeção e câmera;P0;VIS;Linhas laterais projetadas;Percorrer toda a lateral próxima e distante.;capturas por segmento;Linhas formam limites contínuos e coincidem com detecção lógica.;PENDENTE 2.5D
CAM-003;8. Projeção e câmera;P0;VIS;Linhas de fundo projetadas;Percorrer ambas as metas.;capturas;Sem desalinhamento entre gol, área e limite físico.;PENDENTE 2.5D
CAM-004;8. Projeção e câmera;P2;VIS;Círculo central;Saída e jogo corrido.;captura central;Geometria não deforma de modo incompatível com perspectiva.;PENDENTE 2.5D
CAM-005;8. Projeção e câmera;P0;VIS;Áreas e marca do pênalti;Comparar perto/longe.;capturas espelhadas;Posições correspondem ao campo lógico e mantêm legibilidade.;PENDENTE 2.5D
CAM-006;8. Projeção e câmera;P0;AUTO+VIS;Escala de atleta por profundidade;Mover mesmo avatar da linha próxima à distante.;escala por y lógico;Escala varia monotonicamente, sem saltos e dentro dos limites definidos.;PENDENTE 2.5D
CAM-007;8. Projeção e câmera;P0;AUTO+VIS;Escala da bola por profundidade;Passe da faixa próxima à distante.;diâmetro por frame;Bola reduz/aumenta com profundidade sem desaparecer ou inflar.;PENDENTE 2.5D
CAM-008;8. Projeção e câmera;P1;VIS;Escala de sombras;Atletas e bola em diferentes profundidades.;galeria;Sombras acompanham escala e não ficam maiores no fundo.;PENDENTE 2.5D
CAM-009;8. Projeção e câmera;P1;VIS;Escala de números;Atletas atravessam o campo.;galeria;Número reduz com profundidade e permanece legível sem dominar o avatar.;PENDENTE 2.5D
CAM-010;8. Projeção e câmera;P1;VIS;Escala de VFX;Impactos perto e longe.;comparação lado a lado;VFX respeitam profundidade e não cobrem atletas distantes.;PENDENTE 2.5D
CAM-011;8. Projeção e câmera;P0;VIS;Ordenação de profundidade;Atletas se cruzam em diagonais.;vídeo em 0,5x;"Objeto mais próximo aparece à frente; sem troca tardia ou piscada.";PENDENTE 2.5D
CAM-012;8. Projeção e câmera;P0;VIS;Oclusão bola-atleta;Bola passa atrás e à frente.;vídeo;"Camada muda conforme profundidade; bola não some indevidamente.";PENDENTE 2.5D
CAM-013;8. Projeção e câmera;P0;VIS;Oclusão com gol e rede;Chute entra e goleiro mergulha.;vídeo do gol;Bola, goleiro, postes e rede têm ordem coerente.;PENDENTE 2.5D
CAM-014;8. Projeção e câmera;P0;AUTO+VIS;Teto vertical de bola alta;Lançamentos e chutes altos no terço distante.;máxima altura projetada;Nunca invade arquibancada/interface e mantém arco visível.;PENDENTE 2.5D
CAM-015;8. Projeção e câmera;P0;VIS;Continuidade em bordas do palco;Bola e atletas próximos aos quatro limites.;vídeos de borda;"Nada é cortado antes de sair logicamente; nomes não vazam para fora.";PENDENTE 2.5D
CAM-016;8. Projeção e câmera;P0;VIS;Enquadramento da partida inteira;Jogo corrido em todos os terços.;partida gravada;Bola e zona relevante permanecem visíveis sem esconder o HUD.;PENDENTE 2.5D
CAM-017;8. Projeção e câmera;P1;VIS;Transição suave entre terços;Ataque vai de uma área à outra.;curva de câmera;Sem salto brusco, atraso excessivo ou enjoo.;PENDENTE 2.5D
CAM-018;8. Projeção e câmera;P1;VIS;Antecipação moderada da bola;Lançamento longo.;vídeo;Câmera acompanha destino sem abandonar origem antes do contato.;PENDENTE 2.5D
CAM-019;8. Projeção e câmera;P0;VIS;Reação a contra-ataque;Mudança rápida de direção.;vídeo;Acelera de modo controlado e mantém portador visível.;PENDENTE 2.5D
CAM-020;8. Projeção e câmera;P1;VIS;Reação a rebote inesperado;Bola muda de direção.;vídeo;Corrige enquadramento sem teleporte de câmera.;PENDENTE 2.5D
CAM-021;8. Projeção e câmera;P0;VIS;Enquadramento de cruzamento;Bola vai da lateral à área.;vídeo;Inclui cobrador, trajetória e zona de disputa.;PENDENTE 2.5D
CAM-022;8. Projeção e câmera;P0;VIS;Enquadramento de chute longo;Finalização de fora.;vídeo;Mostra contato e destino do chute.;PENDENTE 2.5D
CAM-023;8. Projeção e câmera;P0;VIS;Enquadramento de 1x1;Atacante entra na área.;vídeo;Atacante, goleiro e gol permanecem legíveis.;PENDENTE 2.5D
CAM-024;8. Projeção e câmera;P1;VIS;Enquadramento pós-gol;Bola cruza linha e placar atualiza.;vídeo;Mantém gol visível e transita para celebração/saída sem corte incoerente.;PENDENTE 2.5D
CAM-025;8. Projeção e câmera;P1;VIS;Enquadramento de impedimento;Jogada é interrompida.;vídeo;Mostra contexto da linha sem congelar ou reposicionar abruptamente.;PENDENTE 2.5D
CAM-026;8. Projeção e câmera;P0;VIS+PERF;Câmera em velocidade turbo;Executar 3.6x.;vídeo + frame time;"Sem tremor frenético; suavização adapta-se ao multiplicador.";PENDENTE 2.5D
CAM-027;8. Projeção e câmera;P1;DIR;Câmera após pausa;Pausar durante movimento.;vídeo;Congela e retoma sem interpolação acumulada.;PENDENTE 2.5D
CAM-028;8. Projeção e câmera;P0;DIR;Câmera após troca de aba;Ocultar e voltar.;vídeo;Não salta para posição incorreta.;PENDENTE 2.5D
CAM-029;8. Projeção e câmera;P0;VIS;Câmera em gol distante;Ataque no terço mais distante.;vídeo;Gol, bola e atletas mantêm tamanho mínimo legível.;PENDENTE 2.5D
CAM-030;8. Projeção e câmera;P1;AUTO+VIS;Simetria entre lados;Repetir cenário espelhado.;comparação espelhada;Comportamento visual equivalente nos dois sentidos.;PENDENTE 2.5D
CAM-031;8. Projeção e câmera;P0;VIS;Falta direta usa câmera 2.5D;Cobrança frontal.;vídeo;Sem perspectiva legada ou mudança abrupta de escala.;PENDENTE 2.5D
CAM-032;8. Projeção e câmera;P0;VIS;Falta lateral usa câmera 2.5D;Cobrança para a área.;vídeo;Cobrador, barreira e área aparecem no mesmo palco.;PENDENTE 2.5D
CAM-033;8. Projeção e câmera;P0;VIS;Pênalti usa câmera 2.5D;Cobrança em tempo normal.;vídeo;"Batedor, goleiro e gol legíveis; identidade visual preservada.";PENDENTE 2.5D
CAM-034;8. Projeção e câmera;P0;VIS;Disputa por pênaltis usa câmera 2.5D;Série completa.;vídeo;Transições entre cobradores sem voltar à perspectiva antiga.;PENDENTE 2.5D
CAM-035;8. Projeção e câmera;P1;VIS;Escanteio próximo;Cobrança no lado da câmera.;vídeo;Quadrante, área e goleiro no enquadramento.;PENDENTE 2.5D
CAM-036;8. Projeção e câmera;P0;VIS;Escanteio distante;Cobrança no lado oposto.;vídeo;Trajetória não invade arquibancada e disputa permanece legível.;PENDENTE 2.5D
CAM-037;8. Projeção e câmera;P1;VIS;Lateral próximo;Cobrança na lateral inferior.;vídeo;"Cobrador e receptor visíveis; nomes não saem da tela.";PENDENTE 2.5D
CAM-038;8. Projeção e câmera;P1;VIS;Lateral distante;Cobrança na lateral superior.;vídeo;"Arco e receptor legíveis; escala correta.";PENDENTE 2.5D
CAM-039;8. Projeção e câmera;P1;VIS;Tiro de meta;Saída curta e longa.;vídeo;Goleiro e opções iniciais visíveis.;PENDENTE 2.5D
CAM-040;8. Projeção e câmera;P1;VIS;Saída após gol;Reinício central.;vídeo;Transição de câmera estável e sem corte legado.;PENDENTE 2.5D
CAM-041;8. Projeção e câmera;P0;AUTO+VIS;Nomes sem colisão horizontal;Dois atletas próximos.;mapa de caixas de texto;Algoritmo evita sobreposição crítica ou reduz labels por prioridade.;PENDENTE 2.5D
CAM-042;8. Projeção e câmera;P0;AUTO+VIS;Nomes sem colisão vertical;Atletas alinhados em profundidade.;mapa de caixas;"Labels não cobrem bola nem placar; deslocamento é estável.";PENDENTE 2.5D
CAM-043;8. Projeção e câmera;P1;VIS;Prioridade do portador;Aglomerado com bola.;captura;Nome do portador permanece identificável e os demais podem ser suprimidos.;PENDENTE 2.5D
CAM-044;8. Projeção e câmera;P2;VIS;Número legível no fundo;Atleta distante.;captura 100%;Número ainda reconhecível sem escala fixa excessiva.;PENDENTE 2.5D
CAM-045;8. Projeção e câmera;P0;VIS;VFX não oculta a bola;Desarme, chute e defesa.;vídeo;Bola permanece visível durante a ação crítica.;PENDENTE 2.5D
CAM-046;8. Projeção e câmera;P0;VIS;Placar não cobre o campo;Diferentes proporções de tela.;capturas;HUD respeita área segura e não invade zona ativa.;PENDENTE 2.5D
CAM-047;8. Projeção e câmera;P1;VIS;Painéis laterais não deformam palco;Abrir estatísticas/eventos.;antes/depois;Campo redimensiona ou sobrepõe de modo definido sem distorção.;PENDENTE 2.5D
CAM-048;8. Projeção e câmera;P2;VIS;Tooltips respeitam profundidade;Abrir informação de atleta próximo à borda.;captura;Tooltip fica dentro da viewport e não acompanha escala do atleta.;PENDENTE 2.5D
CAM-049;8. Projeção e câmera;P1;VIS;Indicador de seleção;Selecionar atleta em diferentes profundidades.;galeria;Indicador acompanha posição e escala sem esconder pés/bola.;PENDENTE 2.5D
CAM-050;8. Projeção e câmera;P1;DIR;Debug visual removível;Ativar/desativar sobreposições de auditoria.;capturas on/off;Debug não altera layout/lógica e fica ausente no modo de release.;BASELINE R13.0
ATL-001;9. Atletas;P1;VIS;Pose ociosa;Atleta parado aguardando reinício.;galeria determinística;"Postura estável e orientada; não desliza sem passada.";PENDENTE 2.5D
ATL-002;9. Atletas;P1;VIS;Caminhada;Reorganização em baixa velocidade.;clipe em 1.0x;Passos acompanham deslocamento e não patinam.;PENDENTE 2.5D
ATL-003;9. Atletas;P0;VIS;Corrida moderada;Progressão sem sprint.;clipe;Cadência de passada proporcional à velocidade.;PENDENTE 2.5D
ATL-004;9. Atletas;P0;VIS;Sprint;Transição rápida.;clipe;Pose e passada distinguem sprint de corrida comum.;PENDENTE 2.5D
ATL-005;9. Atletas;P1;VIS;Aceleração;Atleta parte do repouso.;clipe em 0,5x;Corpo inclina e velocidade cresce gradualmente.;PENDENTE 2.5D
ATL-006;9. Atletas;P1;VIS;Desaceleração;Atleta reduz antes de receber.;clipe;"Passos/lean mostram frenagem; não para instantaneamente.";PENDENTE 2.5D
ATL-007;9. Atletas;P0;VIS;Mudança de direção;Corte de 90° e 180°.;clipe;Rotação precede novo vetor e não espelha de modo abrupto.;PENDENTE 2.5D
ATL-008;9. Atletas;P1;VIS;Corrida para trás/lateral;Defensor ajusta posição.;clipe;Movimento defensivo tem orientação adequada, sem correr de costas para a bola sempre.;PENDENTE 2.5D
ATL-009;9. Atletas;P1;VIS;Recomposição;Atacante retorna após perda.;clipe longo;"Pose e velocidade variam com urgência; sem deslize contínuo.";PENDENTE 2.5D
ATL-010;9. Atletas;P0;VIS;Aproximação da bola;Atleta chega para dominar.;clipe;Reduz passada e alinha pé ao ponto de contato.;PENDENTE 2.5D
ATL-011;9. Atletas;P0;VIS;Proteção de bola;Portador sob pressão lateral.;clipe;Corpo se coloca entre bola e defensor.;PENDENTE 2.5D
ATL-012;9. Atletas;P1;VIS;Queda após contato;Falta ou choque forte.;clipe;Queda parte do contato e termina sem teleporte de volta.;PENDENTE 2.5D
ATL-013;9. Atletas;P2;VIS;Levantada após queda;Jogo segue ou reinicia.;clipe;Atleta retorna de forma contínua e em tempo plausível.;PENDENTE 2.5D
ATL-014;9. Atletas;P2;VIS;Comemoração curta;Gol válido.;vídeo;Não bloqueia reinício e mantém escala/profundidade.;PENDENTE 2.5D
ATL-015;9. Atletas;P2;VIS;Frustração após chance;Chute perdido importante.;vídeo;Reação breve, sem impedir recomposição.;PENDENTE 2.5D
ATL-016;9. Atletas;P0;VIS;Passe com perna visível;Passe curto frontal.;frame do contato;Perna/pé executa movimento no instante da saída.;PENDENTE 2.5D
ATL-017;9. Atletas;P1;VIS;Passe de lado;Passe lateral sob pressão.;clipe;Corpo gira e pé corresponde ao lado do passe.;PENDENTE 2.5D
ATL-018;9. Atletas;P0;VIS;Passe de primeira;Desvio rápido.;clipe;Animação curta sincronizada ao contato.;PENDENTE 2.5D
ATL-019;9. Atletas;P1;VIS;Lançamento longo;Bola aérea.;clipe;Amplitude de perna e inclinação diferem do passe curto.;PENDENTE 2.5D
ATL-020;9. Atletas;P0;VIS;Chute forte;Finalização de média distância.;clipe;Preparação, balanço de perna e contato visíveis.;PENDENTE 2.5D
ATL-021;9. Atletas;P1;VIS;Chute colocado;Finalização de precisão.;clipe;Pose distinta do chute forte e alinhada ao alvo.;PENDENTE 2.5D
ATL-022;9. Atletas;P0;VIS;Cabeceio;Disputa aérea.;clipe;Salto e cabeça encontram a bola no mesmo frame.;PENDENTE 2.5D
ATL-023;9. Atletas;P0;VIS;Carrinho;Desarme no chão.;clipe;"Corpo percorre distância física; bola muda no contato.";PENDENTE 2.5D
ATL-024;9. Atletas;P0;VIS;Bote em pé;Defensor alcança a bola.;clipe;Perna de desarme aparece e não atravessa o atacante.;PENDENTE 2.5D
ATL-025;9. Atletas;P0;VIS;Bloqueio de chute;Defensor se coloca na trajetória.;clipe;Pose de bloqueio coincide com ponto do desvio.;PENDENTE 2.5D
ATL-026;9. Atletas;P1;VIS;Salto defensivo;Zagueiro disputa cruzamento.;clipe;Elevação e tempo de salto coerentes com altura da bola.;PENDENTE 2.5D
ATL-027;9. Atletas;P0;VIS;Cobrança de lateral;Cobrador lança com braços.;clipe;Pose distingue lateral de passe e bola nasce na posição correta.;PENDENTE 2.5D
ATL-028;9. Atletas;P0;VIS;Cobrança de falta;Batedor executa chute.;clipe;Pose e contato permanecem no palco 2.5D.;PENDENTE 2.5D
ATL-029;9. Atletas;P0;VIS;Cobrança de pênalti;Batedor corre e chuta.;clipe;"Passos e contato sincronizados; sem perspectiva legada.";PENDENTE 2.5D
ATL-030;9. Atletas;P0;VIS;Ações específicas do goleiro;Defesa, mergulho, soco e distribuição.;galeria;Conjunto próprio, sem reutilizar pose genérica inadequada.;PENDENTE 2.5D
ATL-031;9. Atletas;P0;AUTO+VIS;Orientação para a bola;Atleta sem posse em diferentes fases.;ângulo corpo-bola;Mantém orientação plausível sem girar instantaneamente a cada tick.;PENDENTE 2.5D
ATL-032;9. Atletas;P1;AUTO+VIS;Orientação para alvo de movimento;Corrida sem bola.;ângulo corpo-vetor;Corpo acompanha vetor com suavização.;PENDENTE 2.5D
ATL-033;9. Atletas;P1;VIS;Orientação do receptor;Passe chega de lado ou por trás.;clipe;Receptor ajusta corpo antes do domínio quando há tempo.;PENDENTE 2.5D
ATL-034;9. Atletas;P1;VIS;Pé de contato coerente;Passe e chute para ambos os lados.;galeria;"Contato ocorre no lado do corpo compatível; sem bola saindo do pé oposto distante.";PENDENTE 2.5D
ATL-035;9. Atletas;P1;VIS;Espelhamento correto;Mesma ação nos dois sentidos do campo.;comparação espelhada;Animação espelha sem inverter profundidade ou texto.;PENDENTE 2.5D
ATL-036;9. Atletas;P0;VIS;Colisão visual atleta-atleta;Disputa ombro a ombro.;clipe;"Corpos não atravessam profundamente; separação ocorre suavemente.";PENDENTE 2.5D
ATL-037;9. Atletas;P0;VIS;Colisão visual atleta-bola;Domínio, chute e desarme.;clipes em 0,5x;Ponto de contato coincide com a mudança de trajetória.;PENDENTE 2.5D
ATL-038;9. Atletas;P2;VIS;Lean 2D em curva;Atleta muda direção em velocidade.;clipe;Inclinação ajuda a leitura sem deformar o avatar.;PENDENTE 2.5D
ATL-039;9. Atletas;P2;VIS;Sombra no mergulho;Goleiro ou atleta no chão.;captura;Sombra acompanha corpo projetado, não permanece em pé.;PENDENTE 2.5D
ATL-040;9. Atletas;P1;AUTO+VIS;Sem jitter de rotação;Atleta alterna pequenos ajustes.;variação angular por frame;Sem oscilação de esquerda/direita superior ao limite definido.;PENDENTE 2.5D
ATL-041;9. Atletas;P0;AUTO+VIS;Nome associado ao atleta correto;Atletas cruzam posições.;ID visual x lógico;Label acompanha o mesmo ID sem troca.;PENDENTE 2.5D
ATL-042;9. Atletas;P1;AUTO;Número associado ao atleta correto;Substituições e trocas de posição.;ID/número;Número não muda nem duplica indevidamente.;PENDENTE 2.5D
ATL-043;9. Atletas;P0;PAINEL HUMANO;Cores distinguem equipes;Uniformes semelhantes e campo distante.;avaliação de reconhecimento;Observadores distinguem equipes em pelo menos 95% dos frames críticos.;PENDENTE 2.5D
ATL-044;9. Atletas;P1;VIS;Goleiro distinguível;Goleiro entre jogadores na área.;capturas;Cor/forma permite identificação imediata.;PENDENTE 2.5D
ATL-045;9. Atletas;P1;VIS;Avatar não invade UI;Atleta próximo a bordas e painéis.;capturas;Corpo e labels são cortados/contidos de forma previsível sem sobrepor controles.;PENDENTE 2.5D
VFX-001;10. Trajetórias e VFX;P0;AUTO+VIS;Arco de lançamento longo;Passe acima de 30 m.;curva altura-tempo;"Altura sobe e desce suavemente; pico entre origem e destino.";PENDENTE 2.5D
VFX-002;10. Trajetórias e VFX;P0;AUTO+VIS;Arco de cruzamento;Cruzamento aberto e fechado.;curvas comparadas;Perfis distintos e coerentes com tipo de cobrança.;BASELINE R13.0
VFX-003;10. Trajetórias e VFX;P0;AUTO+VIS;Arco de chute alto;Finalização alta.;altura-tempo;Sem progressão linear ou mudança abrupta.;PENDENTE 2.5D
VFX-004;10. Trajetórias e VFX;P1;AUTO+VIS;Curva lateral de chute;Chute colocado.;x/y por frame;Curvatura contínua e compatível com velocidade.;PENDENTE 2.5D
VFX-005;10. Trajetórias e VFX;P0;AUTO;Trajetória de passe rasteiro;Passe curto e médio.;velocidade-tempo;Mantém altura baixa e desaceleração progressiva.;PENDENTE 2.5D
VFX-006;10. Trajetórias e VFX;P1;DIR;Trajetória de passe picado;Passe sobre defensor.;altura e destino;Sobe o suficiente para superar obstáculo e cai antes do receptor.;PENDENTE 2.5D
VFX-007;10. Trajetórias e VFX;P1;DIR;Trajetória de cabeceio;Cabeceio ofensivo e defensivo.;vetor pós-contato;"Origem na cabeça; velocidade menor que chute forte.";PENDENTE 2.5D
VFX-008;10. Trajetórias e VFX;P1;DIR;Trajetória de soco do goleiro;Cruzamento alto.;vetor pós-contato;Sai das mãos e evita centro da área quando possível.;PENDENTE 2.5D
VFX-009;10. Trajetórias e VFX;P0;DIR;Trajetória de espalmada;Chute no canto.;vetor pós-defesa;Desvio coerente com mão e direção do chute.;PENDENTE 2.5D
VFX-010;10. Trajetórias e VFX;P0;DIR;Trajetória após bloqueio;Chute toca defensor.;vetor antes/depois;Ângulo muda no contato, sem snap para alvo predefinido.;PENDENTE 2.5D
VFX-011;10. Trajetórias e VFX;P0;DIR;Trajetória após carrinho;Desarme em movimento.;ponto de contato;Bola espirra conforme vetor relativo.;PENDENTE 2.5D
VFX-012;10. Trajetórias e VFX;P0;AUTO;Trajetória após quique;Bola aérea no gramado.;sequência de picos;Cada quique perde altura/energia.;PENDENTE 2.5D
VFX-013;10. Trajetórias e VFX;P0;DIR;Trajetória no poste;Impacto lateral.;normal de colisão;Reflexão usa superfície do poste.;PENDENTE 2.5D
VFX-014;10. Trajetórias e VFX;P0;DIR;Trajetória no travessão;Impacto alto.;normal de colisão;Reflexão respeita profundidade e gravidade.;PENDENTE 2.5D
VFX-015;10. Trajetórias e VFX;P1;VIS;Trajetória na rede;Gol em várias zonas.;vídeo;Bola desacelera/para na região da rede sem atravessar cenário.;PENDENTE 2.5D
VFX-016;10. Trajetórias e VFX;P0;AUTO+VIS;Trajetória do lateral;Cobrança curta e longa.;arco e origem;Origem/altura coerentes com arremesso.;PENDENTE 2.5D
VFX-017;10. Trajetórias e VFX;P1;AUTO+VIS;Trajetória da reposição do goleiro;Lançamento com mãos e pés.;curvas comparadas;Perfis são distintos e fisicamente plausíveis.;PENDENTE 2.5D
VFX-018;10. Trajetórias e VFX;P0;AUTO;Trajetória de bola livre;Após disputa sem posse.;velocidade e atrito;"Continua até perder energia ou novo contato; não busca automaticamente um pé.";PENDENTE 2.5D
VFX-019;10. Trajetórias e VFX;P0;AUTO+VIS;Continuidade entre segmentos;Troca de estado voo→quique→domínio.;posição no frame de transição;Sem descontinuidade espacial acima de 0,05 unidade.;PENDENTE 2.5D
VFX-020;10. Trajetórias e VFX;P0;AUTO+VIS;Limites de altura por profundidade;Bolas altas perto e longe.;máxima projeção;Teto visual adaptado ao palco sem cortar o arco.;PENDENTE 2.5D
VFX-021;10. Trajetórias e VFX;P1;VIS;VFX de chute;Chute forte e colocado.;galeria;Efeito sinaliza contato sem esconder bola ou pé.;PENDENTE 2.5D
VFX-022;10. Trajetórias e VFX;P2;VIS;VFX de passe;Passe curto e longo.;galeria;Mais discreto que chute e coerente com intensidade.;PENDENTE 2.5D
VFX-023;10. Trajetórias e VFX;P1;VIS;VFX de desarme;Contato limpo e falta.;galeria;Diferencia impacto sem substituir animação física.;PENDENTE 2.5D
VFX-024;10. Trajetórias e VFX;P1;VIS;VFX de defesa;Encaixe, espalmada e soco.;galeria;Efeito acompanha ponto real de contato.;PENDENTE 2.5D
VFX-025;10. Trajetórias e VFX;P1;VIS;VFX de trave;Poste e travessão.;vídeo;Pulso/feedback nasce no impacto e não antes.;PENDENTE 2.5D
VFX-026;10. Trajetórias e VFX;P1;VIS;VFX de gol;Gol próximo e distante.;vídeo;Escala respeita profundidade e placar atualiza uma vez.;PENDENTE 2.5D
VFX-027;10. Trajetórias e VFX;P1;VIS;Rastro de bola em 1.0x;Passes e chutes.;vídeo;Rastro é sutil, curto e não cria duas bolas aparentes.;PENDENTE 2.5D
VFX-028;10. Trajetórias e VFX;P0;VIS;Rastro em TURBO;Executar 3.6x.;vídeo;"Comprimento/intensidade adaptam-se; não vira linha frenética contínua.";PENDENTE 2.5D
VFX-029;10. Trajetórias e VFX;P0;VIS;Pulso em TURBO;Eventos repetidos em 3.6x.;vídeo;"Duração escala com velocidade; pulsos não se acumulam.";PENDENTE 2.5D
VFX-030;10. Trajetórias e VFX;P0;AUTO;Limpeza de VFX;Sequência de eventos e reinícios.;contagem de objetos VFX;"Objetos expirados são removidos; nenhuma sobra entre partidas.";PENDENTE 2.5D
VFX-031;10. Trajetórias e VFX;P2;VIS;VFX de impedimento;Jogada interrompida.;captura/vídeo;Feedback identifica evento sem cobrir linha e atletas.;PENDENTE 2.5D
VFX-032;10. Trajetórias e VFX;P2;VIS;VFX de cartão;Amarelo e vermelho.;vídeo;"Visível e breve; não bloqueia controles essenciais.";PENDENTE 2.5D
VFX-033;10. Trajetórias e VFX;P2;VIS;VFX de substituição;Entrada/saída.;vídeo;Identifica atletas corretos sem congelar o jogo indevidamente.;PENDENTE 2.5D
VFX-034;10. Trajetórias e VFX;P1;VIS;VFX de posse/momentum;Mudanças rápidas de domínio.;vídeo;Indicador suaviza variações e não pisca excessivamente.;PENDENTE 2.5D
VFX-035;10. Trajetórias e VFX;P2;VIS;VFX de tempo adicional;Entrada nos acréscimos.;captura;Mensagem legível e não interfere no campo.;PENDENTE 2.5D
VFX-036;10. Trajetórias e VFX;P1;AUTO+VIS;Escala de VFX por profundidade;Repetir mesmo evento perto e longe.;medidas em pixels;Escala varia de forma monotônica e limitada.;PENDENTE 2.5D
VFX-037;10. Trajetórias e VFX;P1;VIS;Opacidade em sobreposição;Dois efeitos simultâneos.;captura;Bola e atletas continuam identificáveis.;PENDENTE 2.5D
VFX-038;10. Trajetórias e VFX;P2;VIS;Sem clipping em bordas;Evento próximo à linha/tela.;captura;Efeito é contido ou reposicionado sem corte feio.;PENDENTE 2.5D
VFX-039;10. Trajetórias e VFX;P1;A11Y+VIS;Reduced motion;Ativar preferência de movimento reduzido.;comparação on/off;Remove/reduz rastro, pulso e animações não essenciais sem perder informação.;PENDENTE 2.5D
VFX-040;10. Trajetórias e VFX;P1;A11Y;Sem dependência exclusiva de cor;Gol, cartão, impedimento e seleção.;capturas em escala de cinza;Forma, texto ou ícone complementa a cor.;PENDENTE 2.5D
VFX-041;10. Trajetórias e VFX;P2;A11Y;Contraste de VFX;Campo claro/escuro e uniformes variados.;medição e painel;Feedback permanece perceptível sem brilho excessivo.;PENDENTE 2.5D
VFX-042;10. Trajetórias e VFX;P1;AUTO;Cache de projeção limpo;Trocar resolução e orientação repetidamente.;tamanho dos caches;"Caches inválidos são descartados; nenhum crescimento contínuo.";PENDENTE 2.5D
VFX-043;10. Trajetórias e VFX;P0;AUTO;Cache de VFX limpo;Jogar 20 partidas seguidas.;objetos alocados;Contagem retorna ao baseline após cada partida.;PENDENTE 2.5D
VFX-044;10. Trajetórias e VFX;P2;VIS;Gomos/rotação da bola;Bola gira em passe, chute e quique.;clipes em 0,5x;Rotação acompanha vetor sem parecer textura fixa ou giro invertido.;PENDENTE 2.5D
VFX-045;10. Trajetórias e VFX;P1;VIS;Moldura visual consistente;Comparar partida, falta e pênalti.;capturas lado a lado;Mesma linguagem de campo, câmera e overlays em todas as cenas.;PENDENTE 2.5D
UX-001;11. UX;P1;PAINEL HUMANO;Carregamento: compreensão imediata;"Abrir a tela sem instrução prévia e pedir a 3 usuários que indiquem a ação principal; foco em feedback de progresso e falha.";taxa de acerto + comentários;Pelo menos 2/3 identificam a ação principal em até 5 s.;PENDENTE 2.5D
UX-002;11. UX;P1;DIR;Carregamento: conclusão sem bloqueio;Executar o fluxo principal e um caminho de volta/cancelamento.;vídeo do fluxo;Fluxo termina sem botão oculto, estado morto, perda silenciosa ou navegação circular.;PENDENTE 2.5D
UX-003;11. UX;P1;PAINEL HUMANO;Tela inicial: compreensão imediata;"Abrir a tela sem instrução prévia e pedir a 3 usuários que indiquem a ação principal; foco em hierarquia de jogar, continuar e configurações.";taxa de acerto + comentários;Pelo menos 2/3 identificam a ação principal em até 5 s.;PENDENTE 2.5D
UX-004;11. UX;P1;DIR;Tela inicial: conclusão sem bloqueio;Executar o fluxo principal e um caminho de volta/cancelamento.;vídeo do fluxo;Fluxo termina sem botão oculto, estado morto, perda silenciosa ou navegação circular.;PENDENTE 2.5D
UX-005;11. UX;P1;PAINEL HUMANO;Seleção de modo: compreensão imediata;"Abrir a tela sem instrução prévia e pedir a 3 usuários que indiquem a ação principal; foco em clareza das opções e consequências.";taxa de acerto + comentários;Pelo menos 2/3 identificam a ação principal em até 5 s.;PENDENTE 2.5D
UX-006;11. UX;P1;DIR;Seleção de modo: conclusão sem bloqueio;Executar o fluxo principal e um caminho de volta/cancelamento.;vídeo do fluxo;Fluxo termina sem botão oculto, estado morto, perda silenciosa ou navegação circular.;PENDENTE 2.5D
UX-007;11. UX;P1;PAINEL HUMANO;Draft: compreensão imediata;"Abrir a tela sem instrução prévia e pedir a 3 usuários que indiquem a ação principal; foco em sorteio, escolha, reroll e estado do elenco.";taxa de acerto + comentários;Pelo menos 2/3 identificam a ação principal em até 5 s.;PENDENTE 2.5D
UX-008;11. UX;P0;DIR;Draft: conclusão sem bloqueio;Executar o fluxo principal e um caminho de volta/cancelamento.;vídeo do fluxo;Fluxo termina sem botão oculto, estado morto, perda silenciosa ou navegação circular.;PENDENTE 2.5D
UX-009;11. UX;P1;PAINEL HUMANO;Elenco: compreensão imediata;"Abrir a tela sem instrução prévia e pedir a 3 usuários que indiquem a ação principal; foco em titulares, reservas e posições.";taxa de acerto + comentários;Pelo menos 2/3 identificam a ação principal em até 5 s.;PENDENTE 2.5D
UX-010;11. UX;P1;DIR;Elenco: conclusão sem bloqueio;Executar o fluxo principal e um caminho de volta/cancelamento.;vídeo do fluxo;Fluxo termina sem botão oculto, estado morto, perda silenciosa ou navegação circular.;PENDENTE 2.5D
UX-011;11. UX;P1;PAINEL HUMANO;Formação: compreensão imediata;"Abrir a tela sem instrução prévia e pedir a 3 usuários que indiquem a ação principal; foco em campo, troca de jogadores e compatibilidade.";taxa de acerto + comentários;Pelo menos 2/3 identificam a ação principal em até 5 s.;PENDENTE 2.5D
UX-012;11. UX;P0;DIR;Formação: conclusão sem bloqueio;Executar o fluxo principal e um caminho de volta/cancelamento.;vídeo do fluxo;Fluxo termina sem botão oculto, estado morto, perda silenciosa ou navegação circular.;PENDENTE 2.5D
UX-013;11. UX;P1;PAINEL HUMANO;Táticas: compreensão imediata;"Abrir a tela sem instrução prévia e pedir a 3 usuários que indiquem a ação principal; foco em mentalidade, estilo e instruções.";taxa de acerto + comentários;Pelo menos 2/3 identificam a ação principal em até 5 s.;PENDENTE 2.5D
UX-014;11. UX;P0;DIR;Táticas: conclusão sem bloqueio;Executar o fluxo principal e um caminho de volta/cancelamento.;vídeo do fluxo;Fluxo termina sem botão oculto, estado morto, perda silenciosa ou navegação circular.;PENDENTE 2.5D
UX-015;11. UX;P1;PAINEL HUMANO;Adversário: compreensão imediata;"Abrir a tela sem instrução prévia e pedir a 3 usuários que indiquem a ação principal; foco em leitura de formação, força e ameaças.";taxa de acerto + comentários;Pelo menos 2/3 identificam a ação principal em até 5 s.;PENDENTE 2.5D
UX-016;11. UX;P1;DIR;Adversário: conclusão sem bloqueio;Executar o fluxo principal e um caminho de volta/cancelamento.;vídeo do fluxo;Fluxo termina sem botão oculto, estado morto, perda silenciosa ou navegação circular.;PENDENTE 2.5D
UX-017;11. UX;P1;PAINEL HUMANO;Pré-jogo: compreensão imediata;"Abrir a tela sem instrução prévia e pedir a 3 usuários que indiquem a ação principal; foco em resumo e início da partida.";taxa de acerto + comentários;Pelo menos 2/3 identificam a ação principal em até 5 s.;PENDENTE 2.5D
UX-018;11. UX;P0;DIR;Pré-jogo: conclusão sem bloqueio;Executar o fluxo principal e um caminho de volta/cancelamento.;vídeo do fluxo;Fluxo termina sem botão oculto, estado morto, perda silenciosa ou navegação circular.;PENDENTE 2.5D
UX-019;11. UX;P1;PAINEL HUMANO;Intervalo: compreensão imediata;"Abrir a tela sem instrução prévia e pedir a 3 usuários que indiquem a ação principal; foco em estatísticas, ajustes e retorno.";taxa de acerto + comentários;Pelo menos 2/3 identificam a ação principal em até 5 s.;PENDENTE 2.5D
UX-020;11. UX;P1;DIR;Intervalo: conclusão sem bloqueio;Executar o fluxo principal e um caminho de volta/cancelamento.;vídeo do fluxo;Fluxo termina sem botão oculto, estado morto, perda silenciosa ou navegação circular.;PENDENTE 2.5D
UX-021;11. UX;P1;PAINEL HUMANO;Pós-jogo: compreensão imediata;"Abrir a tela sem instrução prévia e pedir a 3 usuários que indiquem a ação principal; foco em resultado, notas e eventos.";taxa de acerto + comentários;Pelo menos 2/3 identificam a ação principal em até 5 s.;PENDENTE 2.5D
UX-022;11. UX;P0;DIR;Pós-jogo: conclusão sem bloqueio;Executar o fluxo principal e um caminho de volta/cancelamento.;vídeo do fluxo;Fluxo termina sem botão oculto, estado morto, perda silenciosa ou navegação circular.;PENDENTE 2.5D
UX-023;11. UX;P1;PAINEL HUMANO;Fase de grupos: compreensão imediata;"Abrir a tela sem instrução prévia e pedir a 3 usuários que indiquem a ação principal; foco em tabela, rodada e classificação.";taxa de acerto + comentários;Pelo menos 2/3 identificam a ação principal em até 5 s.;PENDENTE 2.5D
UX-024;11. UX;P1;DIR;Fase de grupos: conclusão sem bloqueio;Executar o fluxo principal e um caminho de volta/cancelamento.;vídeo do fluxo;Fluxo termina sem botão oculto, estado morto, perda silenciosa ou navegação circular.;PENDENTE 2.5D
UX-025;11. UX;P1;PAINEL HUMANO;Chaveamento: compreensão imediata;"Abrir a tela sem instrução prévia e pedir a 3 usuários que indiquem a ação principal; foco em caminho do mata-mata e confronto atual.";taxa de acerto + comentários;Pelo menos 2/3 identificam a ação principal em até 5 s.;PENDENTE 2.5D
UX-026;11. UX;P1;DIR;Chaveamento: conclusão sem bloqueio;Executar o fluxo principal e um caminho de volta/cancelamento.;vídeo do fluxo;Fluxo termina sem botão oculto, estado morto, perda silenciosa ou navegação circular.;PENDENTE 2.5D
UX-027;11. UX;P1;PAINEL HUMANO;Configurações: compreensão imediata;"Abrir a tela sem instrução prévia e pedir a 3 usuários que indiquem a ação principal; foco em áudio, velocidade, visual e acessibilidade.";taxa de acerto + comentários;Pelo menos 2/3 identificam a ação principal em até 5 s.;PENDENTE 2.5D
UX-028;11. UX;P1;DIR;Configurações: conclusão sem bloqueio;Executar o fluxo principal e um caminho de volta/cancelamento.;vídeo do fluxo;Fluxo termina sem botão oculto, estado morto, perda silenciosa ou navegação circular.;PENDENTE 2.5D
UX-029;11. UX;P1;PAINEL HUMANO;Salvar/carregar: compreensão imediata;"Abrir a tela sem instrução prévia e pedir a 3 usuários que indiquem a ação principal; foco em lista, data, versão e confirmação.";taxa de acerto + comentários;Pelo menos 2/3 identificam a ação principal em até 5 s.;PENDENTE 2.5D
UX-030;11. UX;P0;DIR;Salvar/carregar: conclusão sem bloqueio;Executar o fluxo principal e um caminho de volta/cancelamento.;vídeo do fluxo;Fluxo termina sem botão oculto, estado morto, perda silenciosa ou navegação circular.;PENDENTE 2.5D
UX-031;11. UX;P1;PAINEL HUMANO;Ajuda/tutorial: compreensão imediata;"Abrir a tela sem instrução prévia e pedir a 3 usuários que indiquem a ação principal; foco em explicação contextual sem bloquear fluxo.";taxa de acerto + comentários;Pelo menos 2/3 identificam a ação principal em até 5 s.;PENDENTE 2.5D
UX-032;11. UX;P1;DIR;Ajuda/tutorial: conclusão sem bloqueio;Executar o fluxo principal e um caminho de volta/cancelamento.;vídeo do fluxo;Fluxo termina sem botão oculto, estado morto, perda silenciosa ou navegação circular.;PENDENTE 2.5D
UX-033;11. UX;P0;PAINEL HUMANO;Placar: leitura em um olhar;Partida em desktop e mobile.;teste de 3 s;Usuário identifica seleções, placar e tempo em até 3 s.;PENDENTE 2.5D
UX-034;11. UX;P1;DIR;Velocidade: estado visível;Alternar 1.0x, 1.8x e 3.6x.;capturas;Velocidade ativa é inequívoca e controle é fácil de alcançar.;PENDENTE 2.5D
UX-035;11. UX;P0;DIR;Pausa: estado e retomada;Pausar durante lance.;vídeo;"Estado pausado é claro; retomar exige uma ação e não gera clique acidental.";PENDENTE 2.5D
UX-036;11. UX;P1;DIR;Mentalidade: efeito compreensível;Trocar defensiva/equilibrada/ofensiva.;UI + tooltip;Usuário entende alteração sem sliders ambíguos ou duplicidade de comando.;PENDENTE 2.5D
UX-037;11. UX;P1;DIR;Tabs Tudo/Adversário/Estatísticas;Alternar durante jogo.;vídeo;Conteúdo muda sem perder contexto ou cobrir ação crítica permanentemente.;PENDENTE 2.5D
UX-038;11. UX;P0;AUTO+VIS;Eventos: ordem cronológica;Partida com gols, cartões e substituições.;lista x log;"Ordem e minuto correspondem ao motor; duplicatas ausentes.";PENDENTE 2.5D
UX-039;11. UX;P0;AUTO;Estatísticas: consistência;Comparar painel e resultado final.;snapshot antes/depois;Números iguais e rótulos claros.;PENDENTE 2.5D
UX-040;11. UX;P1;PAINEL HUMANO;Momentum: interpretação;Mudanças de domínio.;teste de compreensão;Usuários entendem tendência sem confundir com probabilidade garantida de gol.;PENDENTE 2.5D
UX-041;11. UX;P1;VIS;Destaques: não ocultar jogo;Eventos importantes aparecem.;vídeo;Overlay é breve, legível e não impede acompanhar a bola.;PENDENTE 2.5D
UX-042;11. UX;P0;DIR;Botão continuar pós-jogo;Resultado encerrado.;vídeo;Botão é visível, funciona uma vez e avança à tela correta.;PENDENTE 2.5D
UX-043;11. UX;P1;DIR;Mensagem de erro acionável;Forçar falha de save/build/dados.;captura da mensagem;Explica o que ocorreu, impacto e ação possível sem stack técnico bruto.;PENDENTE 2.5D
UX-044;11. UX;P1;DIR;Confirmação de ação destrutiva;Apagar save ou reiniciar torneio.;vídeo;Exige confirmação clara e oferece cancelar.;PENDENTE 2.5D
UX-045;11. UX;P0;DIR;Prevenção de escolha duplicada no draft;Tentar selecionar atleta já escolhido.;vídeo + estado;Ação é bloqueada antes de corromper elenco e motivo é mostrado.;PENDENTE 2.5D
UX-046;11. UX;P0;DIR;Salvaguarda 10/11 sem reroll;Chegar ao fim do draft com elenco incompleto.;vídeo;"Sistema oferece caminho válido para completar; não prende o usuário.";PENDENTE 2.5D
UX-047;11. UX;P2;DIR;Persistência de preferências;Alterar áudio, velocidade e layout.;reabertura da página;Preferências suportadas permanecem e podem ser resetadas.;PENDENTE 2.5D
UX-048;11. UX;P1;DIR;Voltar sem perder alterações;Entrar em subpainel tático e retornar.;antes/depois;"Mudanças confirmadas permanecem; não confirmadas são tratadas explicitamente.";PENDENTE 2.5D
UX-049;11. UX;P2;VIS;Estado vazio;Abrir saves/eventos sem conteúdo.;capturas;Exibe mensagem e próxima ação, não área vazia ambígua.;PENDENTE 2.5D
UX-050;11. UX;P1;VIS;Consistência visual global;Comparar todas as telas.;painel de capturas;Tipografia, espaçamento, cores e componentes seguem sistema único.;PENDENTE 2.5D
MOB-001;12. Mobile;P0;DIR;Abertura em celular real;Abrir build em Android e iOS suportados.;vídeo de carregamento;Chega ao menu sem loading infinito ou tela branca.;PENDENTE 2.5D
MOB-002;12. Mobile;P0;VIS;Retrato: tela inicial;Viewport 360x800 e 390x844.;capturas;"Conteúdo cabe sem rolagem horizontal; CTA principal visível.";PENDENTE 2.5D
MOB-003;12. Mobile;P1;VIS;Paisagem: tela inicial;Viewport 800x360 e 844x390.;capturas;Layout reorganiza sem sobreposição.;PENDENTE 2.5D
MOB-004;12. Mobile;P0;DIR;Retrato: draft;Completar uma escolha.;vídeo;"Cartas, dados e ações são tocáveis; nenhuma informação essencial cortada.";PENDENTE 2.5D
MOB-005;12. Mobile;P1;DIR;Paisagem: draft;Completar uma escolha.;vídeo;Usa largura adicional e mantém botões discretos.;PENDENTE 2.5D
MOB-006;12. Mobile;P0;DIR;Retrato: formação;Mover jogador e abrir detalhes.;vídeo;Campo e reservas utilizáveis sem zoom involuntário.;PENDENTE 2.5D
MOB-007;12. Mobile;P0;DIR;Paisagem: formação;Mover jogador e ajustar tática.;vídeo;Mais campo visível e painéis não cobrem posições.;PENDENTE 2.5D
MOB-008;12. Mobile;P0;DIR;Retrato: partida;Jogar cinco minutos.;vídeo;"Placar, campo e controles essenciais visíveis; sem corte do palco.";PENDENTE 2.5D
MOB-009;12. Mobile;P0;DIR;Paisagem: partida;Jogar cinco minutos.;vídeo;Campo maximizado e HUD compacto.;PENDENTE 2.5D
MOB-010;12. Mobile;P0;DIR;Rotação durante partida;Alternar retrato/paisagem três vezes.;vídeo + console;Recalcula layout/caches sem reiniciar ou alterar lógica.;PENDENTE 2.5D
MOB-011;12. Mobile;P1;DIR;Rotação em telas de menu;Alternar orientação no draft e formação.;vídeo;Estado e seleção preservados.;PENDENTE 2.5D
MOB-012;12. Mobile;P0;VIS;Safe area de notch;Dispositivo com recorte superior.;captura;Placar e botões respeitam safe-area-inset.;PENDENTE 2.5D
MOB-013;12. Mobile;P0;VIS;Safe area inferior;Dispositivo com barra gestual.;captura;Ações não ficam sob a barra do sistema.;PENDENTE 2.5D
MOB-014;12. Mobile;P1;A11Y;Alvos de toque;Medir botões principais.;relatório de dimensões;Alvos essenciais >=44x44 CSS px ou espaçamento equivalente.;PENDENTE 2.5D
MOB-015;12. Mobile;P0;DIR;Sem toque duplo acidental;Tocar rapidamente em continuar/substituir.;vídeo + eventos;Ação executa uma vez e desabilita durante processamento.;PENDENTE 2.5D
MOB-016;12. Mobile;P0;DIR;Arrastar jogador;Mover atleta em formação com dedo.;vídeo;Elemento acompanha dedo, possui área de soltura clara e não rola página.;PENDENTE 2.5D
MOB-017;12. Mobile;P1;DIR;Rolagem em painéis;Abrir lista longa de eventos/elenco.;vídeo;Rolagem interna funciona sem mover campo indevidamente.;PENDENTE 2.5D
MOB-018;12. Mobile;P1;DIR;Pinch-zoom involuntário;Tocar rapidamente no campo.;vídeo;"Jogo não amplia por acidente; zoom do navegador não é bloqueado onde acessibilidade exigir.";PENDENTE 2.5D
MOB-019;12. Mobile;P1;DIR;Teclado virtual;Editar nome/save quando aplicável.;vídeo;Campo permanece visível e layout retorna após fechar teclado.;PENDENTE 2.5D
MOB-020;12. Mobile;P1;DIR;Back do Android;Navegar entre telas e modal.;vídeo;Fecha modal/volta de forma previsvisível sem sair e perder estado.;PENDENTE 2.5D
MOB-021;12. Mobile;P0;DIR;Recarregamento por memória;Alternar para outro app e voltar.;vídeo;"Se página sobreviver, retoma; se recarregar, oferece recuperação segura.";PENDENTE 2.5D
MOB-022;12. Mobile;P2;DIR;Modo tela cheia;Entrar/sair quando suportado.;vídeo;Layout recalcula e controles continuam acessíveis.;PENDENTE 2.5D
MOB-023;12. Mobile;P1;DIR;Áudio sob política móvel;Iniciar jogo sem interação prévia.;console + vídeo;"Não gera erro; áudio inicia somente após gesto quando exigido.";PENDENTE 2.5D
MOB-024;12. Mobile;P1;DIR;Toque durante animação;Tocar em controles enquanto VFX ocorre.;vídeo;"Inputs essenciais respondem; ações bloqueadas indicam estado.";PENDENTE 2.5D
MOB-025;12. Mobile;P1;DIR;Painel de estatísticas móvel;Abrir/fechar repetidamente.;vídeo;Não cobre permanentemente placar/campo e possui fechamento claro.;PENDENTE 2.5D
MOB-026;12. Mobile;P0;DIR;Painel tático móvel;Alterar mentalidade e formação.;vídeo;Controles cabem e confirmação é inequívoca.;PENDENTE 2.5D
MOB-027;12. Mobile;P1;A11Y+VIS;Texto a 200% no mobile;Aumentar tamanho do sistema/navegador.;capturas;Fluxo principal permanece utilizável sem conteúdo essencial cortado.;PENDENTE 2.5D
MOB-028;12. Mobile;P2;PAINEL HUMANO;Contraste sob brilho externo;Avaliar em tela real com brilho alto.;registro de leitura;Placar, bola e ações continuam distinguíveis.;PENDENTE 2.5D
MOB-029;12. Mobile;P0;PERF;FPS móvel em 1.0x;Partida de 10 min em aparelho intermediário.;frame time;Mediana >=45 FPS e p95 frame time <=33 ms, sem travadas longas.;PENDENTE 2.5D
MOB-030;12. Mobile;P0;PERF;FPS móvel em TURBO;Partida de 5 min em 3.6x.;frame time;Mediana >=30 FPS e nenhum travamento superior a 250 ms.;PENDENTE 2.5D
MOB-031;12. Mobile;P0;PERF;Memória móvel;Jogar três partidas seguidas.;heap por partida;Crescimento líquido <=15% após coleta e retorno ao menu.;PENDENTE 2.5D
MOB-032;12. Mobile;P1;PERF;Temperatura/bateria;Jogar 20 min em aparelho real.;temperatura, bateria e throttling;Sem throttling severo que torne partida impraticável.;PENDENTE 2.5D
MOB-033;12. Mobile;P1;DIR;Conexão offline;Abrir arquivo/cache sem rede.;vídeo;"Funcionalidade autocontida disponível; falhas online opcionais não bloqueiam.";PENDENTE 2.5D
MOB-034;12. Mobile;P1;DIR;Compartilhamento/baixar HTML;Abrir por arquivo local ou GitHub Pages.;vídeos em ambos;Mesma versão e comportamento essencial.;PENDENTE 2.5D
MOB-035;12. Mobile;P0;DIR;Compatibilidade de navegadores móveis;Chrome Android e Safari iOS suportados.;matriz de execução;Todos os fluxos P0 passam nos dois motores.;PENDENTE 2.5D
A11Y-001;13. Acessibilidade;P0;A11Y;Navegação completa por teclado;Percorrer menus, draft, formação, táticas e pós-jogo.;roteiro + vídeo;Toda ação essencial alcançável sem mouse.;PENDENTE 2.5D
A11Y-002;13. Acessibilidade;P0;A11Y;Ordem de foco;Tabular cada tela.;sequência de foco;Ordem segue leitura visual e não entra em elementos ocultos.;PENDENTE 2.5D
A11Y-003;13. Acessibilidade;P0;A11Y+VIS;Indicador de foco visível;Focar botões, tabs e cards.;capturas;Foco tem contraste e não depende apenas de cor sutil.;PENDENTE 2.5D
A11Y-004;13. Acessibilidade;P1;A11Y;Escape fecha modais;Abrir configurações, ajuda e confirmações.;vídeo;Esc fecha modal e devolve foco ao acionador.;PENDENTE 2.5D
A11Y-005;13. Acessibilidade;P0;A11Y;Enter/Espaço ativam controles;Focar botões customizados.;vídeo;Comportamento equivalente ao clique.;PENDENTE 2.5D
A11Y-006;13. Acessibilidade;P0;A11Y;Rótulos acessíveis;Inspecionar controles sem texto visível.;árvore de acessibilidade;Todos possuem nome acessível único e descritivo.;PENDENTE 2.5D
A11Y-007;13. Acessibilidade;P1;A11Y;Estados acessíveis;Tabs, seleção, pausa e velocidade.;árvore AX;Estado selecionado/expandido/pressionado é exposto.;PENDENTE 2.5D
A11Y-008;13. Acessibilidade;P1;A11Y;Anúncio de placar;Gol válido e anulado.;leitor de tela;Mudança é anunciada uma vez sem interromper navegação excessivamente.;PENDENTE 2.5D
A11Y-009;13. Acessibilidade;P0;A11Y;Anúncio de erro;Forçar erro de save.;leitor de tela;Mensagem recebe foco ou live region adequada.;PENDENTE 2.5D
A11Y-010;13. Acessibilidade;P1;A11Y;Semântica de títulos;Inspecionar todas as telas.;outline de headings;Hierarquia lógica sem saltos arbitrários.;PENDENTE 2.5D
A11Y-011;13. Acessibilidade;P0;A11Y;Contraste de texto;Medir textos e botões.;relatório WCAG;Atende 4,5:1 normal e 3:1 grande, salvo exceções justificadas.;PENDENTE 2.5D
A11Y-012;13. Acessibilidade;P1;A11Y;Contraste de componentes;Foco, bordas e controles.;relatório;Atende 3:1 contra adjacências relevantes.;PENDENTE 2.5D
A11Y-013;13. Acessibilidade;P0;A11Y;Cor não é única informação;Times, status, momentum, cartões.;capturas em escala de cinza;Ícone, texto, padrão ou posição complementa a cor.;PENDENTE 2.5D
A11Y-014;13. Acessibilidade;P0;A11Y+VIS;Tamanho de texto 200%;Aplicar zoom 200%.;capturas/fluxo;Sem perda de conteúdo ou funcionalidade essencial.;PENDENTE 2.5D
A11Y-015;13. Acessibilidade;P1;A11Y+VIS;Reflow 320 CSS px;Viewport estreito com zoom.;capturas;Sem rolagem em duas dimensões no fluxo principal, exceto campo quando justificado.;PENDENTE 2.5D
A11Y-016;13. Acessibilidade;P1;A11Y+VIS;Movimento reduzido;Ativar prefers-reduced-motion.;comparação;Reduz câmera, pulso, rastro e transições não essenciais.;PENDENTE 2.5D
A11Y-017;13. Acessibilidade;P0;A11Y;Sem flashes perigosos;Executar gols, VFX e turbo.;análise de vídeo;Nenhum flash acima de limites de frequência/área.;PENDENTE 2.5D
A11Y-018;13. Acessibilidade;P2;A11Y;Alternativa textual ao momentum;Usar leitor de tela.;árvore AX;Tendência possui texto/valor acessível.;PENDENTE 2.5D
A11Y-019;13. Acessibilidade;P1;A11Y;Alternativa à informação espacial;Formação e campo.;leitor de tela/estrutura;Lista de jogadores, posição e estado disponível fora do mapa visual.;PENDENTE 2.5D
A11Y-020;13. Acessibilidade;P0;A11Y;Feedback de drag por teclado;Mover jogador sem arrastar.;vídeo;Existe alternativa de seleção e troca por teclado.;PENDENTE 2.5D
A11Y-021;13. Acessibilidade;P2;A11Y;Idioma do documento;Inspecionar HTML.;validador;lang correto e textos em português consistentes.;PENDENTE 2.5D
A11Y-022;13. Acessibilidade;P2;A11Y;Texto de links/botões;Revisar nomes acessíveis.;inventário;Evita rótulos vagos repetidos sem contexto.;PENDENTE 2.5D
A11Y-023;13. Acessibilidade;P1;A11Y;Tempo ajustável;Mensagens/overlays temporizados.;roteiro;Informação essencial não desaparece antes de ser lida ou pode ser revisitada.;PENDENTE 2.5D
A11Y-024;13. Acessibilidade;P1;A11Y;Áudio não obrigatório;Desativar som.;fluxo completo;Nenhuma informação essencial depende exclusivamente de áudio.;PENDENTE 2.5D
A11Y-025;13. Acessibilidade;P0;A11Y;Leitor de tela no fluxo principal;Completar novo jogo até pós-jogo.;gravação NVDA/VoiceOver;Fluxo P0 completável com nomes, estados e mensagens compreensíveis.;PENDENTE 2.5D
PERF-001;14. Performance;P1;PERF;Tempo até primeira tela;Carregamento frio do HTML.;Performance trace;Tela inicial interativa <=3 s em desktop de referência e <=5 s móvel intermediário.;PENDENTE 2.5D
PERF-002;14. Performance;P1;PERF;Tempo para iniciar partida;Do clique em jogar ao primeiro frame.;marcas de tempo;<=2 s desktop e <=4 s móvel, excluindo ação humana.;PENDENTE 2.5D
PERF-003;14. Performance;P0;PERF;FPS desktop 1.0x;Partida de 15 min em 1920x1080.;frame time;Mediana >=58 FPS e p95 <=20 ms.;PENDENTE 2.5D
PERF-004;14. Performance;P1;PERF;FPS desktop 1.8x;Partida de 10 min.;frame time;Mediana >=55 FPS e p95 <=24 ms.;PENDENTE 2.5D
PERF-005;14. Performance;P0;PERF;FPS desktop 3.6x;Partida de 10 min.;frame time;"Mediana >=50 FPS e p95 <=28 ms; sem pulso/rastro acumulado.";PENDENTE 2.5D
PERF-006;14. Performance;P0;PERF;FPS mobile 1.0x;Aparelho intermediário em paisagem.;frame time;Mediana >=45 FPS e p95 <=33 ms.;PENDENTE 2.5D
PERF-007;14. Performance;P0;PERF;FPS mobile 3.6x;Aparelho intermediário.;frame time;"Mediana >=30 FPS; nenhum freeze >250 ms.";PENDENTE 2.5D
PERF-008;14. Performance;P0;PERF;Long tasks;Partida completa desktop.;trace main thread;"Nenhuma long task >200 ms; no máximo 3 acima de 50 ms por minuto.";PENDENTE 2.5D
PERF-009;14. Performance;P1;PERF;Input latency;Pausa, tabs e táticas durante jogo.;event timing;Resposta visual p95 <=100 ms.;PENDENTE 2.5D
PERF-010;14. Performance;P0;PERF;Memória por partida;Executar uma partida e voltar ao menu.;heap snapshots;Heap retorna a até 10% do baseline após GC.;PENDENTE 2.5D
PERF-011;14. Performance;P0;PERF;Memória em 20 partidas;Executar lote no mesmo navegador.;heap por partida;"Sem tendência linear; crescimento líquido <=20%.";PENDENTE 2.5D
PERF-012;14. Performance;P0;AUTO;Vazamento de listeners;Abrir/fechar partida e painéis repetidamente.;contagem de listeners;Contagem retorna ao baseline.;PENDENTE 2.5D
PERF-013;14. Performance;P0;AUTO;Vazamento de timers;Pausar, acelerar e sair.;timers ativos;Nenhum loop da partida anterior permanece.;PENDENTE 2.5D
PERF-014;14. Performance;P1;PERF;Vazamento de nós DOM;Alternar telas 50 vezes.;DOM node count;"Sem crescimento contínuo; nós órfãos removidos.";PENDENTE 2.5D
PERF-015;14. Performance;P1;PERF;Custo de nomes/labels;Ativar todos os nomes em aglomeração.;perfil de render;Anticolisão não consome >15% do frame budget.;PENDENTE 2.5D
PERF-016;14. Performance;P2;PERF;Custo de sombras;Comparar sombras on/off.;perfil comparativo;Sombras não adicionam mais de 4 ms p95 no dispositivo alvo.;PENDENTE 2.5D
PERF-017;14. Performance;P1;PERF;Custo de VFX;Sequência de gols, chutes e desarmes.;perfil;Pico permanece dentro do frame budget e objetos expiram.;PENDENTE 2.5D
PERF-018;14. Performance;P0;PERF;Custo de projeção 2.5D;Amostrar transformação por frame.;CPU profile;Projeção/câmera juntas <=25% do tempo de scripting/render do frame.;PENDENTE 2.5D
PERF-019;14. Performance;P1;PERF;Cache de projeção;Rotacionar e redimensionar 20 vezes.;heap + contagem cache;Cache é invalidado corretamente e estabiliza.;PENDENTE 2.5D
PERF-020;14. Performance;P1;PERF;Tempo de recalcular layout;Trocar retrato/paisagem.;timeline;Layout estabiliza <=250 ms sem loop de reflow.;PENDENTE 2.5D
PERF-021;14. Performance;P1;PERF;Layout thrashing;Partida com HUD e painéis.;performance trace;Nenhum ciclo recorrente de leitura/escrita forçada domina frames.;PENDENTE 2.5D
PERF-022;14. Performance;P2;AUTO;Tamanho do HTML;Medir build final.;bytes e comparação;"Crescimento é justificado; alvo <=2,5 MB salvo exceção documentada.";PENDENTE 2.5D
PERF-023;14. Performance;P1;PERF;Tempo de parsing;Carregamento frio.;trace parse/compile;JS parse+compile <=1 s desktop e <=2 s móvel alvo.;PENDENTE 2.5D
PERF-024;14. Performance;P1;PERF;Uso de CPU em pausa;Partida pausada por 60 s.;CPU média;"Uso cai para próximo do ocioso; nenhum loop pesado continua.";PENDENTE 2.5D
PERF-025;14. Performance;P0;PERF;Uso de CPU em aba oculta;Ocultar por 60 s.;CPU e timers;"Loops são reduzidos/suspensos; retorno sem avalanche de ticks.";PENDENTE 2.5D
PERF-026;14. Performance;P1;DIR+PERF;Estabilidade após suspensão;Notebook dorme e retorna.;vídeo + console;"Jogo recupera ou pausa com mensagem; sem crash.";PENDENTE 2.5D
PERF-027;14. Performance;P1;PERF;Compatibilidade sem GPU dedicada;Executar em gráficos integrados.;FPS e erros;Fluxo P0 permanece jogável dentro de meta reduzida documentada.;PENDENTE 2.5D
PERF-028;14. Performance;P1;PERF;Thermal throttling móvel;Sessão de 20 min.;FPS/temperatura no tempo;Queda de FPS <30% e sem travamento prolongado.;PENDENTE 2.5D
PERF-029;14. Performance;P2;PERF;Exportação de relatório;Gerar logs completos após lote.;tempo e tamanho;Exporta sem congelar UI por >500 ms e sem truncar dados.;PENDENTE 2.5D
PERF-030;14. Performance;P1;PERF;Performance reproduzível;Repetir benchmark três vezes.;médias e desvio;Variação das métricas principais <=10%, ou causa externa documentada.;PENDENTE 2.5D
